-- phpMyAdmin SQL Dump
-- version 4.0.4
-- http://www.phpmyadmin.net
--
-- Client: localhost
-- Généré le: Dim 11 Octobre 2015 à 17:49
-- Version du serveur: 5.6.12-log
-- Version de PHP: 5.4.12

SET SQL_MODE = "NO_AUTO_VALUE_ON_ZERO";
SET time_zone = "+00:00";


/*!40101 SET @OLD_CHARACTER_SET_CLIENT=@@CHARACTER_SET_CLIENT */;
/*!40101 SET @OLD_CHARACTER_SET_RESULTS=@@CHARACTER_SET_RESULTS */;
/*!40101 SET @OLD_COLLATION_CONNECTION=@@COLLATION_CONNECTION */;
/*!40101 SET NAMES utf8 */;

--
-- Base de données: `projet_lp`
--
CREATE DATABASE IF NOT EXISTS `projet_lp` DEFAULT CHARACTER SET latin1 COLLATE latin1_swedish_ci;
USE `projet_lp`;

-- --------------------------------------------------------

--
-- Structure de la table `association_sections`
--

CREATE TABLE IF NOT EXISTS `association_sections` (
  `no_section1` tinyint(2) NOT NULL,
  `annee_diplome` int(4) NOT NULL,
  `no_section2` tinyint(2) NOT NULL,
  PRIMARY KEY (`no_section1`,`annee_diplome`,`no_section2`)
) ENGINE=MyISAM DEFAULT CHARSET=utf8;

--
-- Contenu de la table `association_sections`
--

INSERT INTO `association_sections` (`no_section1`, `annee_diplome`, `no_section2`) VALUES
(2, 2002, 3),
(2, 2003, 3),
(2, 2004, 3);

-- --------------------------------------------------------

--
-- Structure de la table `calendrier`
--

CREATE TABLE IF NOT EXISTS `calendrier` (
  `no_section` int(1) NOT NULL DEFAULT '0',
  `annee_diplome` int(4) NOT NULL,
  `no_evt` int(2) NOT NULL DEFAULT '0',
  `date` date NOT NULL DEFAULT '0000-00-00',
  `no_ordre` int(2) NOT NULL DEFAULT '0',
  `code_parking` varchar(10) DEFAULT NULL,
  PRIMARY KEY (`no_section`,`annee_diplome`,`no_evt`,`date`)
) ENGINE=MyISAM DEFAULT CHARSET=utf8;

--
-- Contenu de la table `calendrier`
--

INSERT INTO `calendrier` (`no_section`, `annee_diplome`, `no_evt`, `date`, `no_ordre`, `code_parking`) VALUES
(4, 2010, 9, '2010-09-15', 2, ''),
(5, 2010, 10, '2010-09-13', 1, '1402A'),
(2, 2010, 12, '2010-09-10', 2, ''),
(2, 2010, 7, '2010-08-28', 1, ''),
(1, 2010, 12, '2010-06-15', 3, ''),
(2, 2010, 10, '2010-09-10', 1, '8925A'),
(2, 2010, 10, '2010-09-09', 1, '8925A'),
(2, 2010, 10, '2010-09-08', 1, '8925A'),
(2, 2010, 9, '2010-09-07', 2, ''),
(2, 2010, 8, '2010-09-07', 1, ''),
(2, 2010, 12, '2010-09-17', 3, ''),
(2, 2010, 9, '2010-09-06', 2, ''),
(2, 2010, 8, '2010-09-06', 1, ''),
(4, 2010, 8, '2010-09-15', 1, ''),
(4, 2010, 5, '2010-05-17', 1, ''),
(4, 2010, 5, '2010-05-18', 1, ''),
(4, 2010, 5, '2010-05-19', 1, ''),
(4, 2010, 5, '2010-05-20', 1, ''),
(2, 2010, 6, '2010-07-21', 1, ''),
(2, 2010, 5, '2010-06-30', 1, ''),
(1, 2010, 12, '2010-09-03', 2, ''),
(1, 2010, 10, '2010-09-03', 1, ''),
(1, 2010, 10, '2010-06-21', 1, '0507A'),
(1, 2010, 12, '2010-06-18', 2, ''),
(1, 2010, 10, '2010-06-18', 1, '3940A'),
(1, 2010, 5, '2010-06-17', 3, ''),
(1, 2010, 12, '2010-06-17', 2, ''),
(1, 2010, 10, '2010-06-17', 1, '3940A'),
(1, 2010, 12, '2010-06-16', 2, ''),
(1, 2010, 10, '2010-06-16', 1, '3940A'),
(1, 2010, 9, '2010-06-14', 2, ''),
(1, 2010, 12, '2010-06-14', 3, ''),
(1, 2010, 8, '2010-06-15', 1, ''),
(1, 2010, 8, '2010-06-14', 1, ''),
(1, 2009, 10, '2009-06-19', 1, ''),
(1, 2009, 10, '2009-06-18', 1, ''),
(1, 2009, 10, '2009-06-17', 1, ''),
(4, 2009, 10, '2009-09-12', 1, ''),
(2, 2002, 10, '2002-09-13', 1, ''),
(1, 2011, 10, '2011-06-23', 1, '0579A'),
(4, 2010, 12, '2010-09-17', 2, ''),
(4, 2010, 10, '2010-09-17', 1, '1402A'),
(4, 2010, 10, '2010-09-16', 1, '1402A'),
(4, 2010, 4, '2010-05-10', 1, ''),
(5, 2010, 12, '2010-09-17', 2, ''),
(5, 2010, 10, '2010-09-17', 1, '1402A'),
(5, 2010, 4, '2010-05-10', 1, ''),
(5, 2010, 10, '2010-09-16', 3, '1402A'),
(5, 2010, 10, '2010-09-15', 3, '1402A'),
(4, 2010, 10, '2010-09-15', 3, '1402A'),
(4, 2010, 10, '2010-09-13', 1, '1402A'),
(4, 2010, 10, '2010-09-14', 1, '1402A'),
(4, 2010, 6, '2010-06-16', 1, ''),
(4, 2010, 11, '2010-08-28', 1, ''),
(4, 2010, 8, '2010-09-01', 1, ''),
(4, 2010, 9, '2010-09-01', 2, ''),
(4, 2010, 12, '2010-09-01', 3, ''),
(4, 2010, 10, '2010-09-02', 1, ''),
(4, 2010, 7, '2010-09-04', 1, ''),
(2, 2002, 10, '2002-09-12', 1, ''),
(2, 2002, 10, '2002-09-11', 1, ''),
(1, 2002, 10, '2002-06-19', 1, ''),
(1, 2002, 10, '2002-06-20', 1, ''),
(1, 2002, 10, '2002-06-21', 1, ''),
(1, 2003, 10, '2003-06-18', 1, ''),
(1, 2003, 10, '2003-06-19', 1, ''),
(1, 2003, 10, '2003-06-20', 1, ''),
(1, 2003, 10, '2003-06-23', 1, ''),
(2, 2003, 10, '2003-09-10', 1, ''),
(2, 2003, 10, '2003-09-11', 1, ''),
(2, 2003, 10, '2003-09-12', 1, ''),
(1, 2004, 10, '2004-06-16', 1, ''),
(1, 2004, 10, '2004-06-17', 1, ''),
(1, 2004, 10, '2004-06-18', 1, ''),
(2, 2004, 10, '2004-09-08', 1, ''),
(2, 2004, 10, '2004-09-09', 1, ''),
(2, 2004, 10, '2004-09-10', 1, ''),
(1, 2005, 10, '2005-06-15', 1, ''),
(1, 2005, 10, '2005-06-16', 1, ''),
(1, 2005, 10, '2005-06-17', 1, ''),
(1, 2005, 10, '2005-06-29', 1, ''),
(2, 2005, 10, '2005-09-07', 1, ''),
(2, 2005, 10, '2005-09-08', 1, ''),
(2, 2005, 10, '2005-09-09', 1, ''),
(1, 2006, 10, '2006-05-20', 1, ''),
(1, 2006, 10, '2006-06-21', 1, ''),
(1, 2006, 10, '2006-06-22', 1, ''),
(1, 2006, 10, '2006-06-23', 1, ''),
(1, 2006, 10, '2006-07-10', 1, ''),
(1, 2006, 10, '2006-09-20', 1, ''),
(2, 2006, 10, '2006-09-06', 1, ''),
(2, 2006, 10, '2006-09-07', 1, ''),
(2, 2006, 10, '2006-09-08', 1, ''),
(2, 2006, 10, '2006-09-19', 1, ''),
(1, 2007, 10, '2007-06-20', 1, ''),
(1, 2007, 10, '2007-06-21', 1, ''),
(1, 2007, 10, '2007-06-22', 1, ''),
(1, 2007, 10, '2007-09-07', 1, ''),
(2, 2007, 10, '2007-09-04', 1, ''),
(2, 2007, 10, '2007-09-05', 1, ''),
(2, 2007, 10, '2007-09-06', 1, ''),
(1, 2008, 10, '2008-06-18', 1, ''),
(1, 2008, 10, '2008-06-19', 1, ''),
(1, 2008, 10, '2008-06-20', 1, ''),
(1, 2008, 10, '2008-06-23', 1, ''),
(2, 2008, 10, '2008-09-03', 1, ''),
(2, 2008, 10, '2008-09-04', 1, ''),
(2, 2008, 10, '2008-09-05', 1, ''),
(2, 2008, 10, '2008-09-19', 1, ''),
(2, 2009, 10, '2009-09-01', 1, ''),
(2, 2009, 10, '2009-09-04', 1, ''),
(2, 2009, 10, '2009-09-10', 1, ''),
(2, 2009, 10, '2009-09-11', 1, ''),
(1, 2010, 9, '2010-06-15', 2, ''),
(1, 2010, 1, '2010-01-13', 1, ''),
(5, 2010, 7, '2010-09-04', 1, ''),
(5, 2010, 10, '2010-09-06', 1, '8925A'),
(1, 2010, 5, '2010-04-14', 1, ''),
(1, 2010, 6, '2010-05-05', 1, ''),
(1, 2010, 7, '2010-06-12', 1, ''),
(2, 2010, 3, '2010-06-04', 1, ''),
(2, 2010, 4, '2010-06-21', 1, ''),
(2, 2010, 5, '2010-06-28', 1, ''),
(2, 2010, 5, '2010-06-29', 1, ''),
(1, 2010, 4, '2010-04-05', 1, ''),
(1, 2010, 5, '2010-04-12', 1, ''),
(1, 2010, 5, '2010-04-13', 1, ''),
(1, 2010, 2, '2010-02-17', 1, ''),
(1, 2010, 3, '2010-03-19', 1, ''),
(5, 2010, 9, '2010-09-15', 2, ''),
(5, 2010, 8, '2010-09-01', 1, ''),
(5, 2010, 9, '2010-09-01', 2, ''),
(5, 2010, 12, '2010-09-01', 3, ''),
(5, 2010, 5, '2010-05-17', 1, ''),
(5, 2010, 5, '2010-05-18', 1, ''),
(5, 2010, 5, '2010-05-19', 1, ''),
(5, 2010, 5, '2010-05-20', 1, ''),
(5, 2010, 5, '2010-05-21', 1, ''),
(5, 2010, 6, '2010-06-16', 1, ''),
(5, 2010, 10, '2010-07-09', 1, ''),
(5, 2010, 10, '2010-07-19', 1, ''),
(5, 2010, 11, '2010-08-28', 1, ''),
(4, 2010, 5, '2010-05-21', 1, ''),
(5, 2010, 8, '2010-09-15', 1, ''),
(5, 2010, 10, '2010-09-10', 1, '8925A'),
(5, 2009, 10, '2009-09-12', 1, ''),
(1, 2011, 2, '2011-02-16', 1, ''),
(1, 2011, 3, '2011-03-25', 1, ''),
(1, 2011, 4, '2011-04-11', 1, ''),
(1, 2011, 5, '2011-04-18', 1, ''),
(1, 2011, 5, '2011-04-19', 1, ''),
(1, 2011, 12, '2011-04-19', 3, ''),
(1, 2011, 3, '2011-04-19', 4, '1234A'),
(1, 2011, 5, '2011-04-20', 1, ''),
(1, 2011, 6, '2011-05-11', 1, ''),
(1, 2011, 7, '2011-06-18', 1, ''),
(1, 2011, 8, '2011-06-20', 1, ''),
(1, 2011, 9, '2011-06-20', 2, ''),
(1, 2011, 8, '2011-06-21', 1, ''),
(4, 2011, 10, '2011-09-15', 1, '2078A'),
(4, 2011, 10, '2011-09-12', 1, ''),
(4, 2011, 9, '2011-09-01', 2, ''),
(4, 2011, 12, '2011-09-01', 3, ''),
(4, 2011, 7, '2011-09-03', 1, ''),
(4, 2011, 8, '2011-09-01', 1, ''),
(4, 2011, 11, '2011-08-27', 1, ''),
(4, 2011, 5, '2011-05-18', 1, ''),
(4, 2011, 5, '2011-05-19', 1, ''),
(4, 2011, 5, '2011-05-20', 1, ''),
(4, 2011, 6, '2011-06-15', 1, ''),
(4, 2011, 10, '2011-06-28', 1, '0000A'),
(4, 2011, 10, '2011-07-15', 1, '0000A'),
(5, 2011, 10, '2011-09-14', 3, '1402A'),
(2, 2011, 3, '2011-06-10', 5, ''),
(2, 2011, 4, '2011-06-27', 4, ''),
(2, 2011, 5, '2011-07-04', 3, ''),
(2, 2011, 5, '2011-07-05', 3, ''),
(2, 2011, 5, '2011-07-06', 3, ''),
(2, 2011, 6, '2011-07-27', 5, ''),
(5, 2011, 9, '2011-09-14', 2, ''),
(5, 2011, 8, '2011-09-14', 1, ''),
(5, 2011, 10, '2011-09-13', 1, ''),
(5, 2011, 10, '2011-09-12', 1, ''),
(5, 2011, 7, '2011-09-03', 1, ''),
(5, 2011, 12, '2011-09-01', 3, ''),
(5, 2011, 5, '2011-05-17', 1, ''),
(5, 2011, 9, '2011-09-01', 2, ''),
(5, 2011, 5, '2011-05-16', 1, ''),
(5, 2011, 11, '2011-08-27', 1, ''),
(5, 2011, 6, '2011-06-15', 1, ''),
(5, 2011, 8, '2011-09-01', 1, ''),
(5, 2011, 5, '2011-05-20', 1, ''),
(5, 2011, 5, '2011-05-19', 1, ''),
(5, 2011, 5, '2011-05-18', 1, ''),
(5, 2011, 4, '2011-05-09', 1, ''),
(4, 2011, 10, '2011-09-16', 1, '2078A'),
(4, 2011, 8, '2011-09-14', 1, ''),
(4, 2011, 10, '2011-09-13', 1, '2078A'),
(4, 2011, 5, '2011-05-17', 1, ''),
(1, 2011, 12, '2011-09-14', 2, ''),
(1, 2011, 10, '2011-09-07', 1, '6545A'),
(1, 2011, 12, '2011-09-05', 1, ''),
(1, 2011, 12, '2011-06-30', 1, ''),
(1, 2011, 10, '2011-06-24', 1, '0579A'),
(1, 2011, 12, '2011-06-23', 2, ''),
(1, 2011, 9, '2011-06-21', 2, ''),
(1, 2011, 12, '2011-06-21', 3, ''),
(4, 2011, 12, '2011-09-16', 2, ''),
(2, 2011, 7, '2011-09-03', 5, ''),
(2, 2011, 8, '2011-09-05', 1, ''),
(2, 2011, 9, '2011-09-05', 2, ''),
(2, 2011, 12, '2011-09-05', 3, ''),
(2, 2011, 10, '2011-09-05', 4, '6545A'),
(2, 2011, 10, '2011-09-07', 1, '6545A'),
(2, 2011, 10, '2011-09-08', 1, '6545A'),
(2, 2011, 12, '2011-09-09', 1, ''),
(2, 2011, 10, '2011-09-09', 2, '6545A'),
(1, 2011, 10, '2011-06-22', 1, '0579A'),
(1, 2011, 1, '2011-01-12', 1, ''),
(4, 2011, 10, '2011-09-14', 3, '2078A'),
(4, 2011, 9, '2011-09-14', 2, ''),
(4, 2011, 5, '2011-05-16', 1, ''),
(1, 2011, 12, '2011-06-22', 2, ''),
(4, 2011, 4, '2011-05-09', 1, ''),
(5, 2011, 10, '2011-09-15', 1, ''),
(5, 2011, 10, '2011-09-16', 1, '1402A'),
(5, 2011, 12, '2011-09-26', 2, ''),
(4, 2012, 8, '2012-09-13', 1, ''),
(4, 2012, 9, '2012-09-13', 2, ''),
(4, 2012, 10, '2012-09-13', 3, '1258A'),
(4, 2012, 10, '2012-09-11', 1, '1258A'),
(4, 2012, 5, '2012-05-18', 1, ''),
(4, 2012, 6, '2012-06-13', 1, ''),
(4, 2012, 10, '2012-07-10', 1, '7080A'),
(4, 2012, 12, '2012-07-10', 2, ''),
(4, 2012, 7, '2012-09-01', 1, ''),
(4, 2012, 5, '2012-05-14', 1, ''),
(1, 2012, 1, '2012-01-11', 1, ''),
(1, 2012, 2, '2012-02-15', 1, ''),
(1, 2012, 3, '2012-03-23', 1, ''),
(1, 2012, 4, '2012-04-10', 1, ''),
(1, 2012, 5, '2012-04-16', 1, ''),
(2, 2012, 8, '2012-09-03', 1, ''),
(2, 2012, 12, '2012-08-28', 1, ''),
(2, 2012, 5, '2012-07-05', 1, ''),
(2, 2012, 6, '2012-07-25', 1, ''),
(2, 2012, 10, '2012-08-28', 1, '1111'),
(2, 2012, 5, '2012-07-02', 1, ''),
(2, 2012, 5, '2012-07-04', 1, ''),
(5, 2012, 4, '2012-05-07', 1, ''),
(5, 2012, 5, '2012-05-14', 1, ''),
(5, 2012, 5, '2012-05-18', 1, ''),
(5, 2012, 6, '2012-06-13', 1, ''),
(5, 2012, 7, '2012-09-01', 1, ''),
(5, 2012, 11, '2012-09-01', 2, ''),
(5, 2012, 8, '2012-09-03', 1, ''),
(5, 2012, 9, '2012-09-03', 2, ''),
(5, 2012, 12, '2012-09-03', 3, ''),
(5, 2012, 10, '2012-09-10', 1, ''),
(5, 2012, 8, '2012-09-13', 1, ''),
(5, 2012, 9, '2012-09-13', 2, ''),
(5, 2012, 10, '2012-09-13', 3, '2078A'),
(5, 2012, 10, '2012-09-15', 1, '2078A'),
(5, 2012, 12, '2012-09-15', 2, ''),
(1, 2012, 8, '2012-06-18', 1, ''),
(1, 2012, 12, '2012-06-18', 2, ''),
(1, 2012, 8, '2012-06-19', 2, ''),
(1, 2012, 10, '2012-06-20', 1, '6587A'),
(1, 2012, 10, '2012-06-21', 2, '6587A'),
(1, 2012, 10, '2012-06-22', 3, '6587A'),
(1, 2012, 12, '2013-06-30', 1, ''),
(1, 2012, 10, '2012-08-28', 1, ''),
(1, 2012, 5, '2012-04-18', 1, ''),
(1, 2012, 5, '2012-04-23', 1, ''),
(1, 2012, 5, '2012-04-25', 1, ''),
(1, 2012, 6, '2012-05-09', 1, ''),
(1, 2012, 7, '2012-06-16', 1, ''),
(4, 2012, 9, '2012-09-03', 2, ''),
(2, 2012, 10, '2012-09-06', 1, '6898A'),
(2, 2012, 10, '2012-09-05', 1, '6898A'),
(2, 2012, 8, '2012-09-04', 1, ''),
(2, 2012, 12, '2012-09-03', 2, ''),
(4, 2012, 10, '2012-09-12', 1, '1258A'),
(4, 2012, 12, '2012-09-03', 3, ''),
(4, 2012, 10, '2012-09-10', 1, '1258A'),
(2, 2012, 7, '2012-09-01', 1, ''),
(2, 2012, 12, '2012-08-31', 1, ''),
(2, 2012, 4, '2012-06-25', 1, ''),
(2, 2012, 12, '2012-09-06', 2, ''),
(1, 2012, 10, '2012-09-05', 1, ''),
(1, 2012, 10, '2012-09-06', 1, ''),
(4, 2012, 8, '2012-09-03', 1, ''),
(4, 2012, 11, '2012-09-01', 2, ''),
(4, 2012, 4, '2012-05-07', 1, ''),
(4, 2012, 10, '2012-09-14', 1, '1258A'),
(4, 2012, 10, '2012-09-15', 1, '1258A'),
(4, 2012, 12, '2012-09-15', 2, ''),
(1, 2013, 12, '2013-09-23', 1, ''),
(1, 2013, 10, '2013-09-05', 1, ''),
(1, 2013, 10, '2013-09-04', 1, ''),
(1, 2013, 10, '2013-06-21', 1, '5879A'),
(1, 2013, 10, '2013-06-20', 1, '5879A'),
(2, 2013, 10, '2013-09-05', 1, 'xxxx'),
(2, 2013, 4, '2013-06-24', 1, ''),
(2, 2013, 5, '2013-07-01', 1, ''),
(2, 2013, 5, '2013-07-06', 1, ''),
(2, 2013, 6, '2013-07-24', 1, ''),
(2, 2013, 7, '2013-08-30', 1, ''),
(2, 2013, 12, '2013-09-02', 1, ''),
(2, 2013, 8, '2013-09-02', 2, ''),
(4, 2013, 9, '2013-09-13', 2, ''),
(4, 2013, 10, '2013-09-13', 3, '6584A'),
(4, 2013, 12, '2013-09-16', 1, ''),
(4, 2013, 8, '2013-09-02', 1, ''),
(4, 2013, 9, '2013-09-02', 2, ''),
(4, 2013, 12, '2013-09-02', 3, ''),
(4, 2013, 4, '2013-05-06', 1, ''),
(4, 2013, 5, '2013-06-08', 1, ''),
(4, 2013, 6, '2013-06-12', 1, ''),
(4, 2013, 10, '2013-07-10', 1, '1234A'),
(4, 2013, 12, '2013-07-10', 2, ''),
(4, 2013, 7, '2013-08-31', 1, ''),
(1, 2013, 4, '2013-04-08', 1, ''),
(1, 2013, 6, '2013-05-07', 1, ''),
(1, 2013, 5, '2013-05-31', 1, ''),
(1, 2013, 5, '2013-06-03', 1, ''),
(1, 2013, 7, '2013-06-14', 1, ''),
(1, 2013, 8, '2013-06-17', 1, ''),
(1, 2013, 9, '2013-06-17', 2, ''),
(1, 2013, 12, '2013-06-17', 3, ''),
(1, 2013, 8, '2013-06-18', 1, ''),
(1, 2013, 9, '2013-06-18', 2, ''),
(5, 2013, 10, '2013-09-11', 1, '6584A'),
(5, 2013, 10, '2013-09-12', 1, '6584A'),
(5, 2013, 8, '2013-09-13', 1, ''),
(5, 2013, 5, '2013-05-13', 1, ''),
(5, 2013, 5, '2013-05-24', 1, ''),
(5, 2013, 6, '2013-06-12', 1, ''),
(5, 2013, 7, '2013-08-31', 1, ''),
(5, 2013, 11, '2013-08-31', 2, ''),
(5, 2013, 8, '2013-09-02', 1, ''),
(5, 2013, 9, '2013-09-02', 2, ''),
(2, 2013, 3, '2013-06-07', 1, ''),
(1, 2013, 2, '2013-02-13', 1, ''),
(4, 2013, 10, '2013-09-10', 1, '6584A'),
(4, 2013, 10, '2013-09-11', 1, '6584A'),
(4, 2013, 10, '2013-09-12', 1, '6584A'),
(4, 2013, 8, '2013-09-13', 1, ''),
(5, 2013, 10, '2013-09-10', 1, '6584A'),
(5, 2013, 10, '2013-09-09', 1, '6584A'),
(5, 2013, 9, '2013-09-13', 2, ''),
(5, 2013, 12, '2013-09-02', 3, ''),
(5, 2013, 4, '2013-05-06', 1, ''),
(4, 2013, 11, '2013-08-31', 2, ''),
(1, 2013, 3, '2013-03-22', 1, ''),
(2, 2013, 8, '2013-09-03', 1, ''),
(2, 2013, 10, '2013-09-04', 1, 'xxxx'),
(5, 2013, 10, '2013-09-13', 3, '6584A'),
(4, 2013, 10, '2013-09-09', 1, '6584A'),
(4, 2013, 5, '2013-04-29', 1, ''),
(1, 2013, 10, '2013-06-19', 1, '5879A'),
(2, 2013, 12, '2013-09-20', 1, ''),
(5, 2013, 12, '2013-09-16', 1, ''),
(1, 2013, 1, '2013-01-09', 1, ''),
(1, 2013, 12, '2013-09-25', 1, ''),
(1, 2014, 9, '2014-06-17', 2, ''),
(1, 2014, 10, '2014-06-18', 1, '5589A'),
(1, 2014, 10, '2014-06-19', 1, '5589A'),
(1, 2014, 10, '2014-06-20', 1, '5589A'),
(1, 2014, 12, '2014-06-23', 1, ''),
(1, 2014, 8, '2014-06-17', 1, ''),
(1, 2014, 5, '2014-05-05', 1, ''),
(1, 2014, 5, '2014-05-06', 1, ''),
(1, 2014, 6, '2014-05-07', 1, ''),
(1, 2014, 7, '2014-06-13', 1, ''),
(1, 2014, 8, '2014-06-16', 1, ''),
(4, 2014, 10, '2014-09-12', 1, '4856A'),
(4, 2014, 9, '2014-09-01', 2, ''),
(4, 2014, 12, '2014-09-01', 3, ''),
(4, 2014, 10, '2014-09-08', 1, ''),
(4, 2014, 5, '2014-05-12', 1, ''),
(4, 2014, 5, '2014-05-30', 1, ''),
(4, 2014, 6, '2014-06-13', 1, ''),
(4, 2014, 10, '2014-07-10', 1, '1234A'),
(4, 2014, 10, '2014-08-25', 1, '1234A'),
(4, 2014, 7, '2014-08-30', 1, ''),
(4, 2014, 11, '2014-08-30', 2, ''),
(4, 2014, 8, '2014-09-01', 1, ''),
(2, 2014, 6, '2014-07-22', 1, ''),
(2, 2014, 5, '2014-07-25', 1, ''),
(2, 2014, 5, '2014-07-28', 1, ''),
(2, 2014, 4, '2014-06-23', 1, ''),
(2, 2014, 5, '2014-06-30', 1, ''),
(5, 2014, 4, '2014-05-05', 1, ''),
(5, 2014, 5, '2014-05-12', 1, ''),
(5, 2014, 5, '2014-05-14', 1, ''),
(5, 2014, 6, '2014-06-13', 1, ''),
(5, 2014, 7, '2014-08-30', 1, ''),
(5, 2014, 11, '2014-08-30', 2, ''),
(5, 2014, 8, '2014-09-01', 1, ''),
(5, 2014, 9, '2014-09-01', 2, ''),
(5, 2014, 12, '2014-09-01', 3, ''),
(5, 2014, 10, '2014-09-08', 1, ''),
(5, 2014, 10, '2014-09-09', 1, ''),
(5, 2014, 10, '2014-09-10', 1, ''),
(5, 2014, 10, '2014-09-11', 1, ''),
(5, 2014, 8, '2014-09-11', 2, ''),
(5, 2014, 9, '2014-09-11', 3, ''),
(5, 2014, 10, '2014-09-12', 1, ''),
(5, 2014, 12, '2014-09-16', 1, ''),
(4, 2014, 10, '2014-09-11', 1, '4856A'),
(4, 2014, 10, '2014-09-10', 1, '4856A'),
(1, 2014, 5, '2014-07-25', 1, ''),
(1, 2014, 1, '2014-01-09', 1, ''),
(1, 2014, 2, '2014-02-13', 1, ''),
(1, 2014, 3, '2014-03-21', 1, ''),
(1, 2014, 4, '2014-04-07', 1, ''),
(4, 2014, 10, '2014-09-09', 1, ''),
(2, 2014, 12, '2014-09-04', 2, ''),
(2, 2014, 9, '2014-09-02', 2, ''),
(2, 2014, 10, '2014-09-03', 1, '6553A'),
(2, 2014, 10, '2014-09-04', 1, '6553A'),
(2, 2014, 7, '2014-08-29', 1, ''),
(2, 2014, 8, '2014-09-01', 1, ''),
(2, 2014, 9, '2014-09-01', 2, ''),
(2, 2014, 12, '2014-09-01', 3, ''),
(2, 2014, 8, '2014-09-02', 1, ''),
(4, 2014, 8, '2014-09-11', 2, ''),
(1, 2014, 5, '2014-07-28', 1, ''),
(1, 2014, 12, '2014-06-16', 3, ''),
(1, 2014, 9, '2014-06-16', 2, ''),
(2, 2014, 5, '2014-07-09', 1, ''),
(2, 2014, 5, '2014-07-03', 1, ''),
(2, 2014, 3, '2014-06-06', 1, ''),
(4, 2014, 9, '2014-09-11', 3, ''),
(1, 2015, 10, '2015-06-18', 1, '9989A'),
(1, 2015, 10, '2015-06-17', 1, '9989A'),
(1, 2015, 9, '2015-06-16', 2, '9989A'),
(1, 2015, 8, '2015-06-16', 1, '9989A'),
(1, 2015, 2, '2015-08-12', 1, ''),
(1, 2015, 3, '2015-03-20', 1, ''),
(1, 2015, 4, '2015-04-07', 1, ''),
(1, 2015, 5, '2015-04-23', 1, ''),
(1, 2015, 5, '2015-04-27', 1, ''),
(1, 2015, 6, '2015-05-07', 1, ''),
(1, 2015, 10, '2015-05-15', 1, '9989A'),
(1, 2015, 10, '2015-05-18', 1, '9989A'),
(1, 2015, 5, '2015-06-04', 1, ''),
(1, 2014, 12, '2014-09-02', 1, ''),
(1, 2014, 10, '2014-09-04', 1, ''),
(1, 2014, 12, '2014-09-04', 1, ''),
(4, 2014, 12, '2014-09-20', 2, ''),
(4, 2014, 4, '2014-05-05', 1, ''),
(4, 2015, 10, '2015-09-09', 1, '6321A'),
(4, 2015, 8, '2015-09-09', 2, ''),
(4, 2015, 9, '2015-09-09', 3, ''),
(4, 2015, 5, '2015-05-18', 1, ''),
(4, 2015, 5, '2015-05-20', 1, ''),
(4, 2015, 6, '2015-06-13', 1, ''),
(4, 2015, 8, '2015-09-01', 1, ''),
(4, 2015, 9, '2015-09-01', 2, ''),
(4, 2015, 11, '2015-09-01', 3, ''),
(1, 2015, 10, '2015-06-15', 4, '9989A'),
(1, 2015, 12, '2015-06-15', 3, '9989A'),
(4, 2015, 7, '2015-09-04', 1, ''),
(4, 2015, 12, '2015-09-04', 2, ''),
(4, 2015, 10, '2015-09-07', 1, '6321A'),
(1, 2015, 12, '2015-06-19', 2, '9989A'),
(1, 2015, 10, '2015-06-19', 1, '9989A'),
(2, 2015, 8, '2015-08-31', 1, '6132A'),
(2, 2015, 12, '2015-08-31', 3, '6132A'),
(2, 2015, 10, '2015-08-31', 4, '6132A'),
(2, 2015, 8, '2015-09-01', 1, '6132A'),
(2, 2015, 9, '2015-09-01', 2, '6132A'),
(2, 2015, 10, '2015-09-01', 3, '6132A'),
(2, 2015, 10, '2015-09-02', 1, '6132A'),
(1, 2015, 7, '2015-06-12', 1, ''),
(1, 2015, 8, '2015-06-15', 1, '9989A'),
(1, 2015, 9, '2015-06-15', 2, '9989A'),
(1, 2015, 5, '2015-06-08', 1, ''),
(1, 2015, 1, '2015-01-08', 1, ''),
(1, 2015, 10, '2015-09-02', 1, ''),
(1, 2015, 10, '2015-09-03', 1, ''),
(2, 2015, 9, '2015-08-31', 2, '6132A'),
(2, 2015, 5, '2015-06-29', 1, ''),
(2, 2015, 7, '2015-08-28', 1, ''),
(2, 2015, 6, '2015-07-22', 1, ''),
(2, 2015, 5, '2015-07-01', 1, ''),
(2, 2015, 4, '2015-06-22', 1, ''),
(2, 2015, 10, '2015-09-03', 1, '6132A'),
(2, 2015, 12, '2015-09-03', 2, '6132A'),
(4, 2015, 10, '2015-09-10', 1, '6321A'),
(4, 2015, 10, '2015-09-08', 1, '6321A'),
(4, 2015, 4, '2015-05-11', 1, ''),
(4, 2015, 10, '2015-09-11', 1, '6321A'),
(4, 2015, 12, '2015-09-11', 2, '');

-- --------------------------------------------------------

--
-- Structure de la table `encadrant`
--

CREATE TABLE IF NOT EXISTS `encadrant` (
  `no_enc` int(2) NOT NULL AUTO_INCREMENT,
  `nomenc` char(64) NOT NULL DEFAULT '',
  `prenomenc` char(64) NOT NULL DEFAULT '',
  `emailenc` char(64) DEFAULT NULL,
  `expcom` int(1) DEFAULT '0',
  `inactif` smallint(1) NOT NULL DEFAULT '0',
  `encadrement` tinyint(1) NOT NULL,
  PRIMARY KEY (`no_enc`)
) ENGINE=MyISAM  DEFAULT CHARSET=utf8 AUTO_INCREMENT=42 ;

--
-- Contenu de la table `encadrant`
--

INSERT INTO `encadrant` (`no_enc`, `nomenc`, `prenomenc`, `emailenc`, `expcom`, `inactif`, `encadrement`) VALUES
(1, 'GRANDMOUGIN', 'Michel', 'michel.grandmougin@univ-metz.fr', 0, 1, 1),
(2, 'ZAKARI', 'Abdou', 'zakari@univ-metz.fr', 0, 0, 1),
(4, 'HABBAS', 'Zineb', 'zineb.habbas@univ-metz.fr', 0, 0, 1),
(6, 'HEULLUY', 'Bernard', 'bernard.heulluy@univ-metz.fr', 0, 1, 0),
(5, 'MARCHETTI', 'Franck', 'franck.marchetti@univ-metz.fr', 0, 0, 1),
(3, 'ZIDNA', 'Ahmed', 'ahmed.zidna@univ-metz.fr', 0, 0, 1),
(12, 'AILLERIE', 'Michel', 'aillerie@metz.supelec.fr', 0, 0, 1),
(10, 'INTRATOR', 'Danièle', 'daniele.intrator@univ-metz.fr', 1, 1, 0),
(8, 'LAROCHE', 'Pierre', 'pierre.laroche@univ-metz.fr', 0, 0, 1),
(7, 'RAGUENES', 'Philippe', 'raguenes@iut.univ-metz.fr', 0, 1, 0),
(9, 'ROCHE', 'Claude', 'c57roche@aol.com', 0, 1, 0),
(11, 'ROKA', 'Zsuzsanna', 'roka@univ-metz.fr', 0, 0, 1),
(15, 'BOUGDIRA', 'Nathalie', 'nathalie.bougdira@univ-metz.fr', 0, 0, 1),
(14, 'ZERTAL', 'Lynda', 'lynda.zertal@univ-metz.fr', 0, 0, 1),
(16, 'NITSCHKE', 'Pascal', 'pascal.nitschke@univ-metz.fr', 0, 0, 1),
(39, 'MARTIN', 'Sébastien', 'sebastien.martin@univ-lorraine.fr', 0, 0, 1),
(19, 'SPENGLER', 'Anne', 'anne.spengler@univ-metz.fr', 0, 0, 1),
(20, 'CREPIN', 'Eric', 'eric.crepin@ac-nancy-metz.fr', 0, 0, 0),
(21, 'FRAUENSOHN', 'Hubert', 'hubert.frauensohn@univ-metz.fr', 0, 1, 0),
(22, 'STEINMETZ', 'Jean-Marie', '@univ-metz.fr', 0, 0, 0),
(23, 'TURQUAIS', 'Marc', 'marc.turquais@univ-metz.fr', 0, 0, 0),
(24, 'CONAN-GUEZ', 'Brieuc', 'brieuc.conan-guez@univ-metz.fr', 0, 1, 0),
(27, 'MARTIN', 'Guy', 'guy.martin@ac-nancy-metz.fr', 0, 1, 0),
(26, 'MELY', 'Patricia', 'patricia.mely@univ-metz.fr', 0, 0, 0),
(28, 'BIRTEL', 'Alain', 'alain.birtel@ac-nancy-metz.fr', 0, 1, 0),
(29, 'CHELGHOUM', 'Kamel', 'chelghou@univ-metz.fr', 0, 1, 0),
(30, 'MICHEL', 'Dominique', 'dmic@univ-metz.fr', 0, 1, 0),
(31, 'STRATULAT', 'Sorin', 'stratula@univ-metz.fr', 0, 1, 0),
(32, 'MANVIELLE', 'Thierry', 'thierry.manvielle@ac-nancy-metz.fr', 0, 1, 0),
(33, 'STITOU', 'Sophie', 'sophie.stitou@ac.nacy-metz.fr', 0, 1, 0),
(34, 'GROUTSCH', 'Chrystèle', 'chrystelle.groutsch@univ-metz.fr', 0, 0, 1),
(35, 'HOUNZANDJI', 'Hervé', 'herve.hounzandji@univ-metz.fr', 0, 0, 0),
(37, 'MARTINEZ', 'Marie-pierre', 'marie-pierre.martinez@univ-metz.fr', 0, 0, 1),
(38, 'NASS', 'Frédéric', 'nass@univ-metz.fr', 0, 0, 0),
(40, 'OULAMARA', 'Ammar', 'Ammar.Oulamara@loria.fr', 0, 0, 1),
(41, 'GINOUX', 'Nicolas', 'nicolas.ginoux@univ-lorraine.fr', 0, 0, 1);

-- --------------------------------------------------------

--
-- Structure de la table `etudiant`
--

CREATE TABLE IF NOT EXISTS `etudiant` (
  `no_etud` int(5) NOT NULL AUTO_INCREMENT,
  `nom` varchar(64) NOT NULL DEFAULT '',
  `prenom` varchar(64) NOT NULL DEFAULT '',
  `annee_diplome` int(4) DEFAULT NULL,
  `email` varchar(60) NOT NULL DEFAULT '""',
  `no_section` int(2) DEFAULT NULL,
  `enq_mot_de_passe` varchar(10) DEFAULT NULL,
  PRIMARY KEY (`no_etud`)
) ENGINE=MyISAM  DEFAULT CHARSET=utf8 AUTO_INCREMENT=1982 ;

--
-- Contenu de la table `etudiant`
--

INSERT INTO `etudiant` (`no_etud`, `nom`, `prenom`, `annee_diplome`, `email`, `no_section`, `enq_mot_de_passe`) VALUES
(1950, 'test', 'test', 2015, '"4534"', 1, '10'),
(1949, 'Lajoux', 'Clément', 2015, '""', 1, NULL),
(1948, 'Sozza', 'Marc', 2015, '"ghj"', 1, 'jhg'),
(1832, 'Riggs', 'Carolyn', 2015, 'risus.In.mi@nonummy.edu', 4, 'pellentesq'),
(1833, 'Sweeney', 'Brent', 2015, 'arcu.Aliquam.ultrices@egetdictum.edu', 1, 'lorem'),
(1834, 'Hill', 'Regina', 2015, 'id.magna.et@duiFusce.ca', 1, 'iaculis'),
(1835, 'Gonzales', 'Lee', 2015, 'Cras@tristique.co.uk', 1, 'fringilla'),
(1836, 'Peck', 'Keefe', 2015, 'lacinia.Sed@etliberoProin.ca', 1, 'egestas.'),
(1837, 'Wooten', 'Elmo', 2015, 'porttitor.eros.nec@dolorquam.net', 1, 'Sed'),
(1838, 'Reed', 'Yuli', 2015, 'erat.semper.rutrum@Aliquam.org', 1, 'Quisque'),
(1839, 'Ferguson', 'Medge', 2015, 'ipsum@dictum.org', 1, 'amet'),
(1840, 'Bonner', 'Cynthia', 2015, 'dolor.quam@Integerid.com', 1, 'non'),
(1841, 'Harvey', 'Dexter', 2015, 'magna@dictum.net', 1, 'arcu.'),
(1842, 'Woodard', 'Wayne', 2015, 'fermentum.convallis.ligula@erat.org', 1, 'nulla.'),
(1843, 'Wallace', 'Tucker', 2015, 'Aliquam@ante.org', 1, 'semper'),
(1844, 'Key', 'Willa', 2015, 'quis@nonluctussit.org', 2, 'eu'),
(1845, 'Ray', 'Kathleen', 2015, 'Proin.velit@utaliquam.net', 1, 'tempor'),
(1846, 'Finley', 'Ashton', 2015, 'odio@InfaucibusMorbi.co.uk', 1, 'imperdiet'),
(1847, 'Randall', 'Austin', 2015, 'velit.Aliquam.nisl@Aliquam.ca', 1, 'Donec'),
(1848, 'Rich', 'Chastity', 2015, 'sem@tinciduntcongue.com', 1, 'facilisis,'),
(1849, 'Clark', 'Lavinia', 2015, 'egestas@egetvariusultrices.co.uk', 1, 'euismod'),
(1850, 'Collier', 'Cailin', 2015, 'consequat.lectus.sit@Nulladignissim.net', 1, 'egestas.'),
(1851, 'Rodriquez', 'Signe', 2015, 'ligula.Aliquam.erat@estarcu.org', 2, 'nec'),
(1852, 'Manning', 'Teagan', 2015, 'Duis.volutpat@nequeet.org', 1, 'mattis'),
(1853, 'Mccormick', 'Christine', 2015, 'odio.sagittis.semper@euodioPhasellus.net', 1, 'rhoncus.'),
(1854, 'Fletcher', 'Astra', 2015, 'amet.faucibus.ut@nequeseddictum.org', 1, 'parturient'),
(1855, 'Moody', 'Yoshi', 2015, 'In.tincidunt.congue@loremDonec.com', 1, 'penatibus'),
(1856, 'Benson', 'Gillian', 2015, 'nisi@libero.net', 1, 'commodo'),
(1857, 'Hamilton', 'Audra', 2015, 'amet.orci.Ut@liberoDonecconsectetuer.net', 1, 'Phasellus'),
(1858, 'Maddox', 'Germane', 2015, 'tempor.bibendum@Donecnonjusto.org', 1, 'tempus'),
(1859, 'Key', 'Wing', 2015, 'Donec.egestas@dictummagnaUt.net', 1, 'Nullam'),
(1860, 'Fernandez', 'Levi', 2015, 'mollis@Morbimetus.com', 1, 'erat.'),
(1861, 'Hamilton', 'Wendy', 2015, 'enim.mi.tempor@scelerisquemollis.edu', 1, 'gravida'),
(1862, 'Hogan', 'Burke', 2015, 'ullamcorper.viverra@tellus.net', 1, 'elit'),
(1863, 'Schwartz', 'Gemma', 2015, 'Etiam.vestibulum.massa@Cras.com', 1, 'semper'),
(1864, 'Gallegos', 'September', 2015, 'consequat.dolor@molestie.org', 1, 'arcu.'),
(1865, 'Craft', 'Demetrius', 2015, 'lectus.quis@quamdignissim.edu', 1, 'at,'),
(1866, 'Buchanan', 'Sharon', 2015, 'lacus.Cras@cursus.ca', 1, 'facilisis,'),
(1867, 'Maxwell', 'Damon', 2015, 'sed.hendrerit@neque.ca', 1, 'ullamcorpe'),
(1868, 'Washington', 'Vincent', 2015, 'eu.odio.Phasellus@quisaccumsan.ca', 1, 'Aliquam'),
(1869, 'Barrera', 'Karleigh', 2015, 'luctus.et.ultrices@pretiumnequeMorbi.ca', 1, 'Suspendiss'),
(1870, 'Knapp', 'Garrett', 2015, 'convallis@nibhdolornonummy.com', 1, 'cubilia'),
(1871, 'Brooks', 'Kai', 2015, 'malesuada.id.erat@dignissimlacusAliquam.ca', 1, 'ipsum'),
(1872, 'Nolan', 'Levi', 2015, 'amet.diam.eu@egetvarius.com', 1, 'diam.'),
(1873, 'Lindsey', 'Aphrodite', 2015, 'Curae.Donec@auguescelerisque.ca', 1, 'scelerisqu'),
(1874, 'Gould', 'Melissa', 2015, 'tincidunt.nunc.ac@euismodindolor.com', 1, 'elit'),
(1875, 'Ellis', 'Amela', 2015, 'Integer.vitae@id.co.uk', 1, 'nunc.'),
(1876, 'Stafford', 'Amity', 2015, 'erat@cursusaenim.co.uk', 1, 'eget,'),
(1877, 'Sanchez', 'Salvador', 2015, 'Suspendisse.aliquet.molestie@dolornonummyac.net', 1, 'adipiscing'),
(1878, 'Payne', 'Kadeem', 2015, 'iaculis.enim.sit@atpede.ca', 1, 'eu'),
(1879, 'Church', 'Zenaida', 2015, 'vel@scelerisquesedsapien.com', 2, 'lacus.'),
(1880, 'Mcmahon', 'Dahlia', 2015, 'Proin@egestas.net', 1, 'Proin'),
(1881, 'Wilder', 'Portia', 2015, 'ornare@euodio.com', 1, 'risus.'),
(1882, 'Moses', 'Laith', 2015, 'iaculis.lacus.pede@urnaetarcu.ca', 1, 'neque.'),
(1883, 'Rocha', 'Hedwig', 2015, 'amet.orci.Ut@velturpis.edu', 2, 'quis,'),
(1884, 'Neal', 'Alana', 2015, 'cursus.in.hendrerit@semperpretium.ca', 1, 'penatibus'),
(1885, 'Butler', 'Emery', 2015, 'eros@egestas.edu', 1, 'vitae,'),
(1886, 'Martin', 'Shaeleigh', 2015, 'eu.odio@nonbibendumsed.org', 1, 'scelerisqu'),
(1887, 'Barnett', 'Quon', 2015, 'felis.Donec@hendrerit.co.uk', 1, 'amet'),
(1888, 'Francis', 'Cade', 2015, 'mauris@eueros.co.uk', 2, 'Ut'),
(1889, 'Allen', 'Paul', 2015, 'orci.sem.eget@nectempusmauris.co.uk', 1, 'vestibulum'),
(1890, 'Chambers', 'Xenos', 2015, 'ipsum@risusDuisa.com', 1, 'risus.'),
(1891, 'Combs', 'Shafira', 2015, 'at.nisi.Cum@sapien.com', 1, 'tempor'),
(1892, 'Ochoa', 'Xavier', 2015, 'amet.ante@dictum.com', 1, 'magnis'),
(1893, 'Santos', 'Ivory', 2015, 'nec@semutdolor.edu', 2, 'enim.'),
(1894, 'Yang', 'Ava', 2015, 'facilisi@nuncrisusvarius.org', 1, 'amet'),
(1895, 'Langley', 'Lael', 2015, 'dui.Fusce@aenim.net', 1, 'elit,'),
(1896, 'Orr', 'Blair', 2015, 'sagittis@congueelitsed.co.uk', 2, 'eget'),
(1897, 'Winters', 'Zachary', 2015, 'tortor.at.risus@rutrum.ca', 1, 'Proin'),
(1898, 'Snider', 'Graiden', 2015, 'Nulla.dignissim@dignissimmagna.net', 1, 'lorem,'),
(1899, 'Bailey', 'Elaine', 2015, 'tincidunt.vehicula.risus@nibhPhasellusnulla.ca', 2, 'feugiat.'),
(1900, 'Dean', 'Daryl', 2015, 'sit.amet@aliquet.org', 2, 'Nunc'),
(1901, 'Joyner', 'Cade', 2015, 'consectetuer.adipiscing.elit@nisl.net', 1, 'cursus'),
(1902, 'Franks', 'Wendy', 2015, 'Curabitur.consequat@Sedegetlacus.ca', 4, 'et,'),
(1903, 'Blake', 'Zahir', 2015, 'cursus.a.enim@netusetmalesuada.edu', 4, 'lectus.'),
(1904, 'Salinas', 'Teagan', 2015, 'Pellentesque.tincidunt@dolorQuisquetincidunt.org', 4, 'pellentesq'),
(1905, 'Velasquez', 'Echo', 2015, 'blandit.at.nisi@Donecestmauris.com', 4, 'mauris'),
(1906, 'Hill', 'Hayley', 2015, 'non.sollicitudin@placerateget.org', 4, 'odio'),
(1907, 'Lancaster', 'Karen', 2015, 'Nunc.commodo@accumsan.net', 4, 'eros'),
(1908, 'Ochoa', 'Cyrus', 2015, 'lobortis@massa.ca', 4, 'pede'),
(1909, 'Estes', 'Hunter', 2015, 'aliquet.odio.Etiam@miac.com', 4, 'tincidunt.'),
(1910, 'Ayala', 'Margaret', 2015, 'nulla.Donec@risusvariusorci.org', 4, 'sem.'),
(1911, 'Bauer', 'Britanni', 2015, 'fringilla@lectuspedeet.ca', 4, 'quis'),
(1912, 'Hartman', 'Zelenia', 2015, 'consectetuer.adipiscing@dictum.net', 4, 'a'),
(1913, 'Sanders', 'Forrest', 2015, 'lacinia.at.iaculis@dolortempus.org', 4, 'lorem,'),
(1914, 'Waller', 'Minerva', 2015, 'ipsum.non.arcu@turpisnon.org', 4, 'eu'),
(1915, 'Valenzuela', 'Garrison', 2015, 'magna@dictum.edu', 4, 'euismod'),
(1916, 'Wilkins', 'Patience', 2015, 'feugiat.Sed@pedeCras.ca', 4, 'Nunc'),
(1917, 'Glass', 'Carissa', 2015, 'Donec@cursuspurus.org', 4, 'lacinia'),
(1918, 'Mendez', 'Berk', 2015, 'Aenean.gravida.nunc@utipsumac.edu', 4, 'orci'),
(1919, 'Espinoza', 'Akeem', 2015, 'sit.amet@nec.net', 4, 'non,'),
(1920, 'Slater', 'Reed', 2015, 'quis@SuspendisseduiFusce.edu', 4, 'eleifend.'),
(1921, 'Fuentes', 'Ali', 2015, 'Donec.nibh.Quisque@enim.net', 4, 'Morbi'),
(1922, 'Garrison', 'Inga', 2015, 'justo.faucibus@vitaesodalesat.ca', 4, 'et'),
(1923, 'Glass', 'Kessie', 2015, 'vulputate@iaculisenim.edu', 4, 'pede,'),
(1924, 'Pitts', 'Clayton', 2015, 'Fusce@urnaet.co.uk', 4, 'in'),
(1925, 'Boone', 'Pascale', 2015, 'massa.rutrum@acfermentumvel.co.uk', 4, 'neque'),
(1926, 'Knox', 'Barclay', 2015, 'Duis.sit.amet@cubiliaCuraePhasellus.com', 4, 'rutrum,'),
(1927, 'Silva', 'Jessica', 2015, 'Nunc.ut@Sed.edu', 4, 'a,'),
(1928, 'Meyers', 'Harper', 2015, 'aptent.taciti.sociosqu@sedhendrerita.edu', 4, 'Donec'),
(1929, 'Guerrero', 'Karen', 2015, 'eget.tincidunt@vulputate.org', 4, 'hymenaeos.'),
(1930, 'Wilkins', 'Lareina', 2015, 'mauris@anuncIn.co.uk', 2, 'hendrerit'),
(1931, 'Kirk', 'Jescie', 2015, 'Duis.ac.arcu@hendreritconsectetuercursus.org', 1, 'ridiculus'),
(1937, 'Larousse', 'Marlon', 2015, '"kujhgf"', 1, 'olkjhg'),
(1972, 'SHU', 'Benjamin', 2015, '""', 1, NULL),
(1973, 'SANMARTINO', 'Nicolas', 2015, '""', 1, NULL),
(1974, 'FADILI', 'Youssef', 2015, '""', 1, NULL),
(1975, 'LAVIGNE', 'Robin', 2015, '""', 1, NULL),
(1976, 'ENCINAS', 'Cedric', 2015, '""', 1, NULL),
(1977, 'PAVUE', 'Clement', 2015, '""', 4, NULL),
(1978, 'Djemali', 'Mouaffak', 2015, '""', 4, NULL),
(1979, 'WEBER', 'Johann', 2015, '""', 4, NULL),
(1980, 'RAGUES', 'Esteban', 2015, '""', 4, NULL),
(1981, 'FREYDIGER', 'Romain', 2015, '""', 4, NULL);

-- --------------------------------------------------------

--
-- Structure de la table `evenement`
--

CREATE TABLE IF NOT EXISTS `evenement` (
  `no_evt` int(2) NOT NULL AUTO_INCREMENT,
  `lib_evt` varchar(100) NOT NULL DEFAULT '',
  `encadrant` int(1) NOT NULL DEFAULT '1',
  PRIMARY KEY (`no_evt`)
) ENGINE=MyISAM  DEFAULT CHARSET=utf8 AUTO_INCREMENT=14 ;

--
-- Contenu de la table `evenement`
--

INSERT INTO `evenement` (`no_evt`, `lib_evt`, `encadrant`) VALUES
(1, 'Remise du premier bilan de recherche de stage', 1),
(2, 'Remise du second bilan de recherche de stage', 1),
(3, 'Date limite de validation du sujet de stage', 1),
(4, 'Début du stage', 1),
(5, 'Renseignement du questionnaire de stage sur le web', 1),
(6, 'Retour du rapport intermédiaire à l''I.U.T.', 1),
(7, 'Fin du stage', 1),
(8, 'Reliure des rapports au service Reprographie de l''I.U.T.', 1),
(9, 'Remise des rapports de stage et des abstracts au secrétariat', 1),
(10, 'Soutenance de stage et présentation de l''abstract', 1),
(11, 'Envoi par e-mail des contraintes et souhaits de votre maître de stage', 0),
(12, 'Saisie de l''enquête finale', 0);

-- --------------------------------------------------------

--
-- Structure de la table `jury`
--

CREATE TABLE IF NOT EXISTS `jury` (
  `no` int(5) NOT NULL AUTO_INCREMENT,
  `no_ordre` tinyint(2) DEFAULT NULL,
  `no_pdt` tinyint(2) NOT NULL,
  `no_ens2` tinyint(2) NOT NULL,
  `no_expcom` tinyint(2) DEFAULT NULL,
  `no_salle` tinyint(2) NOT NULL,
  `date` date NOT NULL,
  PRIMARY KEY (`no`)
) ENGINE=MyISAM  DEFAULT CHARSET=utf8 AUTO_INCREMENT=590 ;

--
-- Contenu de la table `jury`
--

INSERT INTO `jury` (`no`, `no_ordre`, `no_pdt`, `no_ens2`, `no_expcom`, `no_salle`, `date`) VALUES
(1, 1, 12, 6, 10, 2, '2002-06-19'),
(2, 2, 5, 8, NULL, 1, '2002-06-19'),
(3, 3, 8, 12, 10, 2, '2002-06-19'),
(4, 4, 6, 5, NULL, 1, '2002-06-19'),
(5, 5, 3, 11, 10, 2, '2002-06-19'),
(6, 6, 12, 5, NULL, 1, '2002-06-19'),
(7, 7, 3, 2, 10, 2, '2002-06-19'),
(8, 8, 6, 8, NULL, 1, '2002-06-19'),
(9, 9, 9, 4, NULL, 2, '2002-06-20'),
(10, 10, 4, 3, NULL, 2, '2002-06-20'),
(11, 11, 2, 1, NULL, 1, '2002-06-20'),
(12, 12, 2, 7, NULL, 2, '2002-06-20'),
(13, 13, 9, 11, NULL, 1, '2002-06-20'),
(14, 14, 9, 2, NULL, 2, '2002-06-20'),
(15, 15, 4, 7, NULL, 2, '2002-06-21'),
(16, 16, 9, 8, NULL, 1, '2002-06-21'),
(17, 17, 8, 7, NULL, 2, '2002-06-21'),
(18, 18, 1, 11, NULL, 1, '2002-06-21'),
(19, 19, 6, 11, NULL, 2, '2002-06-21'),
(20, 20, 7, 1, NULL, 1, '2002-06-21'),
(21, 1, 9, 2, NULL, 2, '2002-09-11'),
(22, 2, 2, 11, 10, 2, '2002-09-11'),
(23, 3, 3, 9, NULL, 2, '2002-09-11'),
(24, 4, 12, 2, NULL, 1, '2002-09-11'),
(25, 5, 12, 3, 10, 2, '2002-09-11'),
(26, 6, 9, 8, NULL, 1, '2002-09-11'),
(27, 7, 4, 1, NULL, 2, '2002-09-12'),
(28, 8, 1, 5, NULL, 2, '2002-09-12'),
(29, 9, 5, 1, 10, 2, '2002-09-12'),
(30, 10, 5, 8, 10, 2, '2002-09-12'),
(31, 11, 7, 8, NULL, 2, '2002-09-13'),
(32, 12, 11, 7, NULL, 2, '2002-09-13'),
(33, 13, 4, 11, 10, 2, '2002-09-13'),
(34, 14, 12, 7, 10, 2, '2002-09-13'),
(35, 1, 4, 2, 10, 2, '2003-06-18'),
(36, 2, 2, 4, 10, 2, '2003-06-18'),
(37, 3, 8, 4, 10, 2, '2003-06-18'),
(38, 4, 14, 15, NULL, 2, '2003-06-19'),
(39, 5, 3, 9, NULL, 1, '2003-06-19'),
(40, 6, 3, 14, NULL, 2, '2003-06-19'),
(41, 7, 9, 15, NULL, 1, '2003-06-19'),
(42, 8, 16, 4, NULL, 2, '2003-06-19'),
(43, 9, 11, 9, NULL, 1, '2003-06-19'),
(44, 10, 14, 16, NULL, 2, '2003-06-19'),
(45, 11, 15, 3, NULL, 2, '2003-06-20'),
(46, 12, 5, 2, NULL, 1, '2003-06-20'),
(47, 13, 3, 7, NULL, 2, '2003-06-20'),
(48, 14, 6, 11, NULL, 1, '2003-06-20'),
(49, 15, 8, 7, 18, 2, '2003-06-20'),
(50, 16, 16, 5, NULL, 1, '2003-06-20'),
(51, 17, 7, 5, 18, 2, '2003-06-20'),
(52, 18, 8, 11, NULL, 1, '2003-06-20'),
(53, 19, 1, 12, 10, 1, '2003-06-23'),
(54, 20, 12, 1, 10, 1, '2003-06-23'),
(55, 21, 12, 1, 10, 1, '2003-06-23'),
(56, 1, 4, 14, NULL, 2, '2003-09-10'),
(57, 2, 8, 16, NULL, 1, '2003-09-10'),
(58, 3, 16, 4, NULL, 2, '2003-09-10'),
(59, 4, 5, 15, NULL, 2, '2003-09-11'),
(60, 5, 3, 5, NULL, 2, '2003-09-11'),
(61, 6, 9, 3, NULL, 2, '2003-09-11'),
(62, 7, 2, 9, NULL, 2, '2003-09-11'),
(63, 8, 7, 11, NULL, 2, '2003-09-12'),
(64, 9, 14, 11, NULL, 2, '2003-09-12'),
(65, 10, 15, 12, NULL, 2, '2003-09-12'),
(66, 11, 12, 1, NULL, 2, '2003-09-12'),
(67, 1, 14, 4, 10, 2, '2004-06-16'),
(68, 2, 3, 11, NULL, 1, '2004-06-16'),
(69, 3, 8, 14, 10, 2, '2004-06-16'),
(70, 4, 4, 3, NULL, 1, '2004-06-16'),
(71, 5, 1, 11, 10, 2, '2004-06-16'),
(72, 6, 8, 3, 18, 1, '2004-06-16'),
(73, 7, 15, 9, NULL, 2, '2004-06-17'),
(74, 8, 12, 2, NULL, 1, '2004-06-17'),
(75, 9, 9, 14, NULL, 2, '2004-06-17'),
(76, 10, 7, 12, NULL, 1, '2004-06-17'),
(77, 11, 12, 15, NULL, 2, '2004-06-17'),
(78, 12, 9, 7, NULL, 1, '2004-06-17'),
(79, 13, 7, 4, NULL, 2, '2004-06-17'),
(80, 14, 1, 11, NULL, 1, '2004-06-17'),
(81, 15, 9, 16, NULL, 2, '2004-06-18'),
(82, 16, 5, 1, NULL, 2, '2004-06-18'),
(83, 17, 7, 16, NULL, 1, '2004-06-18'),
(84, 18, 2, 8, NULL, 2, '2004-06-18'),
(85, 19, 16, 5, NULL, 1, '2004-06-18'),
(86, 20, 5, 2, NULL, 2, '2004-06-18'),
(87, 1, 14, 4, NULL, 2, '2004-09-08'),
(88, 2, 3, 4, NULL, 2, '2004-09-08'),
(89, 3, 2, 14, NULL, 2, '2004-09-08'),
(90, 4, 11, 2, NULL, 2, '2004-09-08'),
(91, 5, 4, 2, NULL, 2, '2004-09-09'),
(92, 6, 16, 12, NULL, 1, '2004-09-09'),
(93, 7, 8, 16, NULL, 2, '2004-09-09'),
(94, 8, 12, 7, NULL, 2, '2004-09-09'),
(95, 9, 7, 12, NULL, 2, '2004-09-09'),
(96, 10, 5, 3, NULL, 2, '2004-09-10'),
(97, 11, 15, 5, NULL, 2, '2004-09-10'),
(98, 12, 1, 11, NULL, 2, '2004-09-10'),
(99, 13, 8, 1, NULL, 2, '2004-09-10'),
(100, 1, 12, 2, 10, 5, '2005-06-15'),
(101, 2, 11, 4, NULL, 1, '2005-06-15'),
(102, 3, 2, 11, 10, 5, '2005-06-15'),
(103, 4, 8, 16, NULL, 1, '2005-06-15'),
(104, 5, 3, 11, 10, 5, '2005-06-15'),
(105, 6, 14, 11, 10, 5, '2005-06-15'),
(106, 7, 3, 15, NULL, 5, '2005-06-16'),
(107, 8, 5, 4, NULL, 1, '2005-06-16'),
(108, 9, 4, 3, NULL, 5, '2005-06-16'),
(109, 10, 1, 5, NULL, 1, '2005-06-16'),
(110, 11, 2, 19, NULL, 5, '2005-06-16'),
(111, 12, 7, 15, NULL, 1, '2005-06-16'),
(112, 13, 19, 12, NULL, 5, '2005-06-16'),
(113, 14, 14, 15, NULL, 5, '2005-06-17'),
(114, 15, 5, 16, NULL, 1, '2005-06-17'),
(115, 16, 8, 14, NULL, 5, '2005-06-17'),
(116, 17, 7, 5, NULL, 1, '2005-06-17'),
(117, 18, 12, 8, 18, 5, '2005-06-17'),
(118, 19, 16, 7, NULL, 1, '2005-06-17'),
(119, 20, 16, 1, 18, 5, '2005-06-17'),
(120, 21, 7, 19, NULL, 1, '2005-06-17'),
(121, 22, 3, 19, NULL, 5, '2005-06-29'),
(122, 1, 16, 3, NULL, 5, '2005-09-07'),
(123, 2, 19, 14, NULL, 5, '2005-09-07'),
(124, 3, 2, 7, NULL, 5, '2005-09-08'),
(125, 4, 8, 1, NULL, 5, '2005-09-08'),
(126, 5, 12, 5, NULL, 5, '2005-09-09'),
(127, 1, 8, 14, NULL, 2, '2005-09-07'),
(128, 2, 21, 12, NULL, 1, '2005-09-12'),
(129, 3, 23, 26, NULL, 1, '2005-09-13'),
(130, 4, 23, 14, NULL, 1, '2005-09-14'),
(131, 5, 22, 16, NULL, 1, '2005-09-15'),
(132, 6, 22, 24, NULL, 1, '2005-09-15'),
(133, 7, 21, 7, NULL, 1, '2005-09-16'),
(134, 1, 8, 11, NULL, 2, '2005-09-12'),
(135, 2, 8, 10, NULL, 2, '2005-09-12'),
(136, 3, 8, 1, NULL, 2, '2005-09-13'),
(137, 4, 8, 11, NULL, 2, '2005-09-15'),
(138, 5, 8, 20, NULL, 2, '2005-09-15'),
(139, 6, 8, 16, NULL, 2, '2005-09-16'),
(140, 1, 8, 15, NULL, 5, '2006-05-20'),
(141, 2, 12, 14, NULL, 5, '2006-06-21'),
(142, 3, 8, 11, NULL, 2, '2006-06-21'),
(143, 4, 14, 11, NULL, 5, '2006-06-21'),
(144, 5, 12, 8, NULL, 2, '2006-06-21'),
(145, 6, 1, 11, NULL, 5, '2006-06-21'),
(146, 7, 1, 3, NULL, 5, '2006-06-21'),
(147, 8, 1, 11, NULL, 5, '2006-06-22'),
(148, 9, 16, 15, NULL, 2, '2006-06-22'),
(149, 10, 5, 1, NULL, 5, '2006-06-22'),
(150, 11, 7, 8, NULL, 2, '2006-06-22'),
(151, 12, 15, 16, NULL, 5, '2006-06-22'),
(152, 13, 3, 7, NULL, 2, '2006-06-22'),
(153, 14, 19, 7, NULL, 2, '2006-06-22'),
(154, 15, 2, 5, NULL, 5, '2006-06-23'),
(155, 16, 14, 2, NULL, 5, '2006-06-23'),
(156, 17, 5, 19, NULL, 2, '2006-06-23'),
(157, 18, 2, 3, NULL, 5, '2006-06-23'),
(158, 19, 7, 16, NULL, 2, '2006-06-23'),
(159, 20, 19, 3, NULL, 5, '2006-06-23'),
(160, 21, 12, 14, NULL, 5, '2006-07-10'),
(161, 22, 15, 8, NULL, 5, '2006-09-20'),
(162, 1, 16, 2, NULL, 2, '2006-09-06'),
(163, 2, 8, 11, NULL, 2, '2006-09-07'),
(164, 3, 3, 1, NULL, 2, '2006-09-07'),
(165, 4, 19, 5, NULL, 2, '2006-09-07'),
(166, 5, 12, 14, NULL, 2, '2006-09-08'),
(167, 6, 5, 8, NULL, 2, '2006-09-19'),
(168, 1, 4, 28, NULL, 1, '2006-09-14'),
(169, 2, 28, 26, NULL, 1, '2006-09-14'),
(170, 3, 4, 22, NULL, 1, '2006-09-15'),
(171, 4, 27, 26, NULL, 1, '2006-09-15'),
(172, 5, 26, 24, NULL, 1, '2006-09-19'),
(173, 6, 6, 23, NULL, 1, '2006-09-20'),
(174, 1, 8, 21, NULL, 2, '2006-09-13'),
(175, 2, 20, 8, NULL, 2, '2006-09-14'),
(176, 3, 11, 22, NULL, 2, '2006-09-15'),
(177, 4, 8, 1, NULL, 2, '2006-09-19'),
(178, 5, 8, 31, NULL, 2, '2006-09-20'),
(179, 6, 8, 23, NULL, 2, '2006-09-20'),
(180, 1, 8, 31, NULL, 1, '2006-09-13'),
(181, 2, 29, 16, NULL, 1, '2006-09-13'),
(182, 3, 31, 11, NULL, 2, '2006-09-14'),
(183, 4, 29, 21, NULL, 2, '2006-09-15'),
(184, 5, 16, 21, NULL, 1, '2006-09-18'),
(185, 6, 30, 16, NULL, 1, '2006-09-20'),
(186, 1, 4, 8, NULL, 5, '2007-06-20'),
(187, 2, 16, 1, NULL, 6, '2007-06-20'),
(188, 3, 4, 1, NULL, 5, '2007-06-20'),
(189, 4, 14, 8, NULL, 5, '2007-06-20'),
(190, 5, 19, 11, NULL, 6, '2007-06-20'),
(191, 6, 14, 11, NULL, 5, '2007-06-20'),
(192, 7, 14, 15, NULL, 5, '2007-06-21'),
(193, 8, 8, 5, NULL, 6, '2007-06-21'),
(194, 9, 15, 21, NULL, 5, '2007-06-21'),
(195, 10, 5, 14, NULL, 6, '2007-06-21'),
(196, 11, 5, 15, NULL, 5, '2007-06-21'),
(197, 12, 2, 16, NULL, 6, '2007-06-21'),
(198, 13, 16, 2, NULL, 6, '2007-06-21'),
(199, 14, 12, 3, NULL, 5, '2007-06-22'),
(200, 15, 4, 21, NULL, 6, '2007-06-22'),
(201, 16, 3, 12, NULL, 5, '2007-06-22'),
(202, 17, 21, 19, NULL, 6, '2007-06-22'),
(203, 18, 12, 11, NULL, 5, '2007-06-22'),
(204, 19, 3, 19, NULL, 6, '2007-06-22'),
(205, 20, 2, 11, NULL, 6, '2007-06-22'),
(206, 21, 8, 15, NULL, 5, '2007-09-07'),
(207, 1, 12, 8, NULL, 5, '2007-09-04'),
(208, 2, 5, 16, NULL, 5, '2007-09-05'),
(209, 3, 21, 2, NULL, 5, '2007-09-05'),
(210, 4, 1, 4, NULL, 6, '2007-09-06'),
(211, 5, 19, 3, NULL, 6, '2007-09-06'),
(212, 1, 4, 21, NULL, 2, '2007-09-12'),
(213, 2, 21, 4, NULL, 2, '2007-09-12'),
(214, 3, 28, 22, NULL, 2, '2007-09-13'),
(215, 4, 4, 33, NULL, 2, '2007-09-14'),
(216, 5, 22, 27, NULL, 2, '2007-09-14'),
(217, 6, 4, 8, NULL, 2, '2007-09-15'),
(218, 7, 26, 8, NULL, 2, '2007-09-18'),
(219, 8, 26, 32, NULL, 2, '2007-09-18'),
(220, 9, 26, 21, NULL, 2, '2007-09-20'),
(221, 1, 8, 20, NULL, 1, '2007-09-12'),
(222, 2, 8, 20, NULL, 1, '2007-09-12'),
(223, 3, 8, 22, NULL, 2, '2007-09-13'),
(224, 4, 26, 22, NULL, 1, '2007-09-14'),
(225, 5, 21, 26, NULL, 1, '2007-09-14'),
(226, 6, 8, 26, NULL, 2, '2007-09-17'),
(227, 7, 8, 15, NULL, 2, '2007-09-17'),
(228, 8, 8, 11, NULL, 2, '2007-09-19'),
(229, 1, 21, 31, NULL, 3, '2007-09-14'),
(230, 2, 31, 16, NULL, 3, '2007-09-14'),
(231, 3, 16, 31, NULL, 1, '2007-09-17'),
(232, 4, 31, 6, NULL, 1, '2007-09-17'),
(233, 5, 29, 1, NULL, 1, '2007-09-18'),
(234, 6, 4, 29, NULL, 1, '2007-09-19'),
(235, 7, 8, 30, NULL, 1, '2007-09-19'),
(236, 1, 8, 21, NULL, 5, '2008-06-18'),
(237, 2, 1, 2, NULL, 6, '2008-06-18'),
(238, 3, 8, 2, NULL, 5, '2008-06-18'),
(239, 4, 21, 1, NULL, 6, '2008-06-18'),
(240, 5, 2, 4, NULL, 5, '2008-06-18'),
(241, 6, 5, 11, NULL, 6, '2008-06-18'),
(242, 7, 21, 5, NULL, 5, '2008-06-18'),
(243, 8, 15, 5, NULL, 5, '2008-06-19'),
(244, 9, 16, 15, NULL, 5, '2008-06-19'),
(245, 10, 3, 16, NULL, 5, '2008-06-19'),
(246, 11, 4, 12, NULL, 5, '2008-06-20'),
(247, 12, 3, 11, NULL, 6, '2008-06-20'),
(248, 13, 12, 34, NULL, 5, '2008-06-20'),
(249, 14, 8, 4, NULL, 6, '2008-06-20'),
(250, 15, 34, 3, NULL, 5, '2008-06-20'),
(251, 16, 15, 16, NULL, 6, '2008-06-20'),
(252, 17, 12, 1, NULL, 5, '2008-06-23'),
(253, 1, 16, 21, NULL, 5, '2008-09-03'),
(254, 2, 5, 1, NULL, 5, '2008-09-03'),
(255, 3, 12, 3, NULL, 5, '2008-09-04'),
(256, 4, 8, 21, NULL, 6, '2008-09-04'),
(257, 5, 15, 11, NULL, 5, '2008-09-05'),
(258, 6, 2, 34, NULL, 5, '2008-09-05'),
(259, 7, 1, 19, NULL, 5, '2008-09-19'),
(260, 1, 21, 27, NULL, 1, '2008-09-10'),
(261, 2, 4, 26, NULL, 1, '2008-09-11'),
(262, 3, 21, 22, NULL, 2, '2008-09-11'),
(263, 4, 35, 32, NULL, 2, '2008-09-15'),
(264, 5, 32, 33, NULL, 2, '2008-09-15'),
(265, 6, 4, 15, NULL, 2, '2008-09-16'),
(266, 7, 4, 8, NULL, 2, '2008-09-16'),
(267, 8, 21, 26, NULL, 3, '2008-09-19'),
(268, 1, 26, 21, NULL, 2, '2008-09-10'),
(269, 2, 8, 16, NULL, 2, '2008-09-10'),
(270, 3, 8, 22, NULL, 2, '2008-09-11'),
(271, 4, 26, 23, NULL, 2, '2008-09-12'),
(272, 5, 8, 16, NULL, 2, '2008-09-16'),
(273, 6, 8, 20, NULL, 2, '2008-09-17'),
(274, 7, 8, 20, NULL, 2, '2008-09-17'),
(275, 1, 4, 8, NULL, 1, '2008-09-10'),
(276, 2, 31, 29, NULL, 2, '2008-09-12'),
(277, 3, 31, 35, NULL, 1, '2008-09-12'),
(278, 4, 8, 31, NULL, 3, '2008-09-15'),
(279, 5, 29, 1, NULL, 3, '2008-09-16'),
(280, 6, 4, 26, NULL, 3, '2008-09-17'),
(281, 1, 2, 8, NULL, 5, '2009-06-17'),
(282, 2, 5, 2, NULL, 5, '2009-06-17'),
(283, 3, 2, 16, NULL, 5, '2009-06-17'),
(284, 4, 16, 2, NULL, 5, '2009-06-17'),
(285, 5, 8, 1, NULL, 5, '2009-06-18'),
(286, 6, 12, 15, NULL, 6, '2009-06-18'),
(287, 7, 15, 34, NULL, 5, '2009-06-18'),
(288, 8, 4, 12, NULL, 6, '2009-06-18'),
(289, 9, 4, 5, NULL, 5, '2009-06-18'),
(290, 10, 1, 34, NULL, 6, '2009-06-18'),
(291, 11, 8, 3, NULL, 5, '2009-06-19'),
(292, 12, 15, 12, NULL, 6, '2009-06-19'),
(293, 13, 1, 3, NULL, 5, '2009-06-19'),
(294, 14, 12, 34, NULL, 6, '2009-06-19'),
(295, 15, 3, 34, NULL, 5, '2009-06-19'),
(296, 16, 5, 4, NULL, 6, '2009-06-19'),
(297, 17, 19, 16, NULL, 5, '2009-06-19'),
(298, 19, 8, 5, NULL, 7, '2009-06-19'),
(299, 18, 4, 34, NULL, 6, '2009-06-19'),
(300, 1, 1, 4, NULL, 5, '2009-09-01'),
(301, 2, 12, 1, NULL, 5, '2009-09-04'),
(302, 3, 12, 4, NULL, 5, '2009-09-10'),
(303, 4, 16, 5, NULL, 5, '2009-09-10'),
(304, 5, 8, 15, NULL, 6, '2009-09-10'),
(305, 6, 1, 3, NULL, 6, '2009-09-11'),
(306, 1, 21, 35, NULL, 4, '2009-09-14'),
(307, 2, 21, 35, NULL, 1, '2009-09-15'),
(308, 3, 4, 8, NULL, 2, '2009-09-16'),
(309, 4, 35, 8, NULL, 2, '2009-09-16'),
(310, 5, 4, 33, NULL, 2, '2009-09-17'),
(311, 6, 23, 8, NULL, 2, '2009-09-17'),
(312, 7, 21, 4, NULL, 2, '2009-09-18'),
(313, 1, 8, 21, NULL, 1, '2009-09-11'),
(314, 2, 8, 11, NULL, 2, '2009-09-14'),
(315, 3, 8, 1, NULL, 2, '2009-09-14'),
(316, 4, 8, 16, NULL, 2, '2009-09-15'),
(317, 5, 16, 20, NULL, 2, '2009-09-15'),
(318, 6, 8, 15, NULL, 4, '2009-09-17'),
(319, 7, 11, 22, NULL, 2, '2009-09-18'),
(323, 18, 12, 8, NULL, 5, '2010-06-21'),
(324, 19, 12, 8, NULL, 5, '2010-06-21'),
(325, 3, 2, 34, NULL, 5, '2010-06-16'),
(326, 10, 34, 12, NULL, 5, '2010-06-18'),
(327, 4, 1, 2, NULL, 5, '2010-06-16'),
(328, 6, 15, 2, NULL, 5, '2010-06-17'),
(329, 12, 3, 2, NULL, 7, '2010-06-18'),
(330, 11, 4, 15, NULL, 6, '2010-06-18'),
(332, 13, 5, 15, NULL, 5, '2010-06-18'),
(333, 14, 4, 34, NULL, 6, '2010-06-18'),
(334, 7, 8, 4, NULL, 6, '2010-06-17'),
(335, 9, 8, 4, NULL, 6, '2010-06-17'),
(336, 1, 5, 11, NULL, 6, '2010-06-16'),
(337, 2, 5, 11, NULL, 6, '2010-06-16'),
(338, 16, 5, 16, NULL, 6, '2010-06-18'),
(339, 17, 8, 16, NULL, 6, '2010-06-18'),
(340, 15, 3, 11, NULL, 5, '2010-06-18'),
(341, 8, 3, 11, NULL, 7, '2010-06-17'),
(342, 5, 19, 16, NULL, 5, '2010-06-17'),
(343, 1, 8, 26, NULL, 8, '2010-07-09'),
(344, 2, 21, 26, NULL, 8, '2010-07-19'),
(345, 20, 37, 12, NULL, 5, '2010-09-03'),
(346, 21, 19, 12, NULL, 5, '2010-09-03'),
(347, 1, 8, 21, NULL, 5, '2010-09-02'),
(353, 3, 3, 34, NULL, 8, '2010-09-09'),
(352, 1, 1, 4, NULL, 8, '2010-09-08'),
(354, 4, 15, 1, NULL, 8, '2010-09-10'),
(355, 2, 3, 1, NULL, 8, '2010-09-09'),
(356, 4, 21, 26, NULL, 5, '2010-09-10'),
(357, 5, 26, 35, NULL, 5, '2010-09-13'),
(358, 6, 21, 4, NULL, 5, '2010-09-15'),
(359, 7, 4, 23, NULL, 5, '2010-09-15'),
(360, 8, 26, 4, NULL, 5, '2010-09-16'),
(361, 9, 21, 38, NULL, 5, '2010-09-17'),
(362, 10, 38, 35, NULL, 5, '2010-09-17'),
(363, 3, 21, 1, NULL, 9, '2010-09-06'),
(364, 2, 8, 11, NULL, 8, '2010-09-13'),
(365, 4, 8, 11, NULL, 8, '2010-09-15'),
(366, 5, 8, 1, NULL, 8, '2010-09-15'),
(367, 8, 8, 15, NULL, 8, '2010-09-17'),
(368, 6, 8, 23, NULL, 8, '2010-09-16'),
(369, 7, 8, 14, NULL, 8, '2010-09-16'),
(370, 3, 8, 16, NULL, 8, '2010-09-13'),
(371, 1, 8, 15, NULL, 8, '2011-04-19'),
(372, 3, 14, 4, NULL, 5, '2011-06-22'),
(373, 5, 4, 14, NULL, 5, '2011-06-22'),
(374, 6, 5, 19, NULL, 5, '2011-06-22'),
(375, 2, 15, 11, NULL, 10, '2011-06-22'),
(376, 4, 3, 11, NULL, 10, '2011-06-22'),
(377, 7, 1, 4, NULL, 5, '2011-06-23'),
(378, 8, 3, 19, NULL, 5, '2011-06-23'),
(379, 11, 34, 5, NULL, 5, '2011-06-24'),
(380, 10, 16, 15, NULL, 10, '2011-06-24'),
(381, 12, 5, 11, NULL, 10, '2011-06-24'),
(382, 13, 16, 34, NULL, 5, '2011-06-24'),
(383, 14, 2, 12, NULL, 5, '2011-06-24'),
(384, 15, 12, 1, NULL, 5, '2011-06-24'),
(385, 9, 1, 19, NULL, 5, '2011-06-23'),
(389, 2, 8, 11, NULL, 8, '2011-07-15'),
(388, 1, 8, 14, NULL, 5, '2011-06-28'),
(390, 1, 1, 34, NULL, 10, '2011-09-05'),
(391, 2, 2, 8, NULL, 10, '2011-09-07'),
(392, 3, 12, 15, NULL, 10, '2011-09-08'),
(393, 4, 4, 15, NULL, 10, '2011-09-09'),
(394, 5, 14, 16, NULL, 10, '2011-09-09'),
(396, 16, 2, 8, NULL, 10, '2011-09-07'),
(398, 6, 8, 11, NULL, 5, '2011-09-14'),
(399, 7, 8, 23, NULL, 10, '2011-09-15'),
(400, 8, 8, 23, NULL, 10, '2011-09-16'),
(401, 11, 8, 22, NULL, 11, '2011-09-16'),
(402, 3, 8, 16, NULL, 11, '2011-09-13'),
(403, 4, 26, 15, NULL, 5, '2011-09-13'),
(404, 5, 8, 1, NULL, 5, '2011-09-14'),
(405, 9, 8, 11, NULL, 10, '2011-09-16'),
(406, 10, 8, 15, NULL, 10, '2011-09-16'),
(407, 2, 1, 26, NULL, 5, '2012-06-20'),
(408, 3, 14, 1, NULL, 5, '2012-06-20'),
(409, 4, 4, 14, NULL, 5, '2012-06-20'),
(410, 5, 5, 11, NULL, 5, '2012-06-21'),
(411, 1, 12, 11, NULL, 10, '2012-06-20'),
(412, 8, 34, 5, NULL, 5, '2012-06-21'),
(413, 7, 19, 16, NULL, 10, '2012-06-21'),
(414, 9, 3, 5, NULL, 10, '2012-06-21'),
(415, 10, 2, 19, NULL, 5, '2012-06-21'),
(416, 12, 4, 3, NULL, 5, '2012-06-22'),
(417, 11, 16, 2, NULL, 10, '2012-06-22'),
(418, 14, 15, 11, NULL, 5, '2012-06-22'),
(419, 13, 14, 34, NULL, 10, '2012-06-22'),
(420, 16, 15, 11, NULL, 5, '2012-06-22'),
(421, 18, 11, 15, NULL, 5, '2012-06-22'),
(422, 15, 26, 19, NULL, 10, '2012-06-22'),
(423, 17, 1, 26, NULL, 10, '2012-06-22'),
(424, 6, 2, 34, NULL, 5, '2012-06-21'),
(425, 20, 12, 16, NULL, 5, '2012-08-28'),
(442, 22, 3, 5, NULL, 10, '2012-09-06'),
(427, 1, 8, 11, NULL, 5, '2012-07-10'),
(428, 19, 34, 12, NULL, 5, '2012-08-28'),
(429, 1, 34, 12, NULL, 5, '2012-08-28'),
(441, 7, 3, 5, NULL, 10, '2012-09-06'),
(436, 2, 14, 15, NULL, 10, '2012-09-05'),
(432, 4, 4, 16, NULL, 10, '2012-09-05'),
(439, 3, 12, 4, NULL, 10, '2012-09-05'),
(438, 5, 26, 2, NULL, 4, '2012-09-05'),
(440, 6, 3, 1, NULL, 10, '2012-09-06'),
(443, 21, 11, 1, NULL, 4, '2012-09-05'),
(447, 5, 8, 22, NULL, 4, '2012-09-12'),
(446, 4, 8, 22, NULL, 4, '2012-09-12'),
(448, 6, 8, 11, NULL, 4, '2012-09-14'),
(449, 7, 8, 39, NULL, 4, '2012-09-14'),
(450, 2, 8, 16, NULL, 4, '2012-09-10'),
(451, 3, 8, 26, NULL, 4, '2012-09-11'),
(452, 1, 16, 5, NULL, 5, '2013-06-19'),
(453, 3, 2, 12, NULL, 5, '2013-06-19'),
(454, 6, 3, 2, NULL, 5, '2013-06-19'),
(455, 7, 12, 3, NULL, 5, '2013-06-19'),
(456, 2, 4, 8, NULL, 10, '2013-06-19'),
(457, 4, 4, 11, NULL, 10, '2013-06-19'),
(458, 5, 4, 12, NULL, 10, '2013-06-19'),
(459, 10, 14, 4, NULL, 5, '2013-06-20'),
(460, 12, 4, 34, NULL, 5, '2013-06-20'),
(461, 16, 3, 14, NULL, 5, '2013-06-20'),
(462, 18, 11, 26, NULL, 5, '2013-06-20'),
(463, 9, 16, 1, NULL, 10, '2013-06-20'),
(464, 11, 3, 39, NULL, 10, '2013-06-20'),
(465, 15, 19, 11, NULL, 10, '2013-06-20'),
(466, 19, 15, 3, NULL, 4, '2013-06-20'),
(467, 20, 19, 40, NULL, 10, '2013-06-20'),
(468, 8, 5, 2, NULL, 4, '2013-06-20'),
(469, 14, 19, 2, NULL, 4, '2013-06-20'),
(470, 17, 40, 34, NULL, 4, '2013-06-20'),
(471, 21, 1, 5, NULL, 5, '2013-06-21'),
(472, 23, 34, 39, NULL, 5, '2013-06-21'),
(473, 25, 39, 15, NULL, 5, '2013-06-21'),
(474, 22, 14, 15, NULL, 10, '2013-06-21'),
(475, 24, 1, 14, NULL, 10, '2013-06-21'),
(476, 13, 1, 16, NULL, 4, '2013-06-20'),
(479, 2, 14, 2, NULL, 12, '2013-09-04'),
(480, 3, 12, 40, NULL, 12, '2013-09-04'),
(481, 1, 40, 1, NULL, 4, '2013-09-04'),
(482, 4, 16, 1, NULL, 4, '2013-09-04'),
(485, 6, 34, 5, NULL, 4, '2013-09-05'),
(484, 5, 39, 15, NULL, 10, '2013-09-05'),
(506, 1, 8, 21, NULL, 5, '2013-07-10'),
(487, 26, 16, 1, NULL, 4, '2013-09-04'),
(488, 27, 11, 37, NULL, 10, '2013-09-05'),
(489, 28, 39, 15, NULL, 10, '2013-09-05'),
(490, 2, 8, 26, NULL, 5, '2013-09-09'),
(491, 3, 8, 21, NULL, 5, '2013-09-10'),
(492, 4, 8, 21, NULL, 5, '2013-09-10'),
(493, 6, 8, 1, NULL, 5, '2013-09-11'),
(494, 5, 8, 21, NULL, 5, '2013-09-11'),
(495, 7, 8, 16, NULL, 5, '2013-09-12'),
(496, 9, 8, 22, NULL, 5, '2013-09-13'),
(497, 8, 8, 22, NULL, 5, '2013-09-13'),
(507, 1, 12, 2, NULL, 10, '2014-06-18'),
(508, 2, 4, 14, NULL, 5, '2014-06-18'),
(509, 3, 2, 12, NULL, 10, '2014-06-18'),
(510, 4, 1, 4, NULL, 5, '2014-06-18'),
(511, 5, 5, 4, NULL, 10, '2014-06-18'),
(512, 6, 14, 16, NULL, 5, '2014-06-18'),
(513, 7, 5, 12, NULL, 10, '2014-06-18'),
(514, 8, 16, 15, NULL, 5, '2014-06-19'),
(515, 9, 15, 14, NULL, 10, '2014-06-19'),
(516, 10, 34, 16, NULL, 5, '2014-06-19'),
(517, 11, 19, 1, NULL, 4, '2014-06-19'),
(518, 12, 3, 2, NULL, 10, '2014-06-19'),
(519, 13, 15, 11, NULL, 4, '2014-06-19'),
(520, 15, 8, 11, NULL, 5, '2014-06-20'),
(521, 14, 34, 3, NULL, 10, '2014-06-20'),
(522, 16, 3, 19, NULL, 5, '2014-06-20'),
(523, 17, 1, 11, NULL, 10, '2014-06-20'),
(524, 1, 1, 39, NULL, 10, '2014-09-03'),
(525, 2, 5, 4, NULL, 4, '2014-09-03'),
(526, 3, 39, 16, NULL, 10, '2014-09-03'),
(527, 4, 14, 2, NULL, 4, '2014-09-03'),
(528, 5, 39, 1, NULL, 10, '2014-09-03'),
(529, 6, 34, 12, NULL, 10, '2014-09-04'),
(530, 7, 3, 34, NULL, 10, '2014-09-04'),
(531, 9, 40, 8, NULL, 10, '2014-09-04'),
(532, 8, 15, 40, NULL, 4, '2014-09-04'),
(533, 1, 8, 21, NULL, 5, '2014-07-10'),
(534, 18, 11, 1, NULL, 8, '2014-09-04'),
(535, 19, 11, 37, NULL, 8, '2014-09-04'),
(536, 20, 40, 39, NULL, 10, '2014-09-04'),
(537, 2, 8, 21, NULL, 5, '2014-08-25'),
(538, 4, 8, 41, NULL, 5, '2014-09-10'),
(539, 5, 8, 39, NULL, 5, '2014-09-10'),
(540, 6, 8, 22, NULL, 5, '2014-09-11'),
(541, 7, 8, 22, NULL, 5, '2014-09-11'),
(542, 9, 8, 11, NULL, 5, '2014-09-12'),
(543, 10, 8, 23, NULL, 5, '2014-09-12'),
(544, 3, 8, 11, NULL, 5, '2014-09-09'),
(545, 8, 8, 16, NULL, 5, '2014-09-11'),
(565, 2, 39, 15, NULL, 5, '2015-06-15'),
(547, 4, 14, 12, NULL, 5, '2015-06-17'),
(548, 6, 40, 39, NULL, 5, '2015-06-17'),
(549, 8, 14, 40, NULL, 5, '2015-06-17'),
(550, 9, 3, 14, NULL, 5, '2015-06-17'),
(551, 3, 5, 41, NULL, 10, '2015-06-17'),
(552, 5, 12, 4, NULL, 10, '2015-06-17'),
(553, 7, 5, 12, NULL, 10, '2015-06-17'),
(554, 11, 34, 19, NULL, 5, '2015-06-18'),
(555, 13, 19, 11, NULL, 5, '2015-06-18'),
(556, 16, 15, 39, NULL, 5, '2015-06-18'),
(557, 17, 11, 19, NULL, 5, '2015-06-18'),
(558, 10, 11, 15, NULL, 10, '2015-06-18'),
(559, 12, 34, 4, NULL, 10, '2015-06-18'),
(560, 14, 4, 34, NULL, 10, '2015-06-18'),
(561, 15, 37, 11, NULL, 8, '2015-06-18'),
(562, 18, 2, 15, NULL, 5, '2015-06-19'),
(563, 19, 16, 40, NULL, 5, '2015-06-19'),
(564, 20, 2, 16, NULL, 5, '2015-06-19'),
(566, 1, 41, 11, NULL, 4, '2015-05-18'),
(567, 1, 4, 14, NULL, 10, '2015-09-02'),
(568, 2, 16, 12, NULL, 10, '2015-09-02'),
(569, 3, 5, 15, NULL, 10, '2015-09-03'),
(570, 5, 3, 34, NULL, 10, '2015-09-03'),
(571, 6, 3, 41, NULL, 10, '2015-09-03'),
(574, 4, 41, 39, NULL, 4, '2015-09-03'),
(581, 1, 8, 16, NULL, 5, '2015-09-07'),
(575, 21, 16, 12, NULL, 10, '2015-09-02'),
(576, 23, 5, 15, NULL, 10, '2015-09-03'),
(577, 25, 3, 34, NULL, 10, '2015-09-03'),
(578, 26, 3, 41, NULL, 10, '2015-09-03'),
(579, 24, 41, 39, NULL, 4, '2015-09-03'),
(580, 22, 37, 11, NULL, 8, '2015-09-03'),
(582, 5, 8, 11, NULL, 5, '2015-09-10'),
(583, 8, 8, 22, NULL, 5, '2015-09-11'),
(584, 9, 8, 22, NULL, 5, '2015-09-11'),
(585, 7, 8, 41, NULL, 5, '2015-09-10'),
(586, 3, 8, 15, NULL, 5, '2015-09-08'),
(587, 4, 8, 21, NULL, 5, '2015-09-09'),
(588, 2, 8, 1, NULL, 5, '2015-09-07'),
(589, 6, 8, 15, NULL, 5, '2015-09-10');

-- --------------------------------------------------------

--
-- Structure de la table `responsable`
--

CREATE TABLE IF NOT EXISTS `responsable` (
  `no_resp` tinyint(2) NOT NULL AUTO_INCREMENT,
  `nom_resp` varchar(30) NOT NULL,
  `prenom_resp` varchar(25) NOT NULL,
  `pass_resp` varchar(40) NOT NULL,
  `tel_resp` varchar(15) NOT NULL,
  `email_resp` varchar(40) NOT NULL,
  `bureau_resp` varchar(8) NOT NULL,
  `civilite_resp` varchar(4) NOT NULL,
  `login_resp` varchar(20) NOT NULL,
  `is_secretariat` smallint(1) NOT NULL DEFAULT '0',
  PRIMARY KEY (`no_resp`)
) ENGINE=MyISAM  DEFAULT CHARSET=utf8 AUTO_INCREMENT=6 ;

--
-- Contenu de la table `responsable`
--

INSERT INTO `responsable` (`no_resp`, `nom_resp`, `prenom_resp`, `pass_resp`, `tel_resp`, `email_resp`, `bureau_resp`, `civilite_resp`, `login_resp`, `is_secretariat`) VALUES
(1, 'LAROCHE', 'Pierre', 'xxx', '03 87 31 51 81', 'pierre.laroche@univ-lorraine.fr', 'A39', 'M.', 'dir_lpwce', 0),
(2, 'FRAUENSOHN', 'Hubert', 'xxx', '03 87 31 51 54', 'hubert.frauensohn@univ-metz.fr', 'B312', 'M.', 'dir_lpasr', 0),
(3, 'ROKA', 'Zsuzsanna', 'xxx', '03 87 31 51 82', 'roka5@univ-lorraine.fr', 'A310', 'Mme', 'dir_dut', 0),
(4, 'DUT 2A', 'Encadrants', 'xxx', '', '', '', '', 'info', 0),
(5, 'DUT AS', 'Encadrants', 'xxx', '', '', '', '', 'infoAS', 0);

-- --------------------------------------------------------

--
-- Structure de la table `salle`
--

CREATE TABLE IF NOT EXISTS `salle` (
  `no_salle` int(2) unsigned NOT NULL AUTO_INCREMENT,
  `nom_salle` varchar(64) NOT NULL DEFAULT '',
  `utilisee` int(1) NOT NULL DEFAULT '1',
  PRIMARY KEY (`no_salle`)
) ENGINE=MyISAM  DEFAULT CHARSET=utf8 AUTO_INCREMENT=13 ;

--
-- Contenu de la table `salle`
--

INSERT INTO `salle` (`no_salle`, `nom_salle`, `utilisee`) VALUES
(1, 'E39', 0),
(2, 'E29', 0),
(4, 'E23', 1),
(5, 'A321', 1),
(6, 'E33', 0),
(7, 'E34', 0),
(8, 'A29', 1),
(9, 'F33', 0),
(10, 'A112', 1),
(11, 'F23', 0),
(12, 'E36', 1);

-- --------------------------------------------------------

--
-- Structure de la table `section`
--

CREATE TABLE IF NOT EXISTS `section` (
  `no_section` int(2) NOT NULL AUTO_INCREMENT,
  `libelle_section` char(10) NOT NULL DEFAULT '',
  `libelle_section_long` varchar(120) NOT NULL,
  `bilans` int(1) NOT NULL DEFAULT '0',
  `suivi` tinyint(1) NOT NULL DEFAULT '1',
  `nb_annees` tinyint(1) NOT NULL,
  `coef` tinyint(1) NOT NULL DEFAULT '0',
  `total_coefs` int(2) NOT NULL DEFAULT '0',
  `dates_imposees` int(1) NOT NULL DEFAULT '0',
  `nb_semaines_minimum` int(2) NOT NULL DEFAULT '-1',
  `duree_soutenance` int(2) NOT NULL DEFAULT '0',
  `duree_expose` int(2) NOT NULL DEFAULT '0',
  `duree_questions` int(2) NOT NULL DEFAULT '0',
  `site_enquete` varchar(120) NOT NULL DEFAULT '',
  `repertoire_web` varchar(50) NOT NULL,
  `no_resp` tinyint(1) NOT NULL,
  `no_secretaire` int(2) NOT NULL,
  `no_consultant_questionnaire` varchar(5) NOT NULL,
  PRIMARY KEY (`no_section`)
) ENGINE=MyISAM  DEFAULT CHARSET=utf8 AUTO_INCREMENT=10 ;

--
-- Contenu de la table `section`
--

INSERT INTO `section` (`no_section`, `libelle_section`, `libelle_section_long`, `bilans`, `suivi`, `nb_annees`, `coef`, `total_coefs`, `dates_imposees`, `nb_semaines_minimum`, `duree_soutenance`, `duree_expose`, `duree_questions`, `site_enquete`, `repertoire_web`, `no_resp`, `no_secretaire`, `no_consultant_questionnaire`) VALUES
(1, '2A', 'DUT Informatique 2ème année', 1, 1, 2, 9, 30, 1, 10, 40, 20, 10, 'http://dptinfo.iut.univ-metz.fr/stages_consignes/enquete.php', 'DptInfo/stages_consignes/', 3, 0, '4'),
(2, 'AS', 'DUT Informatique Année Spéciale', 0, 1, 1, 8, 30, 1, 10, 40, 20, 10, 'http://dptinfo.iut.univ-metz.fr/stages_consignes/enquete.php', 'DptInfo/stages_consignes/', 3, 0, '5'),
(3, 'AETP', 'DUT Informatique AETP', 0, 1, 1, 8, 30, 1, 10, 40, 20, 10, 'http://www.iut.univ-metz.fr/~laroche/stages/enquete.php', 'public_html/stage', 1, 0, '0'),
(5, 'LP SIL ASR', 'Licence Professionnelle Systèmes Informatiques et Logiciels Spécialité Métiers de l''Administration Système et Réseaux', 0, 0, 1, 12, 60, 0, 14, 60, 30, 20, 'http://lpsil.iut.univ-metz.fr/asr/stages/enquete.php', '/home/lpsil/laroche/LPSIL/asr/stages', 2, 0, '2'),
(4, 'LP SIL WCE', 'Licence Professionnelle Systèmes Informatiques et Logiciels Spécialité Métiers du Web et du Commerce Electronique', 0, 0, 1, 12, 60, 0, 14, 60, 30, 20, 'http://lpsil.iut.univ-metz.fr/wce/stages/enquete.php', '/home/lpsil/laroche/LPSIL/wce/stages', 1, 0, '1'),
(7, 'LP SIL GL', 'Licence Professionnelle Systèmes Informatiques et Logiciels Spécialité Métiers du Génie Logiciel', 0, 0, 1, 2, 10, 0, 14, 60, 30, 20, 'http://lpsil.iut.univ-metz.fr/stages/enquete.php', '/web/httpd/LPSIL/stages', 1, 0, '0');

-- --------------------------------------------------------

--
-- Structure de la table `soutenance`
--

CREATE TABLE IF NOT EXISTS `soutenance` (
  `no_sout` int(5) NOT NULL AUTO_INCREMENT,
  `no_jury` int(5) NOT NULL,
  `no_etud` int(5) NOT NULL,
  `heure` time NOT NULL,
  PRIMARY KEY (`no_sout`)
) ENGINE=MyISAM  DEFAULT CHARSET=utf8 AUTO_INCREMENT=10256 ;

--
-- Contenu de la table `soutenance`
--

INSERT INTO `soutenance` (`no_sout`, `no_jury`, `no_etud`, `heure`) VALUES
(1, 1, 29, '08:00:00'),
(2, 1, 4, '08:40:00'),
(3, 1, 46, '09:20:00'),
(4, 2, 28, '08:00:00'),
(5, 2, 57, '08:40:00'),
(6, 2, 22, '09:20:00'),
(7, 3, 43, '10:20:00'),
(8, 3, 44, '11:00:00'),
(9, 3, 2, '11:40:00'),
(10, 4, 11, '10:20:00'),
(11, 4, 24, '11:00:00'),
(12, 4, 1, '11:40:00'),
(13, 5, 61, '14:00:00'),
(14, 5, 15, '14:40:00'),
(15, 5, 34, '15:20:00'),
(16, 6, 25, '14:00:00'),
(17, 6, 21, '14:40:00'),
(18, 6, 48, '15:20:00'),
(19, 7, 8, '16:20:00'),
(20, 7, 62, '17:00:00'),
(21, 7, 47, '17:40:00'),
(22, 8, 19, '16:20:00'),
(23, 8, 23, '17:00:00'),
(24, 8, 18, '17:40:00'),
(25, 9, 36, '08:00:00'),
(26, 9, 35, '08:40:00'),
(27, 9, 30, '09:20:00'),
(28, 10, 39, '10:20:00'),
(29, 10, 40, '11:00:00'),
(30, 10, 33, '11:40:00'),
(31, 11, 31, '10:20:00'),
(32, 11, 49, '11:00:00'),
(33, 11, 12, '11:40:00'),
(34, 12, 52, '14:00:00'),
(35, 12, 55, '14:40:00'),
(36, 12, 9, '15:20:00'),
(37, 13, 45, '14:00:00'),
(38, 13, 42, '14:40:00'),
(39, 13, 27, '15:20:00'),
(40, 14, 32, '16:20:00'),
(41, 14, 13, '17:00:00'),
(42, 14, 7, '17:40:00'),
(43, 15, 16, '08:00:00'),
(44, 15, 14, '08:40:00'),
(45, 15, 3, '09:20:00'),
(46, 16, 53, '08:00:00'),
(47, 16, 59, '08:40:00'),
(48, 16, 41, '09:20:00'),
(49, 17, 56, '10:20:00'),
(50, 17, 20, '11:00:00'),
(51, 17, 60, '11:40:00'),
(52, 18, 10, '14:00:00'),
(53, 18, 5, '14:40:00'),
(54, 18, 38, '15:20:00'),
(55, 19, 26, '16:20:00'),
(56, 19, 50, '17:00:00'),
(57, 20, 51, '16:20:00'),
(58, 20, 37, '17:00:00'),
(59, 20, 63, '17:40:00'),
(60, 21, 79, '08:00:00'),
(61, 21, 95, '08:40:00'),
(62, 21, 112, '09:20:00'),
(63, 22, 68, '10:20:00'),
(64, 22, 69, '11:00:00'),
(65, 22, 75, '11:40:00'),
(66, 23, 103, '14:00:00'),
(67, 23, 76, '14:40:00'),
(68, 23, 71, '15:20:00'),
(69, 24, 65, '14:00:00'),
(70, 24, 109, '14:40:00'),
(71, 24, 86, '15:20:00'),
(72, 25, 101, '16:20:00'),
(73, 25, 89, '17:00:00'),
(74, 25, 90, '17:40:00'),
(75, 26, 88, '16:20:00'),
(76, 26, 107, '17:00:00'),
(77, 26, 98, '17:40:00'),
(78, 27, 85, '08:00:00'),
(79, 27, 105, '08:40:00'),
(80, 27, 67, '09:20:00'),
(81, 28, 80, '10:20:00'),
(82, 28, 108, '11:00:00'),
(83, 28, 82, '11:40:00'),
(84, 29, 66, '14:00:00'),
(85, 29, 96, '14:40:00'),
(86, 29, 81, '15:20:00'),
(87, 30, 111, '16:20:00'),
(88, 30, 87, '17:00:00'),
(89, 30, 117, '17:40:00'),
(90, 30, 118, '18:20:00'),
(91, 31, 84, '08:00:00'),
(92, 31, 78, '08:40:00'),
(93, 31, 74, '09:20:00'),
(94, 32, 102, '10:20:00'),
(95, 32, 77, '11:00:00'),
(96, 32, 72, '11:40:00'),
(97, 33, 94, '14:00:00'),
(98, 33, 113, '14:40:00'),
(99, 33, 110, '15:20:00'),
(100, 34, 73, '16:20:00'),
(101, 34, 99, '17:00:00'),
(102, 34, 114, '17:40:00'),
(103, 35, 143, '08:00:00'),
(104, 35, 149, '08:40:00'),
(105, 35, 127, '09:20:00'),
(106, 36, 181, '10:20:00'),
(107, 36, 183, '11:00:00'),
(108, 36, 126, '11:40:00'),
(109, 37, 135, '14:00:00'),
(110, 37, 156, '14:40:00'),
(111, 37, 146, '15:20:00'),
(112, 38, 158, '08:00:00'),
(113, 38, 177, '08:40:00'),
(114, 38, 179, '09:20:00'),
(115, 39, 165, '08:00:00'),
(116, 39, 121, '08:40:00'),
(117, 39, 133, '09:20:00'),
(118, 40, 180, '10:20:00'),
(119, 40, 182, '11:00:00'),
(120, 40, 167, '11:40:00'),
(121, 41, 129, '10:20:00'),
(122, 41, 172, '11:00:00'),
(123, 41, 175, '11:40:00'),
(124, 42, 159, '14:00:00'),
(125, 42, 157, '14:40:00'),
(126, 42, 171, '15:20:00'),
(127, 43, 136, '14:00:00'),
(128, 43, 162, '14:40:00'),
(129, 43, 184, '15:20:00'),
(130, 44, 178, '16:20:00'),
(131, 44, 128, '17:00:00'),
(132, 44, 142, '17:40:00'),
(133, 45, 123, '08:00:00'),
(134, 45, 132, '08:40:00'),
(135, 45, 173, '09:20:00'),
(136, 46, 168, '08:00:00'),
(137, 46, 185, '08:40:00'),
(138, 46, 154, '09:20:00'),
(139, 47, 176, '10:20:00'),
(140, 47, 130, '11:00:00'),
(141, 47, 155, '11:40:00'),
(142, 48, 170, '10:20:00'),
(143, 48, 138, '11:00:00'),
(144, 48, 139, '11:40:00'),
(145, 49, 163, '14:00:00'),
(146, 49, 148, '14:40:00'),
(147, 49, 153, '15:20:00'),
(148, 50, 125, '14:00:00'),
(149, 50, 131, '14:40:00'),
(150, 50, 152, '15:20:00'),
(151, 51, 150, '16:20:00'),
(152, 51, 140, '17:00:00'),
(153, 51, 161, '17:40:00'),
(154, 52, 145, '16:20:00'),
(155, 52, 166, '17:00:00'),
(156, 52, 147, '17:40:00'),
(157, 52, 137, '18:20:00'),
(158, 53, 151, '08:00:00'),
(159, 53, 164, '08:40:00'),
(160, 53, 134, '09:20:00'),
(161, 54, 122, '10:20:00'),
(162, 54, 120, '11:00:00'),
(163, 54, 169, '11:40:00'),
(164, 55, 144, '15:40:00'),
(165, 55, 174, '16:20:00'),
(166, 55, 141, '17:00:00'),
(167, 55, 124, '17:40:00'),
(168, 56, 207, '08:00:00'),
(169, 56, 196, '08:40:00'),
(170, 56, 213, '09:20:00'),
(171, 57, 191, '08:40:00'),
(172, 57, 211, '09:20:00'),
(173, 58, 215, '10:20:00'),
(174, 58, 198, '11:00:00'),
(175, 58, 220, '11:40:00'),
(176, 59, 195, '08:40:00'),
(177, 59, 210, '09:20:00'),
(178, 60, 214, '10:20:00'),
(179, 60, 217, '11:00:00'),
(180, 60, 204, '11:40:00'),
(181, 61, 206, '14:00:00'),
(182, 61, 209, '14:40:00'),
(183, 61, 197, '15:20:00'),
(184, 62, 208, '16:20:00'),
(185, 62, 186, '17:00:00'),
(186, 62, 190, '17:40:00'),
(187, 63, 202, '08:00:00'),
(188, 63, 212, '08:40:00'),
(189, 63, 194, '09:20:00'),
(190, 64, 201, '10:20:00'),
(191, 64, 193, '11:00:00'),
(192, 64, 199, '11:40:00'),
(193, 65, 189, '14:00:00'),
(194, 65, 216, '14:40:00'),
(195, 65, 221, '15:20:00'),
(196, 66, 203, '16:20:00'),
(197, 66, 219, '17:00:00'),
(198, 66, 200, '17:40:00'),
(199, 66, 218, '18:20:00'),
(200, 67, 278, '08:00:00'),
(201, 67, 229, '08:40:00'),
(202, 67, 273, '09:20:00'),
(203, 68, 237, '08:00:00'),
(204, 68, 267, '08:40:00'),
(205, 68, 284, '09:20:00'),
(206, 69, 250, '10:20:00'),
(207, 69, 254, '11:00:00'),
(208, 69, 246, '11:40:00'),
(209, 70, 240, '10:20:00'),
(210, 70, 269, '11:00:00'),
(211, 70, 264, '11:40:00'),
(212, 71, 266, '14:00:00'),
(213, 71, 253, '14:40:00'),
(214, 71, 257, '15:20:00'),
(215, 72, 247, '14:00:00'),
(216, 72, 259, '14:40:00'),
(217, 72, 239, '15:20:00'),
(218, 73, 275, '08:00:00'),
(219, 73, 222, '08:40:00'),
(220, 73, 235, '09:20:00'),
(221, 74, 281, '08:00:00'),
(222, 74, 270, '08:40:00'),
(223, 74, 233, '09:20:00'),
(224, 75, 225, '10:20:00'),
(225, 75, 245, '11:00:00'),
(226, 75, 262, '11:40:00'),
(227, 76, 258, '10:20:00'),
(228, 76, 238, '11:00:00'),
(229, 76, 255, '11:40:00'),
(230, 77, 249, '14:00:00'),
(231, 77, 251, '14:40:00'),
(232, 77, 256, '15:20:00'),
(233, 78, 248, '14:00:00'),
(234, 78, 280, '14:40:00'),
(235, 78, 283, '15:20:00'),
(236, 79, 277, '16:20:00'),
(237, 79, 274, '17:00:00'),
(238, 79, 242, '17:40:00'),
(239, 80, 252, '16:20:00'),
(240, 80, 268, '17:00:00'),
(241, 80, 230, '17:40:00'),
(242, 81, 263, '08:00:00'),
(243, 81, 261, '08:40:00'),
(244, 81, 224, '09:20:00'),
(245, 82, 243, '10:20:00'),
(246, 82, 226, '11:00:00'),
(247, 82, 271, '11:40:00'),
(248, 83, 282, '10:20:00'),
(249, 83, 241, '11:00:00'),
(250, 83, 244, '11:40:00'),
(251, 84, 228, '14:00:00'),
(252, 84, 265, '14:40:00'),
(253, 84, 227, '15:20:00'),
(254, 85, 234, '14:00:00'),
(255, 85, 232, '14:40:00'),
(256, 85, 260, '15:20:00'),
(257, 86, 279, '16:20:00'),
(258, 86, 231, '17:00:00'),
(259, 86, 223, '17:40:00'),
(260, 87, 332, '08:00:00'),
(261, 87, 322, '08:40:00'),
(262, 87, 331, '09:20:00'),
(263, 88, 316, '10:20:00'),
(264, 88, 302, '11:00:00'),
(265, 88, 304, '11:40:00'),
(266, 89, 293, '14:00:00'),
(267, 89, 306, '14:40:00'),
(268, 89, 312, '15:20:00'),
(269, 90, 305, '16:20:00'),
(270, 90, 297, '17:00:00'),
(271, 90, 310, '17:40:00'),
(272, 91, 291, '08:00:00'),
(273, 91, 294, '08:40:00'),
(274, 91, 329, '09:20:00'),
(275, 92, 328, '08:00:00'),
(276, 92, 330, '08:40:00'),
(277, 93, 324, '10:20:00'),
(278, 93, 287, '11:00:00'),
(279, 93, 289, '11:40:00'),
(280, 94, 313, '14:00:00'),
(281, 94, 288, '14:40:00'),
(282, 94, 311, '15:20:00'),
(283, 95, 314, '16:20:00'),
(284, 95, 333, '17:00:00'),
(285, 95, 301, '17:40:00'),
(286, 96, 290, '08:00:00'),
(287, 96, 318, '08:40:00'),
(288, 96, 308, '09:20:00'),
(289, 97, 296, '10:20:00'),
(290, 97, 309, '11:00:00'),
(291, 97, 315, '11:40:00'),
(292, 98, 321, '14:00:00'),
(293, 98, 327, '14:40:00'),
(294, 98, 307, '15:20:00'),
(295, 99, 320, '16:20:00'),
(296, 99, 299, '17:00:00'),
(297, 99, 317, '17:40:00'),
(1248, 121, 342, '14:40:00'),
(1247, 121, 372, '14:00:00'),
(1246, 120, 359, '17:40:00'),
(1245, 120, 383, '17:00:00'),
(1244, 120, 353, '16:20:00'),
(1243, 119, 360, '17:40:00'),
(1242, 119, 373, '17:00:00'),
(1241, 119, 350, '16:20:00'),
(1240, 118, 375, '15:20:00'),
(1239, 118, 352, '14:40:00'),
(1238, 118, 336, '14:00:00'),
(1237, 117, 394, '15:20:00'),
(1236, 117, 370, '14:40:00'),
(1235, 117, 358, '14:00:00'),
(1234, 116, 390, '11:40:00'),
(1233, 116, 384, '11:00:00'),
(1232, 116, 339, '10:20:00'),
(1231, 115, 399, '11:40:00'),
(1230, 115, 393, '11:00:00'),
(1229, 115, 396, '10:20:00'),
(1228, 114, 338, '09:20:00'),
(1227, 114, 376, '08:40:00'),
(1226, 114, 366, '08:00:00'),
(1225, 113, 349, '09:20:00'),
(1224, 113, 368, '08:40:00'),
(1223, 113, 340, '08:00:00'),
(1222, 112, 378, '17:40:00'),
(1221, 112, 380, '17:00:00'),
(1220, 112, 382, '16:20:00'),
(1219, 111, 398, '15:20:00'),
(1218, 111, 361, '14:40:00'),
(1217, 111, 392, '14:00:00'),
(1216, 110, 351, '15:20:00'),
(1215, 110, 346, '14:40:00'),
(1214, 110, 337, '14:00:00'),
(1213, 109, 385, '11:40:00'),
(1212, 109, 386, '11:00:00'),
(1211, 109, 357, '10:20:00'),
(1210, 108, 356, '11:40:00'),
(1209, 108, 374, '11:00:00'),
(1208, 108, 371, '10:20:00'),
(1207, 107, 355, '09:20:00'),
(1206, 107, 354, '08:40:00'),
(1205, 107, 365, '08:00:00'),
(1204, 106, 347, '09:20:00'),
(1203, 106, 341, '08:40:00'),
(1202, 106, 345, '08:00:00'),
(1201, 105, 391, '17:40:00'),
(1200, 105, 335, '17:00:00'),
(1199, 105, 387, '16:20:00'),
(1198, 104, 395, '15:20:00'),
(1197, 104, 397, '14:40:00'),
(1196, 104, 389, '14:00:00'),
(1195, 103, 344, '11:00:00'),
(1194, 103, 381, '10:20:00'),
(1193, 102, 377, '11:40:00'),
(1192, 102, 348, '11:00:00'),
(1191, 102, 367, '10:20:00'),
(1190, 101, 369, '09:20:00'),
(1189, 101, 363, '08:40:00'),
(1188, 101, 388, '08:00:00'),
(1187, 100, 364, '09:20:00'),
(1186, 100, 379, '08:40:00'),
(1185, 100, 362, '08:00:00'),
(1278, 126, 464, '09:20:00'),
(1277, 126, 463, '08:40:00'),
(1276, 126, 447, '08:00:00'),
(1275, 125, 454, '11:40:00'),
(1274, 125, 448, '11:00:00'),
(1273, 125, 461, '10:20:00'),
(1272, 124, 452, '09:20:00'),
(1271, 124, 459, '08:40:00'),
(1270, 124, 455, '08:00:00'),
(1269, 123, 458, '15:20:00'),
(1268, 123, 450, '14:40:00'),
(1267, 123, 449, '14:00:00'),
(1266, 122, 457, '11:40:00'),
(1265, 122, 460, '11:00:00'),
(1264, 122, 453, '10:20:00'),
(377, 127, 467, '16:00:00'),
(378, 128, 480, '08:00:00'),
(379, 128, 482, '09:00:00'),
(380, 128, 485, '10:00:00'),
(381, 128, 486, '11:00:00'),
(382, 129, 470, '08:00:00'),
(383, 129, 483, '09:00:00'),
(384, 129, 484, '10:00:00'),
(385, 129, 472, '11:00:00'),
(386, 130, 469, '08:00:00'),
(387, 130, 481, '09:00:00'),
(388, 130, 471, '10:00:00'),
(389, 130, 478, '11:00:00'),
(390, 131, 476, '09:00:00'),
(391, 131, 474, '10:00:00'),
(392, 131, 479, '11:00:00'),
(393, 132, 475, '14:00:00'),
(394, 132, 488, '15:00:00'),
(395, 132, 487, '16:00:00'),
(396, 133, 473, '14:00:00'),
(397, 133, 477, '15:00:00'),
(398, 133, 491, '16:00:00'),
(399, 133, 490, '17:00:00'),
(400, 134, 413, '08:00:00'),
(401, 134, 407, '09:00:00'),
(402, 134, 401, '10:00:00'),
(403, 134, 403, '11:00:00'),
(404, 135, 414, '14:00:00'),
(405, 135, 416, '15:00:00'),
(406, 135, 422, '16:00:00'),
(407, 135, 411, '17:00:00'),
(408, 136, 412, '14:00:00'),
(409, 136, 415, '15:00:00'),
(410, 136, 406, '16:00:00'),
(411, 137, 420, '08:00:00'),
(412, 137, 408, '09:00:00'),
(413, 137, 418, '10:00:00'),
(414, 137, 419, '11:00:00'),
(415, 138, 421, '14:00:00'),
(416, 138, 400, '15:00:00'),
(417, 138, 410, '16:00:00'),
(418, 138, 424, '17:00:00'),
(419, 139, 417, '08:00:00'),
(420, 139, 409, '09:00:00'),
(421, 139, 423, '10:00:00'),
(422, 139, 405, '11:00:00'),
(1394, 161, 496, '14:00:00'),
(1393, 160, 532, '08:40:00'),
(1392, 159, 537, '17:40:00'),
(1391, 159, 507, '17:00:00'),
(1390, 159, 521, '16:20:00'),
(1389, 158, 503, '15:20:00'),
(1388, 158, 534, '14:40:00'),
(1387, 158, 529, '14:00:00'),
(1386, 157, 541, '15:20:00'),
(1385, 157, 533, '14:40:00'),
(1384, 157, 499, '14:00:00'),
(1383, 157, 545, '13:20:00'),
(1382, 156, 548, '11:40:00'),
(1381, 156, 554, '11:00:00'),
(1380, 156, 528, '10:20:00'),
(1379, 155, 549, '11:40:00'),
(1378, 155, 523, '11:00:00'),
(1377, 155, 494, '10:20:00'),
(1376, 154, 543, '09:20:00'),
(1375, 154, 518, '08:40:00'),
(1374, 154, 493, '08:00:00'),
(1373, 153, 520, '17:40:00'),
(1372, 153, 540, '17:00:00'),
(1371, 153, 538, '16:20:00'),
(1370, 152, 497, '14:40:00'),
(1369, 152, 551, '14:00:00'),
(1368, 151, 519, '15:20:00'),
(1367, 151, 531, '14:40:00'),
(1366, 151, 501, '14:00:00'),
(1365, 150, 546, '11:40:00'),
(1364, 150, 516, '11:00:00'),
(1363, 150, 542, '10:20:00'),
(1362, 149, 508, '11:40:00'),
(1361, 149, 526, '11:00:00'),
(1360, 149, 550, '10:20:00'),
(1359, 148, 544, '09:20:00'),
(1358, 148, 510, '08:40:00'),
(1357, 148, 527, '08:00:00'),
(1356, 147, 536, '09:20:00'),
(1355, 147, 502, '08:40:00'),
(1354, 147, 505, '08:00:00'),
(1353, 146, 515, '16:00:00'),
(1352, 145, 504, '15:20:00'),
(1351, 145, 553, '14:40:00'),
(1350, 145, 514, '14:00:00'),
(1349, 144, 552, '11:40:00'),
(1348, 144, 513, '11:00:00'),
(1347, 144, 525, '10:20:00'),
(1346, 143, 512, '11:40:00'),
(1345, 143, 500, '11:00:00'),
(1344, 143, 524, '10:20:00'),
(1343, 142, 509, '09:20:00'),
(1342, 142, 547, '08:40:00'),
(1341, 142, 522, '08:00:00'),
(1340, 141, 492, '09:20:00'),
(1339, 141, 511, '08:40:00'),
(1338, 141, 506, '08:00:00'),
(1337, 140, 539, '10:20:00'),
(1407, 167, 614, '09:20:00'),
(1406, 166, 611, '18:20:00'),
(1405, 166, 619, '17:40:00'),
(1404, 165, 612, '13:00:00'),
(1403, 164, 623, '11:40:00'),
(1402, 164, 620, '11:00:00'),
(1401, 164, 622, '10:20:00'),
(1400, 163, 625, '09:20:00'),
(1399, 163, 624, '08:40:00'),
(1398, 163, 610, '08:00:00'),
(1397, 162, 608, '15:20:00'),
(1396, 162, 617, '14:40:00'),
(1395, 162, 607, '14:00:00'),
(494, 168, 632, '09:00:00'),
(495, 168, 636, '10:00:00'),
(496, 168, 643, '11:00:00'),
(497, 169, 627, '14:00:00'),
(498, 169, 642, '15:00:00'),
(499, 169, 637, '16:00:00'),
(500, 169, 630, '17:00:00'),
(501, 170, 626, '09:00:00'),
(502, 170, 631, '10:00:00'),
(503, 170, 634, '11:00:00'),
(504, 171, 647, '14:00:00'),
(505, 171, 639, '15:00:00'),
(506, 171, 628, '16:00:00'),
(507, 171, 644, '17:00:00'),
(508, 172, 641, '08:00:00'),
(509, 172, 646, '09:00:00'),
(510, 172, 629, '10:00:00'),
(511, 172, 648, '11:00:00'),
(512, 173, 635, '08:00:00'),
(513, 173, 640, '09:00:00'),
(514, 173, 638, '10:00:00'),
(515, 173, 645, '11:00:00'),
(516, 174, 555, '14:00:00'),
(517, 174, 556, '15:00:00'),
(518, 174, 557, '16:00:00'),
(519, 174, 567, '17:00:00'),
(520, 175, 572, '14:00:00'),
(521, 175, 573, '15:00:00'),
(522, 175, 561, '16:00:00'),
(523, 175, 576, '17:00:00'),
(524, 176, 577, '14:00:00'),
(525, 176, 575, '15:00:00'),
(526, 176, 574, '16:00:00'),
(527, 176, 563, '17:00:00'),
(528, 177, 578, '14:00:00'),
(529, 177, 568, '15:00:00'),
(530, 177, 579, '16:00:00'),
(531, 177, 560, '17:00:00'),
(532, 178, 558, '08:00:00'),
(533, 178, 565, '09:00:00'),
(534, 178, 569, '10:00:00'),
(535, 178, 566, '11:00:00'),
(536, 179, 570, '14:00:00'),
(537, 179, 571, '15:00:00'),
(538, 179, 562, '16:00:00'),
(539, 179, 559, '17:00:00'),
(540, 180, 586, '08:00:00'),
(541, 180, 604, '09:00:00'),
(542, 180, 585, '10:00:00'),
(543, 180, 591, '11:00:00'),
(544, 181, 599, '15:00:00'),
(545, 181, 601, '16:00:00'),
(546, 181, 605, '17:00:00'),
(547, 182, 581, '08:00:00'),
(548, 182, 598, '09:00:00'),
(549, 182, 593, '10:00:00'),
(550, 182, 594, '11:00:00'),
(551, 183, 587, '09:00:00'),
(552, 183, 589, '10:00:00'),
(553, 183, 595, '11:00:00'),
(554, 184, 603, '09:00:00'),
(555, 184, 590, '10:00:00'),
(556, 184, 596, '11:00:00'),
(557, 185, 597, '14:00:00'),
(558, 185, 606, '15:00:00'),
(559, 185, 600, '16:00:00'),
(560, 185, 592, '17:00:00'),
(1773, 206, 704, '10:20:00'),
(1772, 205, 653, '17:40:00'),
(1771, 205, 681, '17:00:00'),
(1770, 205, 678, '16:20:00'),
(1769, 204, 652, '15:20:00'),
(1768, 204, 661, '14:40:00'),
(1767, 204, 663, '14:00:00'),
(1766, 203, 710, '15:20:00'),
(1765, 203, 699, '14:40:00'),
(1764, 203, 706, '14:00:00'),
(1763, 202, 674, '11:40:00'),
(1762, 202, 688, '11:00:00'),
(1761, 202, 650, '10:20:00'),
(1760, 201, 673, '11:40:00'),
(1759, 201, 679, '11:00:00'),
(1758, 201, 677, '10:20:00'),
(1757, 200, 666, '09:20:00'),
(1756, 200, 657, '08:40:00'),
(1755, 200, 690, '08:00:00'),
(1754, 199, 671, '09:20:00'),
(1753, 199, 669, '08:40:00'),
(1752, 199, 687, '08:00:00'),
(1751, 198, 691, '17:40:00'),
(1750, 198, 707, '17:00:00'),
(1749, 198, 697, '16:20:00'),
(1748, 197, 694, '15:20:00'),
(1747, 197, 709, '14:40:00'),
(1746, 197, 659, '14:00:00'),
(1745, 196, 695, '15:20:00'),
(1744, 196, 693, '14:40:00'),
(1743, 196, 683, '14:00:00'),
(1742, 195, 664, '11:40:00'),
(1741, 195, 675, '11:00:00'),
(1740, 195, 685, '10:20:00'),
(1739, 194, 705, '11:40:00'),
(1738, 194, 700, '11:00:00'),
(1737, 194, 651, '10:20:00'),
(1736, 193, 656, '09:20:00'),
(1735, 193, 660, '08:40:00'),
(1734, 193, 701, '08:00:00'),
(1733, 192, 696, '09:20:00'),
(1732, 192, 655, '08:40:00'),
(1731, 192, 686, '08:00:00'),
(1730, 191, 698, '17:40:00'),
(1729, 191, 682, '17:00:00'),
(1728, 191, 654, '16:20:00'),
(1727, 190, 668, '15:20:00'),
(1726, 190, 702, '14:40:00'),
(1725, 190, 658, '14:00:00'),
(1724, 189, 692, '15:20:00'),
(1723, 189, 676, '14:40:00'),
(1722, 189, 711, '14:00:00'),
(1721, 188, 680, '11:40:00'),
(1720, 188, 684, '11:00:00'),
(1719, 188, 703, '10:20:00'),
(1718, 187, 670, '09:20:00'),
(1717, 187, 665, '08:40:00'),
(1716, 187, 689, '08:00:00'),
(1715, 186, 667, '09:20:00'),
(1714, 186, 649, '08:40:00'),
(1713, 186, 712, '08:00:00'),
(1788, 211, 773, '11:40:00'),
(1787, 211, 783, '11:00:00'),
(1786, 211, 770, '10:20:00'),
(1785, 210, 774, '09:20:00'),
(1784, 210, 779, '08:40:00'),
(1783, 210, 778, '08:00:00'),
(1782, 209, 772, '15:20:00'),
(1781, 209, 771, '14:40:00'),
(1780, 209, 767, '14:00:00'),
(1779, 208, 782, '11:40:00'),
(1778, 208, 776, '11:00:00'),
(1777, 208, 775, '10:20:00'),
(1776, 207, 769, '17:40:00'),
(1775, 207, 766, '17:00:00'),
(1774, 207, 780, '16:20:00'),
(637, 212, 795, '08:00:00'),
(638, 212, 800, '09:00:00'),
(639, 212, 792, '10:00:00'),
(640, 213, 802, '14:00:00'),
(641, 213, 786, '15:00:00'),
(642, 214, 806, '09:00:00'),
(643, 214, 796, '10:00:00'),
(644, 214, 793, '11:00:00'),
(645, 215, 797, '09:00:00'),
(646, 215, 799, '10:00:00'),
(647, 215, 790, '11:00:00'),
(648, 216, 791, '14:00:00'),
(649, 216, 798, '15:00:00'),
(650, 216, 787, '16:00:00'),
(651, 217, 789, '09:00:00'),
(652, 218, 801, '13:00:00'),
(653, 219, 803, '14:00:00'),
(654, 219, 788, '15:00:00'),
(655, 219, 804, '16:00:00'),
(656, 219, 805, '17:00:00'),
(657, 220, 794, '14:00:00'),
(658, 221, 715, '09:00:00'),
(659, 221, 728, '10:00:00'),
(660, 221, 719, '11:00:00'),
(661, 222, 721, '14:00:00'),
(662, 222, 717, '15:00:00'),
(663, 222, 724, '16:00:00'),
(664, 222, 739, '17:00:00'),
(665, 223, 727, '14:00:00'),
(666, 223, 736, '15:00:00'),
(667, 223, 716, '16:00:00'),
(668, 224, 730, '09:00:00'),
(669, 224, 725, '10:00:00'),
(670, 224, 732, '11:00:00'),
(671, 225, 720, '14:00:00'),
(672, 225, 723, '15:00:00'),
(673, 225, 784, '16:00:00'),
(674, 226, 718, '08:00:00'),
(675, 226, 734, '09:00:00'),
(676, 226, 731, '10:00:00'),
(677, 226, 726, '11:00:00'),
(678, 227, 722, '14:00:00'),
(679, 227, 735, '15:00:00'),
(680, 227, 738, '16:00:00'),
(681, 227, 733, '17:00:00'),
(682, 228, 714, '08:00:00'),
(683, 228, 737, '09:00:00'),
(684, 228, 729, '10:00:00'),
(685, 228, 740, '11:00:00'),
(686, 229, 765, '08:00:00'),
(687, 229, 807, '09:00:00'),
(688, 229, 763, '10:00:00'),
(689, 229, 762, '11:00:00'),
(690, 230, 760, '14:00:00'),
(691, 230, 753, '15:00:00'),
(692, 230, 746, '16:00:00'),
(693, 230, 713, '17:00:00'),
(694, 231, 742, '08:00:00'),
(695, 231, 755, '09:00:00'),
(696, 231, 756, '10:00:00'),
(697, 231, 749, '11:00:00'),
(698, 232, 748, '14:00:00'),
(699, 233, 744, '14:00:00'),
(700, 233, 758, '15:00:00'),
(701, 233, 751, '16:00:00'),
(702, 233, 759, '17:00:00'),
(703, 234, 743, '08:00:00'),
(704, 234, 757, '09:00:00'),
(705, 234, 785, '10:00:00'),
(706, 234, 750, '11:00:00'),
(707, 235, 745, '14:00:00'),
(708, 235, 754, '15:00:00'),
(709, 235, 764, '16:00:00'),
(710, 235, 761, '17:00:00'),
(1886, 252, 839, '11:00:00'),
(1885, 252, 841, '10:20:00'),
(1884, 251, 861, '15:20:00'),
(1883, 251, 858, '14:40:00'),
(1882, 251, 853, '14:00:00'),
(1881, 250, 820, '15:20:00'),
(1880, 250, 812, '14:40:00'),
(1879, 250, 808, '14:00:00'),
(1878, 249, 823, '11:40:00'),
(1877, 249, 828, '11:00:00'),
(1876, 249, 855, '10:20:00'),
(1875, 248, 843, '11:40:00'),
(1874, 248, 836, '11:00:00'),
(1873, 248, 848, '10:20:00'),
(1872, 247, 824, '09:20:00'),
(1871, 247, 821, '08:40:00'),
(1870, 247, 845, '08:00:00'),
(1869, 246, 815, '09:20:00'),
(1868, 246, 818, '08:40:00'),
(1867, 246, 837, '08:00:00'),
(1866, 245, 842, '15:20:00'),
(1865, 245, 849, '14:40:00'),
(1864, 245, 830, '14:00:00'),
(1863, 244, 810, '11:40:00'),
(1862, 244, 809, '11:00:00'),
(1861, 244, 835, '10:20:00'),
(1860, 243, 860, '09:20:00'),
(1859, 243, 811, '08:40:00'),
(1858, 242, 831, '17:40:00'),
(1857, 242, 854, '17:00:00'),
(1856, 242, 850, '16:20:00'),
(1855, 241, 832, '15:20:00'),
(1854, 241, 859, '14:40:00'),
(1853, 241, 846, '14:00:00'),
(1852, 240, 816, '15:20:00'),
(1851, 240, 833, '14:40:00'),
(1850, 240, 856, '14:00:00'),
(1849, 239, 825, '11:40:00'),
(1848, 239, 814, '11:00:00'),
(1847, 239, 838, '10:20:00'),
(1846, 238, 852, '11:40:00'),
(1845, 238, 840, '11:00:00'),
(1844, 238, 819, '10:20:00'),
(1843, 237, 834, '09:20:00'),
(1842, 237, 857, '08:40:00'),
(1841, 237, 826, '08:00:00'),
(1840, 236, 862, '09:20:00'),
(1839, 236, 851, '08:40:00'),
(1838, 236, 827, '08:00:00'),
(1922, 259, 923, '13:10:00'),
(1921, 259, 929, '12:30:00'),
(1920, 258, 930, '15:20:00'),
(1919, 258, 931, '14:40:00'),
(1918, 258, 926, '14:00:00'),
(1917, 257, 921, '11:40:00'),
(1916, 257, 927, '11:00:00'),
(1915, 257, 924, '10:20:00'),
(1914, 256, 925, '11:00:00'),
(1913, 256, 933, '10:20:00'),
(1912, 255, 935, '11:40:00'),
(1911, 255, 917, '11:00:00'),
(1910, 255, 920, '10:20:00'),
(1909, 254, 932, '11:00:00'),
(1908, 254, 918, '10:20:00'),
(1907, 253, 928, '09:20:00'),
(1906, 253, 922, '08:40:00'),
(1905, 253, 916, '08:00:00'),
(778, 260, 940, '14:00:00'),
(779, 260, 942, '15:00:00'),
(780, 260, 938, '16:00:00'),
(781, 260, 948, '17:00:00'),
(782, 261, 949, '08:00:00'),
(783, 261, 944, '09:00:00'),
(784, 261, 943, '10:00:00'),
(785, 262, 936, '14:00:00'),
(786, 262, 953, '15:00:00'),
(787, 262, 945, '16:00:00'),
(788, 263, 941, '09:00:00'),
(789, 263, 958, '10:00:00'),
(790, 263, 956, '11:00:00'),
(791, 264, 937, '14:00:00'),
(792, 264, 952, '15:00:00'),
(793, 264, 950, '16:00:00'),
(794, 265, 946, '14:00:00'),
(795, 265, 939, '15:00:00'),
(796, 266, 955, '16:00:00'),
(797, 267, 947, '10:00:00'),
(798, 267, 954, '11:00:00'),
(799, 268, 864, '08:00:00'),
(800, 268, 878, '09:00:00'),
(801, 268, 879, '10:00:00'),
(802, 269, 868, '14:00:00'),
(803, 269, 884, '15:00:00'),
(804, 269, 883, '16:00:00'),
(805, 269, 877, '17:00:00'),
(806, 270, 867, '09:00:00'),
(807, 270, 865, '10:00:00'),
(808, 270, 881, '11:00:00'),
(809, 271, 880, '14:00:00'),
(810, 271, 882, '15:00:00'),
(811, 271, 888, '16:00:00'),
(812, 271, 887, '17:00:00'),
(813, 272, 874, '08:00:00'),
(814, 272, 871, '09:00:00'),
(815, 272, 873, '10:00:00'),
(816, 272, 863, '11:00:00'),
(817, 273, 866, '09:00:00'),
(818, 273, 869, '10:00:00'),
(819, 273, 870, '11:00:00'),
(820, 274, 872, '14:00:00'),
(821, 274, 876, '15:00:00'),
(822, 274, 885, '16:00:00'),
(823, 274, 886, '17:00:00'),
(824, 275, 911, '08:00:00'),
(825, 275, 906, '09:00:00'),
(826, 275, 895, '10:00:00'),
(827, 275, 900, '11:00:00'),
(828, 276, 913, '08:00:00'),
(829, 276, 891, '09:00:00'),
(830, 276, 889, '10:00:00'),
(831, 276, 907, '11:00:00'),
(832, 277, 898, '14:00:00'),
(833, 277, 904, '15:00:00'),
(834, 277, 912, '16:00:00'),
(835, 277, 897, '17:00:00'),
(836, 278, 893, '14:00:00'),
(837, 278, 910, '15:00:00'),
(838, 278, 914, '16:00:00'),
(839, 278, 903, '17:00:00'),
(840, 279, 896, '14:00:00'),
(841, 279, 890, '15:00:00'),
(842, 279, 892, '16:00:00'),
(843, 279, 894, '17:00:00'),
(844, 280, 905, '08:00:00'),
(845, 280, 902, '09:00:00'),
(846, 280, 901, '10:00:00'),
(847, 280, 909, '11:00:00'),
(2090, 298, 1018, '17:40:00'),
(2089, 298, 975, '17:00:00'),
(2088, 298, 983, '16:20:00'),
(2087, 299, 995, '17:40:00'),
(2086, 299, 1002, '17:00:00'),
(2085, 299, 989, '16:20:00'),
(2084, 297, 1007, '17:40:00'),
(2083, 297, 974, '17:00:00'),
(2082, 297, 971, '16:20:00'),
(2081, 296, 1006, '15:20:00'),
(2080, 296, 965, '14:40:00'),
(2079, 296, 963, '14:00:00'),
(2078, 295, 960, '15:20:00'),
(2077, 295, 1005, '14:40:00'),
(2076, 295, 1017, '14:00:00'),
(2075, 294, 991, '11:40:00'),
(2074, 294, 999, '11:00:00'),
(2073, 294, 979, '10:20:00'),
(2072, 293, 980, '11:40:00'),
(2071, 293, 982, '11:00:00'),
(2070, 293, 964, '10:20:00'),
(2069, 292, 972, '09:20:00'),
(2068, 292, 969, '08:40:00'),
(2067, 292, 968, '08:00:00'),
(2066, 291, 977, '09:20:00'),
(2065, 291, 1019, '08:40:00'),
(2064, 291, 990, '08:00:00'),
(2063, 290, 1003, '15:20:00'),
(2062, 290, 996, '14:40:00'),
(2061, 290, 985, '14:00:00'),
(2060, 289, 998, '15:20:00'),
(2059, 289, 1000, '14:40:00'),
(2058, 289, 997, '14:00:00'),
(2057, 288, 1011, '11:00:00'),
(2056, 288, 959, '10:20:00'),
(2055, 287, 981, '11:40:00'),
(2054, 287, 967, '11:00:00'),
(2053, 287, 992, '10:20:00'),
(2052, 286, 1009, '09:20:00'),
(2051, 286, 966, '08:40:00'),
(2050, 286, 987, '08:00:00'),
(2049, 285, 962, '09:20:00'),
(2048, 285, 1015, '08:40:00'),
(2047, 285, 984, '08:00:00'),
(2046, 284, 1001, '17:40:00'),
(2045, 284, 1016, '17:00:00'),
(2044, 284, 978, '16:20:00'),
(2043, 283, 1013, '15:20:00'),
(2042, 283, 1008, '14:40:00'),
(2041, 283, 1010, '14:00:00'),
(2040, 282, 986, '11:40:00'),
(2039, 282, 1014, '11:00:00'),
(2038, 282, 993, '10:20:00'),
(2037, 281, 988, '09:20:00'),
(2036, 281, 976, '08:40:00'),
(2035, 281, 970, '08:00:00'),
(2104, 305, 1085, '11:40:00'),
(2103, 305, 1076, '11:00:00'),
(2102, 305, 1079, '10:20:00'),
(2101, 304, 1075, '15:20:00'),
(2100, 304, 1083, '14:40:00'),
(2099, 304, 1072, '14:00:00'),
(2098, 303, 1080, '11:40:00'),
(2097, 303, 1073, '11:00:00'),
(2096, 303, 1071, '10:20:00'),
(2095, 302, 1070, '09:20:00'),
(2094, 302, 1082, '08:40:00'),
(2093, 302, 1078, '08:00:00'),
(2092, 301, 1077, '08:00:00'),
(2091, 300, 1074, '11:00:00'),
(918, 306, 1056, '09:00:00'),
(919, 306, 1052, '10:00:00'),
(920, 306, 1063, '11:00:00'),
(921, 307, 1057, '14:00:00'),
(922, 307, 1065, '15:00:00'),
(923, 307, 1066, '16:00:00'),
(924, 308, 1068, '08:00:00'),
(925, 308, 1047, '09:00:00'),
(926, 308, 1054, '10:00:00'),
(927, 308, 1055, '11:00:00'),
(928, 309, 1046, '14:00:00'),
(929, 309, 1050, '15:00:00'),
(930, 309, 1058, '16:00:00'),
(931, 310, 1087, '08:00:00'),
(932, 310, 1049, '09:00:00'),
(933, 310, 1067, '10:00:00'),
(934, 310, 1059, '11:00:00'),
(935, 311, 1045, '14:00:00'),
(936, 311, 1064, '15:00:00'),
(937, 311, 1061, '16:00:00'),
(938, 311, 1062, '17:00:00'),
(939, 312, 1053, '08:00:00'),
(940, 312, 1048, '09:00:00'),
(941, 312, 1060, '10:00:00'),
(942, 312, 1069, '11:00:00'),
(943, 313, 1042, '17:30:00'),
(944, 314, 1027, '08:00:00'),
(945, 314, 1031, '09:00:00'),
(946, 314, 1034, '10:00:00'),
(947, 314, 1020, '11:00:00'),
(948, 315, 1044, '14:00:00'),
(949, 315, 1021, '15:00:00'),
(950, 315, 1043, '16:00:00'),
(951, 315, 1035, '17:00:00'),
(952, 316, 1024, '08:00:00'),
(953, 316, 1022, '09:00:00'),
(954, 316, 1033, '10:00:00'),
(955, 316, 1029, '11:00:00'),
(956, 317, 1025, '14:00:00'),
(957, 317, 1026, '15:00:00'),
(958, 317, 1039, '16:00:00'),
(959, 317, 1041, '17:00:00'),
(960, 318, 1028, '08:00:00'),
(961, 318, 1030, '09:00:00'),
(962, 319, 1036, '14:00:00'),
(963, 319, 1023, '15:00:00'),
(964, 319, 1038, '16:00:00'),
(965, 319, 1086, '17:00:00'),
(3706, 324, 1146, '14:50:00'),
(3705, 324, 1102, '14:10:00'),
(3704, 324, 1128, '13:30:00'),
(3703, 323, 1104, '11:20:00'),
(3702, 323, 1111, '10:40:00'),
(3701, 323, 1138, '10:00:00'),
(3700, 339, 1142, '17:20:00'),
(3699, 339, 1119, '16:40:00'),
(3698, 339, 1103, '16:00:00'),
(3697, 338, 1116, '15:20:00'),
(3696, 338, 1137, '14:40:00'),
(3695, 338, 1150, '14:00:00'),
(3694, 340, 1120, '16:00:00'),
(3693, 340, 1097, '15:20:00'),
(3692, 340, 1131, '14:40:00'),
(3691, 340, 1129, '14:00:00'),
(3690, 333, 1099, '11:00:00'),
(3689, 333, 1144, '10:20:00'),
(3688, 332, 1109, '11:00:00'),
(3687, 332, 1096, '10:20:00'),
(3686, 329, 1135, '09:20:00'),
(3685, 329, 1121, '08:40:00'),
(3684, 329, 1094, '08:00:00'),
(3683, 330, 1106, '09:20:00'),
(3682, 330, 1088, '08:40:00'),
(3681, 330, 1092, '08:00:00'),
(3680, 326, 1089, '09:20:00'),
(3679, 326, 1126, '08:40:00'),
(3678, 326, 1095, '08:00:00'),
(3677, 335, 1139, '17:40:00'),
(3676, 335, 1127, '17:00:00'),
(3675, 335, 1134, '16:20:00'),
(3674, 341, 1132, '15:20:00'),
(3673, 341, 1115, '14:40:00'),
(3672, 341, 1147, '14:00:00'),
(3671, 334, 1108, '15:20:00'),
(3670, 334, 1130, '14:40:00'),
(3669, 334, 1107, '14:00:00'),
(3668, 328, 1105, '15:20:00'),
(3667, 328, 1091, '14:40:00'),
(3666, 328, 1110, '14:00:00'),
(3665, 342, 1152, '11:40:00'),
(3664, 342, 1140, '11:00:00'),
(3663, 342, 1124, '10:20:00'),
(3662, 327, 1098, '17:40:00'),
(3661, 327, 1149, '17:00:00'),
(3660, 327, 1133, '16:20:00'),
(3659, 325, 1151, '15:20:00'),
(3658, 325, 1112, '14:40:00'),
(3657, 325, 1141, '14:00:00'),
(3656, 337, 1148, '11:40:00'),
(3655, 337, 1143, '11:00:00'),
(3654, 337, 1100, '10:20:00'),
(3653, 336, 1122, '09:20:00'),
(3652, 336, 1101, '08:40:00'),
(3651, 336, 1090, '08:00:00'),
(3960, 362, 1199, '15:30:00'),
(3959, 362, 1190, '14:30:00'),
(3707, 345, 1125, '08:40:00'),
(3708, 345, 1114, '09:20:00'),
(3709, 346, 1113, '10:20:00'),
(3710, 346, 1136, '11:00:00'),
(3958, 362, 1189, '13:30:00'),
(3957, 361, 1187, '11:00:00'),
(3956, 361, 1196, '10:00:00'),
(3955, 361, 1186, '09:00:00'),
(3954, 360, 1183, '15:30:00'),
(3953, 360, 1195, '14:30:00'),
(3952, 360, 1191, '13:30:00'),
(3951, 359, 1181, '15:30:00'),
(3950, 359, 1185, '14:30:00'),
(3949, 359, 1184, '13:30:00'),
(3948, 358, 1202, '11:00:00'),
(3947, 358, 1194, '10:00:00'),
(3946, 358, 1198, '09:00:00'),
(3838, 354, 1212, '08:30:00'),
(3837, 353, 1211, '17:00:00'),
(3836, 353, 1208, '16:20:00'),
(3835, 355, 1214, '15:40:00'),
(3834, 355, 1213, '15:00:00'),
(3833, 352, 1205, '09:20:00'),
(3832, 352, 1209, '08:40:00'),
(3831, 352, 1207, '08:00:00'),
(3945, 357, 1201, '11:00:00'),
(3944, 357, 1192, '10:00:00'),
(4149, 367, 1167, '14:30:00'),
(3943, 357, 1188, '09:00:00'),
(3942, 356, 1180, '11:00:00'),
(3941, 356, 1193, '10:00:00'),
(3940, 356, 1182, '09:00:00'),
(3939, 356, 1203, '08:00:00'),
(3938, 363, 1197, '14:30:00'),
(3937, 344, 1204, '10:00:00'),
(3936, 343, 1200, '09:00:00'),
(4148, 367, 1163, '13:30:00'),
(4147, 369, 1156, '16:00:00'),
(4146, 369, 1153, '15:00:00'),
(4145, 369, 1154, '14:00:00'),
(4144, 368, 1158, '11:30:00'),
(4143, 368, 1155, '10:30:00'),
(4142, 368, 1168, '09:30:00'),
(4141, 368, 1162, '08:30:00'),
(4140, 366, 1177, '15:30:00'),
(4139, 366, 1165, '14:30:00'),
(4138, 366, 1157, '13:30:00'),
(4137, 365, 1166, '11:00:00'),
(4136, 365, 1173, '10:00:00'),
(4135, 365, 1175, '09:00:00'),
(4134, 365, 1176, '08:00:00'),
(4133, 370, 1161, '14:00:00'),
(4132, 370, 1159, '13:00:00'),
(4131, 364, 1171, '11:00:00'),
(4130, 364, 1170, '10:00:00'),
(4129, 364, 1174, '09:00:00'),
(4128, 364, 1178, '08:00:00'),
(4127, 347, 1169, '09:00:00'),
(5337, 396, 1264, '14:40:00'),
(5336, 396, 1243, '14:00:00'),
(5335, 384, 1262, '16:40:00'),
(5334, 384, 1265, '16:00:00'),
(5333, 383, 1219, '15:20:00'),
(5332, 383, 1251, '14:40:00'),
(5331, 383, 1227, '14:00:00'),
(5330, 382, 1258, '11:40:00'),
(5329, 382, 1252, '11:00:00'),
(5328, 382, 1236, '10:20:00'),
(5327, 381, 1234, '11:40:00'),
(5326, 381, 1257, '11:00:00'),
(5325, 381, 1246, '10:20:00'),
(5324, 379, 1247, '09:20:00'),
(5323, 379, 1255, '08:40:00'),
(5322, 379, 1221, '08:00:00'),
(5321, 380, 1253, '09:20:00'),
(5320, 380, 1233, '08:40:00'),
(5319, 380, 1238, '08:00:00'),
(5318, 385, 1245, '16:00:00'),
(5317, 385, 1240, '14:40:00'),
(5316, 385, 1242, '14:00:00'),
(5315, 378, 1256, '11:40:00'),
(5314, 378, 1263, '11:00:00'),
(5313, 378, 1222, '10:20:00'),
(5312, 377, 1226, '09:20:00'),
(5311, 377, 1223, '08:40:00'),
(5310, 377, 1220, '08:00:00'),
(5309, 374, 1250, '15:20:00'),
(5308, 374, 1225, '14:40:00'),
(5307, 374, 1229, '14:00:00'),
(5306, 373, 1235, '11:40:00'),
(5305, 373, 1237, '11:00:00'),
(5304, 373, 1224, '10:20:00'),
(5303, 376, 1254, '11:40:00'),
(5302, 376, 1231, '11:00:00'),
(5301, 376, 1232, '10:20:00'),
(5300, 372, 1230, '09:20:00'),
(5299, 372, 1266, '08:40:00'),
(5298, 372, 1261, '08:00:00'),
(5297, 375, 1228, '09:20:00'),
(5296, 375, 1241, '08:40:00'),
(5293, 394, 1300, '15:20:00'),
(5292, 394, 1303, '14:40:00'),
(5291, 394, 1302, '14:00:00'),
(5393, 401, 1286, '17:00:00'),
(5392, 401, 1275, '16:00:00'),
(5391, 401, 1289, '15:00:00'),
(5290, 393, 1297, '11:10:00'),
(5289, 393, 1296, '10:30:00'),
(5288, 392, 1306, '11:40:00'),
(5287, 392, 1305, '11:00:00'),
(5286, 392, 1308, '10:20:00'),
(5285, 391, 1309, '11:00:00'),
(5284, 391, 1298, '10:20:00'),
(5283, 390, 1304, '15:20:00'),
(5282, 390, 1307, '14:40:00'),
(5281, 390, 1301, '14:00:00'),
(5295, 375, 1239, '08:00:00'),
(5294, 371, 1249, '08:00:00'),
(5390, 401, 1288, '14:00:00'),
(5389, 406, 1270, '11:00:00'),
(5388, 405, 1269, '10:00:00'),
(5387, 400, 1268, '09:00:00'),
(5386, 399, 1282, '09:30:00'),
(5385, 399, 1271, '08:30:00'),
(5384, 398, 1273, '17:00:00'),
(5383, 398, 1280, '16:00:00'),
(5382, 398, 1295, '15:00:00'),
(5381, 398, 1293, '14:00:00'),
(5380, 398, 1291, '13:00:00'),
(5379, 404, 1285, '11:00:00'),
(5378, 404, 1290, '10:00:00'),
(5377, 404, 1267, '09:00:00'),
(5376, 404, 1292, '08:00:00'),
(5375, 403, 1276, '15:30:00'),
(5374, 403, 1274, '14:30:00'),
(5373, 403, 1272, '13:30:00'),
(5372, 402, 1287, '11:30:00'),
(5371, 402, 1281, '10:30:00'),
(5370, 402, 1277, '09:30:00'),
(5369, 402, 1283, '08:30:00'),
(5368, 389, 1294, '16:00:00'),
(5367, 389, 1278, '15:00:00'),
(5366, 388, 1279, '08:15:00'),
(6895, 442, 1438, '11:40:00'),
(6894, 443, 1407, '09:20:00'),
(6893, 425, 1442, '11:20:00'),
(6892, 425, 1409, '10:40:00'),
(6891, 428, 1406, '09:40:00'),
(6890, 421, 1436, '17:20:00'),
(6889, 421, 1412, '16:40:00'),
(6888, 421, 1402, '16:00:00'),
(6887, 423, 1401, '17:20:00'),
(6886, 423, 1404, '16:40:00'),
(6885, 423, 1405, '16:00:00'),
(6884, 420, 1393, '15:00:00'),
(6883, 420, 1420, '14:20:00'),
(6882, 420, 1427, '13:40:00'),
(6881, 422, 1416, '15:00:00'),
(6880, 422, 1419, '14:20:00'),
(6879, 422, 1432, '13:40:00'),
(6878, 418, 1447, '11:40:00'),
(6877, 418, 1394, '11:00:00'),
(6876, 418, 1413, '10:20:00'),
(6875, 419, 1437, '11:40:00'),
(6874, 419, 1422, '11:00:00'),
(6873, 419, 1433, '10:20:00'),
(6872, 416, 1441, '09:20:00'),
(6871, 416, 1424, '08:40:00'),
(6870, 416, 1421, '08:00:00'),
(6869, 417, 1415, '09:20:00'),
(6868, 417, 1444, '08:40:00'),
(6867, 417, 1439, '08:00:00'),
(6866, 415, 1397, '17:20:00'),
(6865, 415, 1448, '16:40:00'),
(6864, 415, 1449, '16:00:00'),
(6863, 414, 1445, '17:20:00'),
(6862, 414, 1452, '16:40:00'),
(6861, 414, 1423, '16:00:00'),
(6860, 412, 1428, '15:00:00'),
(6859, 412, 1443, '14:20:00'),
(6858, 412, 1411, '13:40:00'),
(6857, 413, 1446, '15:00:00'),
(6856, 413, 1395, '14:20:00'),
(6855, 413, 1426, '13:40:00'),
(6854, 424, 1434, '11:40:00'),
(6853, 424, 1451, '11:00:00'),
(6852, 424, 1392, '10:20:00'),
(6851, 410, 1400, '09:20:00'),
(6850, 410, 1425, '08:40:00'),
(6849, 410, 1418, '08:00:00'),
(6848, 409, 1417, '17:20:00'),
(6847, 409, 1440, '16:40:00'),
(6846, 409, 1403, '16:00:00'),
(6845, 408, 1450, '15:00:00'),
(6844, 408, 1430, '14:20:00'),
(6843, 407, 1410, '11:40:00'),
(6842, 407, 1435, '11:00:00'),
(6841, 407, 1414, '10:20:00'),
(6840, 411, 1453, '11:40:00'),
(6839, 411, 1399, '11:00:00'),
(6838, 411, 1408, '10:20:00'),
(7060, 449, 1347, '17:00:00'),
(7059, 449, 1360, '16:00:00'),
(6664, 441, 1455, '11:00:00'),
(6663, 441, 1476, '10:20:00'),
(6662, 440, 1458, '09:20:00'),
(6661, 440, 1457, '08:40:00'),
(6660, 440, 1464, '08:00:00'),
(6659, 438, 1472, '15:40:00'),
(6658, 438, 1465, '15:00:00'),
(6657, 438, 1478, '14:20:00'),
(6656, 438, 1456, '13:40:00'),
(6655, 432, 1459, '15:40:00'),
(6654, 432, 1468, '15:00:00'),
(6653, 432, 1475, '14:20:00'),
(6652, 432, 1454, '13:40:00'),
(6651, 439, 1469, '11:40:00'),
(6650, 439, 1461, '11:00:00'),
(6649, 439, 1474, '10:20:00'),
(6648, 436, 1460, '09:20:00'),
(6647, 436, 1467, '08:40:00'),
(6646, 436, 1477, '08:00:00'),
(6645, 429, 1463, '09:00:00'),
(6644, 429, 1466, '08:20:00'),
(7058, 449, 1350, '15:00:00'),
(7057, 449, 1356, '14:00:00'),
(7056, 449, 1361, '13:00:00'),
(7055, 448, 1342, '11:00:00'),
(7054, 448, 1343, '10:00:00'),
(7053, 448, 1348, '09:00:00'),
(7052, 447, 1338, '17:00:00'),
(7051, 447, 1339, '16:00:00'),
(7050, 447, 1359, '15:00:00'),
(7049, 447, 1358, '14:00:00'),
(7048, 447, 1363, '13:00:00'),
(7047, 446, 1481, '11:00:00'),
(7046, 446, 1349, '10:00:00'),
(7045, 446, 1345, '09:00:00'),
(7044, 446, 1341, '08:00:00'),
(7043, 451, 1355, '11:00:00'),
(7042, 451, 1337, '10:00:00'),
(7041, 451, 1352, '09:00:00'),
(7040, 450, 1346, '17:00:00'),
(7039, 450, 1362, '16:00:00'),
(7038, 450, 1357, '15:00:00'),
(7037, 450, 1351, '14:00:00'),
(7036, 450, 1353, '13:00:00'),
(7035, 427, 1344, '11:00:00'),
(7034, 427, 1340, '10:00:00'),
(8178, 488, 1533, '09:20:00'),
(8177, 488, 1579, '08:40:00'),
(8176, 488, 1537, '08:00:00'),
(8175, 487, 1542, '16:00:00'),
(8174, 473, 1525, '17:20:00'),
(8173, 473, 1583, '16:40:00'),
(8172, 473, 1572, '16:00:00'),
(8171, 475, 1528, '17:20:00'),
(8170, 475, 1553, '16:40:00'),
(8169, 475, 1536, '16:00:00'),
(8168, 472, 1563, '15:00:00'),
(8167, 472, 1555, '14:20:00'),
(8166, 472, 1540, '13:40:00'),
(8165, 474, 1529, '15:00:00'),
(8164, 474, 1570, '14:20:00'),
(8163, 474, 1568, '13:40:00'),
(8162, 471, 1523, '11:40:00'),
(8161, 471, 1539, '11:00:00'),
(8160, 471, 1518, '10:20:00'),
(8159, 467, 1520, '17:20:00'),
(8158, 467, 1549, '16:40:00'),
(8157, 466, 1559, '16:30:00'),
(8156, 462, 1519, '17:20:00'),
(8155, 462, 1526, '16:40:00'),
(8154, 462, 1546, '16:00:00'),
(8153, 470, 1577, '15:00:00'),
(8152, 470, 1515, '14:20:00'),
(8151, 470, 1564, '13:40:00'),
(8150, 461, 1581, '15:00:00'),
(8149, 461, 1560, '14:20:00'),
(8148, 461, 1538, '13:40:00'),
(8147, 465, 1544, '15:00:00'),
(8146, 465, 1582, '14:20:00'),
(8145, 465, 1522, '13:40:00'),
(8144, 469, 1569, '11:40:00'),
(8143, 469, 1524, '11:00:00'),
(8142, 476, 1556, '10:20:00'),
(8141, 460, 1521, '11:40:00'),
(8140, 460, 1566, '11:00:00'),
(8139, 460, 1534, '10:20:00'),
(8138, 464, 1543, '11:40:00'),
(8137, 464, 1516, '11:00:00'),
(8136, 464, 1511, '10:20:00'),
(8135, 459, 1578, '09:20:00'),
(8134, 459, 1532, '08:40:00'),
(8133, 463, 1530, '09:20:00'),
(8132, 463, 1510, '08:40:00'),
(8131, 468, 1557, '09:20:00'),
(8130, 468, 1517, '08:00:00'),
(8129, 455, 1586, '17:20:00'),
(8128, 455, 1576, '16:40:00'),
(8127, 455, 1584, '16:00:00'),
(8126, 454, 1551, '15:00:00'),
(8125, 454, 1512, '14:20:00'),
(8124, 454, 1548, '13:40:00'),
(8123, 458, 1565, '15:00:00'),
(8122, 458, 1550, '14:20:00'),
(8121, 458, 1545, '13:40:00'),
(8120, 457, 1513, '11:40:00'),
(8119, 453, 1585, '11:40:00'),
(8118, 453, 1562, '11:00:00'),
(8117, 453, 1554, '10:20:00'),
(8116, 456, 1535, '11:00:00'),
(7980, 485, 1595, '15:00:00'),
(7979, 485, 1596, '14:20:00'),
(7978, 485, 1594, '13:40:00'),
(7977, 484, 1597, '14:20:00'),
(7976, 484, 1593, '13:40:00'),
(7975, 482, 1587, '17:20:00'),
(7974, 482, 1601, '16:40:00'),
(7973, 480, 1589, '17:20:00'),
(7972, 480, 1590, '16:40:00'),
(7971, 480, 1602, '16:00:00'),
(7970, 479, 1599, '14:20:00'),
(7969, 479, 1591, '13:40:00'),
(7968, 481, 1600, '15:00:00'),
(7967, 481, 1628, '14:20:00'),
(7966, 481, 1592, '13:40:00'),
(8645, 496, 1509, '17:00:00'),
(8644, 496, 1504, '16:00:00'),
(8115, 456, 1574, '10:20:00'),
(8114, 452, 1575, '09:20:00'),
(8113, 452, 1552, '08:40:00'),
(8112, 452, 1541, '08:00:00'),
(8179, 489, 1558, '15:00:00'),
(8643, 496, 1490, '15:00:00'),
(8642, 496, 1495, '14:00:00'),
(8641, 497, 1506, '11:00:00'),
(8640, 497, 1507, '10:00:00'),
(8639, 497, 1500, '09:00:00'),
(8638, 495, 1503, '11:00:00'),
(8637, 495, 1492, '10:00:00'),
(8636, 495, 1485, '09:00:00'),
(8635, 493, 1508, '16:00:00'),
(8634, 493, 1491, '15:00:00'),
(8633, 493, 1487, '14:00:00'),
(8632, 494, 1484, '11:00:00'),
(8631, 494, 1489, '10:00:00'),
(8630, 494, 1483, '09:00:00'),
(8629, 494, 1502, '08:00:00'),
(8628, 492, 1497, '15:00:00'),
(8627, 492, 1499, '14:00:00'),
(8626, 491, 1486, '11:00:00'),
(8625, 491, 1488, '10:00:00'),
(8624, 491, 1482, '09:00:00'),
(8623, 490, 1496, '16:00:00'),
(8622, 490, 1493, '15:00:00'),
(8621, 490, 1505, '14:00:00'),
(8620, 506, 1501, '10:00:00'),
(8619, 506, 1494, '09:00:00'),
(9150, 523, 1767, '11:40:00'),
(9149, 522, 1742, '11:40:00'),
(9148, 522, 1777, '11:00:00'),
(9147, 522, 1730, '10:20:00'),
(9146, 520, 1723, '09:20:00'),
(9145, 520, 1745, '08:40:00'),
(9144, 520, 1739, '08:00:00'),
(9143, 521, 1728, '09:20:00'),
(9142, 521, 1725, '08:40:00'),
(9141, 521, 1749, '08:00:00'),
(9140, 519, 1779, '15:00:00'),
(9139, 518, 1732, '15:00:00'),
(9138, 518, 1772, '14:20:00'),
(9137, 518, 1769, '13:40:00'),
(9136, 517, 1760, '11:40:00'),
(9135, 517, 1759, '11:00:00'),
(9134, 517, 1766, '10:20:00'),
(9133, 516, 1751, '11:40:00'),
(9132, 516, 1778, '11:00:00'),
(9131, 516, 1748, '10:20:00'),
(9130, 515, 1735, '11:40:00'),
(9129, 515, 1752, '11:00:00'),
(9128, 515, 1753, '10:20:00'),
(9127, 514, 1776, '09:20:00'),
(9126, 514, 1734, '08:40:00'),
(9125, 514, 1738, '08:00:00'),
(9124, 513, 1770, '17:20:00'),
(9123, 513, 1756, '16:40:00'),
(9122, 513, 1733, '16:00:00'),
(9121, 512, 1765, '15:00:00'),
(9120, 512, 1737, '14:20:00'),
(9119, 512, 1762, '13:40:00'),
(9118, 511, 1726, '15:00:00'),
(9117, 511, 1740, '14:20:00'),
(9116, 511, 1731, '13:40:00'),
(9115, 510, 1736, '11:00:00'),
(9114, 510, 1757, '10:20:00'),
(9113, 509, 1763, '11:40:00'),
(9112, 509, 1771, '11:00:00'),
(9111, 509, 1755, '10:20:00'),
(9110, 508, 1747, '09:20:00'),
(9109, 508, 1746, '08:40:00'),
(9108, 508, 1761, '08:00:00'),
(9107, 507, 1743, '09:20:00'),
(9106, 507, 1727, '08:40:00'),
(9105, 507, 1741, '08:00:00'),
(9097, 532, 1806, '11:40:00'),
(9096, 532, 1808, '11:00:00'),
(9095, 532, 1803, '10:20:00'),
(9094, 530, 1782, '11:40:00'),
(9093, 530, 1787, '11:00:00'),
(9092, 530, 1795, '10:20:00'),
(9091, 529, 1785, '09:20:00'),
(9090, 529, 1796, '08:40:00'),
(9089, 528, 1783, '17:20:00'),
(9088, 528, 1791, '16:40:00'),
(9087, 528, 1788, '16:00:00'),
(9086, 527, 1792, '15:00:00'),
(9085, 527, 1798, '14:20:00'),
(9084, 527, 1794, '13:40:00'),
(9083, 526, 1804, '15:00:00'),
(9082, 526, 1807, '14:20:00'),
(9081, 526, 1793, '13:40:00'),
(9080, 525, 1797, '11:40:00'),
(9079, 525, 1790, '11:00:00'),
(9078, 525, 1799, '10:20:00'),
(9077, 524, 1801, '11:40:00'),
(9076, 524, 1802, '11:00:00'),
(9075, 524, 1786, '10:20:00'),
(9098, 531, 1784, '13:40:00'),
(9099, 531, 1800, '14:20:00'),
(9100, 531, 1789, '15:00:00'),
(9348, 543, 1656, '17:00:00'),
(9347, 543, 1651, '16:00:00'),
(9151, 534, 1768, '08:00:00'),
(9152, 534, 1774, '08:40:00'),
(9153, 535, 1773, '10:30:00'),
(9154, 535, 1780, '11:10:00'),
(9155, 536, 1724, '16:00:00'),
(9156, 536, 1775, '16:40:00'),
(9346, 543, 1637, '15:00:00'),
(9345, 543, 1652, '14:00:00'),
(9344, 542, 1630, '11:00:00'),
(9343, 542, 1649, '10:00:00'),
(9342, 542, 1632, '09:00:00'),
(9341, 542, 1643, '08:00:00'),
(9340, 545, 1655, '17:00:00'),
(9339, 545, 1644, '16:00:00'),
(9338, 541, 1636, '15:00:00'),
(9337, 541, 1631, '14:00:00'),
(9336, 540, 1629, '11:00:00'),
(9335, 540, 1633, '10:00:00'),
(9334, 540, 1634, '09:00:00'),
(9333, 540, 1645, '08:00:00'),
(9332, 539, 1641, '17:00:00'),
(9331, 539, 1646, '16:00:00'),
(9330, 539, 1635, '15:00:00'),
(9329, 539, 1638, '14:00:00'),
(9328, 538, 1640, '11:00:00'),
(9327, 538, 1647, '10:00:00'),
(9326, 538, 1648, '09:00:00'),
(9325, 544, 1650, '08:00:00'),
(9324, 537, 1653, '09:00:00'),
(9323, 533, 1654, '15:00:00'),
(9322, 533, 1642, '14:00:00'),
(10109, 577, 1844, '14:20:00'),
(10108, 579, 1851, '11:40:00'),
(10107, 576, 1930, '11:40:00'),
(10106, 580, 1888, '11:40:00'),
(10105, 580, 1883, '11:00:00'),
(10104, 580, 1879, '10:20:00'),
(10103, 575, 1899, '15:40:00'),
(10102, 564, 1873, '15:00:00'),
(10101, 564, 1890, '14:20:00'),
(10100, 564, 1863, '13:40:00'),
(10099, 563, 1849, '11:40:00'),
(10098, 563, 1845, '11:00:00'),
(10097, 563, 1897, '10:20:00'),
(10096, 562, 1892, '09:20:00'),
(10095, 562, 1891, '08:40:00'),
(10094, 562, 1867, '08:00:00'),
(10093, 557, 1889, '16:00:00'),
(10092, 556, 1885, '15:00:00'),
(10091, 556, 1865, '14:20:00'),
(10090, 556, 1872, '13:40:00'),
(10089, 561, 1838, '15:00:00'),
(10088, 561, 1870, '14:20:00'),
(10087, 561, 1833, '13:40:00'),
(10086, 560, 1858, '15:00:00'),
(10085, 560, 1894, '14:20:00'),
(10084, 560, 1880, '13:40:00'),
(10083, 555, 1848, '11:40:00'),
(10082, 555, 1898, '11:00:00'),
(10081, 555, 1878, '10:20:00'),
(10080, 559, 1886, '11:40:00'),
(10079, 559, 1901, '11:00:00'),
(10078, 559, 1837, '10:20:00'),
(10077, 554, 1850, '09:20:00'),
(10076, 554, 1847, '08:40:00'),
(10075, 554, 1862, '08:00:00'),
(10074, 558, 1887, '09:20:00'),
(10073, 558, 1854, '08:40:00'),
(10072, 558, 1884, '08:00:00'),
(10071, 550, 1857, '17:20:00'),
(10070, 550, 1834, '16:40:00'),
(10069, 550, 1874, '16:00:00'),
(10068, 549, 1853, '15:00:00'),
(10067, 549, 1841, '14:20:00'),
(10066, 549, 1877, '13:40:00'),
(10065, 553, 1843, '15:00:00'),
(10064, 553, 1881, '14:20:00'),
(10063, 553, 1861, '13:40:00'),
(10062, 548, 1856, '11:40:00'),
(10061, 548, 1864, '11:00:00'),
(10060, 548, 1855, '10:20:00'),
(10059, 552, 1859, '11:40:00'),
(10058, 552, 1836, '11:00:00'),
(10057, 552, 1882, '10:20:00'),
(10056, 547, 1868, '09:20:00'),
(10255, 584, 1903, '17:00:00'),
(10254, 584, 1912, '16:00:00'),
(10253, 584, 1924, '15:00:00'),
(10124, 571, 1937, '17:20:00'),
(10123, 570, 1938, '13:40:00'),
(10122, 574, 1946, '11:00:00'),
(10121, 574, 1944, '10:20:00'),
(10120, 569, 1945, '11:00:00'),
(10119, 569, 1934, '10:20:00'),
(10118, 568, 1949, '15:00:00'),
(10117, 568, 1943, '14:20:00'),
(10116, 568, 1939, '13:40:00'),
(10115, 567, 1940, '11:40:00'),
(10114, 567, 1935, '11:00:00'),
(10113, 567, 1933, '10:20:00'),
(10055, 547, 1839, '08:40:00'),
(10054, 547, 1852, '08:00:00'),
(10053, 551, 1860, '09:20:00'),
(10052, 551, 1895, '08:40:00'),
(10051, 551, 1835, '08:00:00'),
(10050, 565, 1866, '13:40:00'),
(10049, 566, 1871, '14:00:00'),
(10110, 577, 1893, '15:00:00'),
(10111, 578, 1900, '16:00:00'),
(10112, 578, 1896, '16:40:00'),
(10252, 584, 1908, '14:00:00'),
(10251, 583, 1925, '11:00:00'),
(10250, 583, 1922, '10:00:00'),
(10249, 583, 1902, '09:00:00'),
(10248, 583, 1917, '08:00:00'),
(10247, 585, 1926, '17:00:00'),
(10246, 585, 1919, '16:00:00'),
(10245, 585, 1921, '15:00:00'),
(10244, 585, 1905, '14:00:00'),
(10243, 589, 1911, '11:00:00'),
(10242, 589, 1929, '10:00:00'),
(10241, 582, 1914, '09:00:00'),
(10240, 582, 1923, '08:00:00'),
(10239, 587, 1904, '17:00:00'),
(10238, 587, 1916, '16:00:00'),
(10237, 587, 1906, '15:00:00'),
(10236, 587, 1920, '14:00:00'),
(10235, 586, 1927, '10:00:00'),
(10234, 588, 1910, '11:00:00'),
(10233, 588, 1918, '10:00:00'),
(10232, 581, 1909, '09:00:00'),
(10231, 581, 1913, '08:00:00');

-- --------------------------------------------------------

--
-- Structure de la table `stage`
--

CREATE TABLE IF NOT EXISTS `stage` (
  `no_stage` int(11) NOT NULL AUTO_INCREMENT,
  `no_etud` int(11) NOT NULL,
  `no_enc` int(11) DEFAULT NULL,
  `no_ent` int(11) DEFAULT NULL,
  `no_lieu` int(11) DEFAULT NULL,
  `sujet` varchar(255) NOT NULL DEFAULT ' ',
  `mot_clef` varchar(255) NOT NULL DEFAULT ' ',
  `date_validation` date DEFAULT NULL,
  `tuteur` varchar(255) NOT NULL DEFAULT ' ',
  `adr_verif` int(11) DEFAULT NULL,
  `soutenance` int(11) DEFAULT '1',
  `taux_encadrement` int(11) DEFAULT '1',
  PRIMARY KEY (`no_stage`),
  KEY `no_etud` (`no_etud`,`no_enc`,`no_ent`)
) ENGINE=MyISAM  DEFAULT CHARSET=utf8 AUTO_INCREMENT=2009 ;

--
-- Contenu de la table `stage`
--

INSERT INTO `stage` (`no_stage`, `no_etud`, `no_enc`, `no_ent`, `no_lieu`, `sujet`, `mot_clef`, `date_validation`, `tuteur`, `adr_verif`, `soutenance`, `taux_encadrement`) VALUES
(1, 1, 5, 2, NULL, 'Développement d''une base de données clients', 'PHP, ASP, Flash', '2002-04-12', 'M. Gérard JAFFELIN', NULL, 1, 1),
(2, 2, 8, 1, NULL, 'Développement d''un logiciel de gestion de restaurant', 'Access, Visual Basic', '2002-04-22', 'M. Senel AYDINYILMAZ', NULL, 1, 1),
(3, 3, 4, 7, NULL, 'Mise à jour d''une application de facturation', 'Visual Foxpro', '2002-04-22', 'M. Thierry STARCZAN', NULL, 1, 1),
(4, 4, 12, 26, NULL, 'Développement d''un système de gestion de maintenance assisté par', 'GMAO', '2002-04-30', 'M. Altefrohne', NULL, 1, 1),
(5, 5, 11, 22, NULL, 'Mise à jour d''applications sous Access', 'Access, MapBasic', '2002-04-30', '', NULL, 1, 1),
(6, 6, 8, 11, NULL, 'Développement d''un logiciel d''estimation de travaux de canalisat', 'Access, Visual Basic', '2002-04-22', 'Philippe Mpeck', NULL, NULL, 2),
(7, 7, 9, 25, NULL, 'Mise à jour d''un logiciel de facturation', 'RPG, GAP', '2002-04-30', '', NULL, 1, 1),
(8, 8, 3, 21, NULL, 'Développement d''un logiciel de gestion de licences', 'Delphi', '2002-04-30', '', NULL, 1, 1),
(9, 9, 2, 24, NULL, 'Développement d''un logiciel de conversion Word-XML', 'XML, Java', '2002-04-30', 'M. Eric Soudier', NULL, 1, 1),
(10, 10, 1, 29, NULL, 'Développement d''un site Intranet', 'HTML, ASP, Flash, VBScript, Javascript', '2002-05-02', 'M. Laurent Champandard', NULL, 1, 1),
(11, 11, 6, 27, NULL, 'Programmation d''une base de données de représentation de produit', 'Access', '2002-05-02', 'M. Laurent Berviller', NULL, 1, 1),
(12, 12, 1, 35, NULL, 'Création d''une base de données de gestion des enfants', 'Access', '2002-05-03', 'Mme Laurence Barth', NULL, 1, 1),
(13, 13, 9, 28, NULL, 'Réalisation d''un logiciel de comptabilité', '', '2002-05-02', '', NULL, 1, 1),
(14, 14, 7, 40, NULL, 'Développement d''une IHM de gestion de produits', 'PowerBuilder, DB2', '2002-05-03', '', NULL, 1, 1),
(15, 15, 3, 39, NULL, 'Création d''un site Internet facilitant l''échange de fichiers', 'Php, mySQL', '2002-05-03', '', NULL, 1, 1),
(16, 16, 7, 40, NULL, 'Création d''un logiciel de suivi des lignes de production', 'BD, Business Objects', '2002-05-03', 'M. Jean DRYKONINGEN', NULL, 1, 1),
(17, 17, 8, 11, NULL, 'Développement d''une application de gestion des stages', 'Access, Visual Basic', '2002-04-22', 'Marie Chantal Denis', NULL, NULL, 2),
(18, 18, 8, 41, NULL, 'Création d''un pseudo-serveur de fichiers', 'Java, UML', '2002-05-03', 'M. Carlos Gamboa Dos Santos', NULL, 1, 1),
(19, 19, 6, 27, NULL, 'Développement d''une base de données', 'Access', '2002-05-02', 'M. Régis Bigot', NULL, 1, 1),
(20, 20, 8, 32, NULL, 'Amélioration d''un back office', 'Java, UML, C++, Postgresql', '2002-05-02', 'M. Eric Geoffroy', NULL, 1, 1),
(21, 21, 5, 45, NULL, 'Conception d''une base de données de gestion de parc immobilier', 'Access, ASP', '2002-05-15', 'M. Fabien Boulnois', NULL, 1, 1),
(22, 22, 8, 43, NULL, 'Développement d''une application de test de langues', 'Access, PHP, Visual Basic', '2002-05-15', '', NULL, 1, 1),
(23, 23, 6, 27, NULL, 'Mise en place d''une base de données croisées', 'Access', '2002-05-02', 'M. Régis Bigot', NULL, 1, 1),
(24, 24, 6, 27, NULL, 'Programmation d''une base de données de représentation de produit', 'Access', '2002-05-02', 'M. Laurent Berviller', NULL, 1, 1),
(25, 25, 12, 4, NULL, 'Création d''une base de données Clients', 'BD, Internet', '2002-04-22', 'M. Ney', NULL, 1, 1),
(26, 26, 11, 5, NULL, 'Développement d''un logiciel de gestion des stages', 'PHP, mySQL', '2002-04-22', 'Mme Finel', NULL, 1, 1),
(27, 27, 11, 10, NULL, 'Développement d''une base de données Matériaux', 'Access', '2002-04-22', 'M. Jean-Michel Jachmich', NULL, 1, 1),
(28, 28, 5, 16, NULL, 'Développement d''un outil de génération de pages web', 'Java, JSP, XML', '2002-04-30', 'M. Christophe Porte', NULL, 1, 1),
(29, 29, 12, 18, NULL, 'Développement d''une base de données de gestion des formations', 'BD, Visual Basic', '2002-04-30', '', NULL, 1, 1),
(30, 30, 4, 31, NULL, 'Réalisation d''un logiciel de gestion des applicatifs', '4D, Intranet', '2002-05-02', 'M. Nicolas Glad', NULL, 1, 1),
(31, 31, 2, 30, NULL, 'Développement d''un site Internet marchand', 'Internet, Commerce électronique', '2002-05-02', 'M. Goupil', NULL, 1, 1),
(32, 32, 9, 28, NULL, 'Réalisation d''un logiciel de gestion d''achat pour compte', 'Visual Basic', '2002-05-02', '', NULL, 1, 1),
(33, 33, 4, 34, NULL, 'Développement d''une application de gestion de documents', 'Access, Lotus Notes', '2002-05-03', '', NULL, 1, 1),
(34, 34, 11, 9, NULL, 'Etude en vue d''améliorer la productivité', '', '2002-04-22', 'M. Philippe Juin', NULL, 1, 1),
(35, 35, 4, 36, NULL, 'Développement d''une base de données accessible via Internet', 'BD, Internet', '2002-05-03', '', NULL, 1, 1),
(36, 36, 9, 37, NULL, 'Développement d''un logiciel de gestion de production', 'Access', '2002-05-03', '', NULL, 1, 1),
(37, 37, 7, 7, NULL, 'Développement d''une application de gestion des pannes', 'Visual Foxpro', '2002-04-22', '', NULL, 1, 1),
(38, 38, 11, 9, NULL, 'Conception d''une base de données de gestion des machines', 'Access', '2002-04-22', '', NULL, 1, 1),
(39, 39, 4, 42, NULL, 'Mise à jour de la base de données des pensions militaires', 'Access', '2002-05-15', 'Mme Ducat', NULL, 1, 1),
(40, 40, 4, 46, NULL, 'Développement d''une base de données liée au web', 'PHP, ASP, C++', '2002-05-15', 'M. JP Brechon', NULL, 1, 1),
(41, 41, 9, 44, NULL, 'Développement d''une application de gestion des pronostics', 'Access, ASP', '2002-05-15', '', NULL, 1, 1),
(42, 42, 11, 8, NULL, 'Conversion d''une application sous SuperDB vers Access', 'Access', '2002-04-22', 'M. Thomas Bianconi', NULL, 1, 1),
(43, 43, 12, 52, NULL, 'Développement d''un outil de synoptisme SGML/XML', 'XML, Delphi, Javascript', '2002-05-15', '', NULL, 1, 1),
(44, 44, 12, 52, NULL, 'Développement d''un outil de visualisation XML', 'XML, Delphi, Javascript, SQL Server', '2002-05-15', '', NULL, 1, 1),
(45, 45, 11, 8, NULL, 'Portage d''applications en C++', 'C++', '2002-04-22', 'M. Norbert Muller', NULL, 1, 1),
(46, 46, 6, 3, NULL, 'Mise à jour d''un logiciel de comptabilité', 'Access, Visual Basic, Crystal Report', '2002-04-30', 'Mme Anne-Marie Desindes', NULL, 1, 1),
(47, 47, 3, 54, NULL, 'Développement d''un espion réseau avionique', 'C, C++, réseau', '2002-05-15', '', NULL, 1, 1),
(48, 48, 5, 51, NULL, 'Développement d''un logiciel de gestion scolaire', 'Windev, Progress, Excel', '2002-05-15', '', NULL, 1, 1),
(49, 49, 2, 50, NULL, 'Développement d''un logiciel de mesures de four', 'Visual Basic', '2002-05-15', '', NULL, 1, 1),
(50, 50, 6, 3, NULL, 'Développement d''une application de gestion de l''apprentissage', 'Oracle, Access, Merise', '2002-04-12', 'M. André Masseran', NULL, 1, 1),
(51, 51, 7, 6, NULL, 'Intégration d''une base de données à un robot extracteur d''images', 'Java, BD', '2002-04-22', 'M. Gilles Halin', NULL, 1, 1),
(52, 52, 2, 19, NULL, 'Création de librairies de documents techniques', 'MS Share Point Portal Server', '2002-04-30', 'MM. Vieujean et Marchal', NULL, 1, 1),
(53, 53, 9, 17, NULL, 'Développement d''un logiciel de suivi des stages', 'Windev, Merise, Hyperfile', '2002-04-30', 'LTT Werner', NULL, 1, 1),
(54, 54, 8, 11, NULL, 'Développement d''une application de gestion des demandes d''interv', 'Oracle, PL/SQL', '2002-04-22', 'Mme Josée THIBEAULT', NULL, NULL, 2),
(55, 55, 2, 23, NULL, 'Passage d''une base de données sous ASP', 'ASP, Access', '2002-04-30', 'M. Christian Matz', NULL, 1, 1),
(56, 56, 8, 32, NULL, 'Réalisation d''un serveur d''envoi multicast', 'UML, Java, C++, Postgresql', '2002-05-02', 'M. Eric Geoffroy', NULL, 1, 1),
(57, 57, 5, 38, NULL, 'Développement d''une application de gestion du personnel', 'Delphi', '2002-05-03', '', NULL, 1, 1),
(58, 58, 8, 11, NULL, 'Mise à jour d''un logiciel de suivi des poursuites d''études', 'Access, Visual Basic', '2002-04-22', 'Jacques Rioux', NULL, NULL, 2),
(59, 59, 8, 48, NULL, 'Conception d''un logiciel de gestion de clientèle', 'Access', '2002-05-15', '', NULL, 1, 1),
(60, 60, 7, 47, NULL, 'Développement d''un logiciel de gestion du personnel', 'Windev, SQL Server', '2002-05-15', '', NULL, 1, 1),
(61, 61, 3, 53, NULL, 'Conception d''un logiciel de gestion de production', 'Access', '2002-05-15', '', NULL, 1, 1),
(62, 62, 3, 49, NULL, 'Mise à jour d''applications bureautiques', 'Visual Basic', '2002-05-15', '', NULL, 1, 1),
(63, 63, 7, 7, NULL, 'Développement d''une base de données Projets', 'BD', '2002-04-22', '', NULL, 1, 1),
(64, 65, 12, 81, NULL, 'Développement d''une base de données bibliographique', 'Access', '2002-07-05', 'Michel Aillerie', NULL, 1, 1),
(65, 66, 5, 66, NULL, 'Développement d''un tableau de bord', 'Excel, Access, VBA', '2002-06-13', 'M. Vincent Tronet', NULL, 1, 1),
(66, 67, 1, 33, NULL, 'Informatisation de fonds de bibliothèque au format XML', 'XML, SDX', '2002-05-03', 'M. François Pinot', NULL, 1, 1),
(67, 68, 2, 51, NULL, 'Mise à jour de logiciels de gestion de scolarité', 'Progress', '2002-06-13', '', NULL, 1, 1),
(68, 69, 2, 51, NULL, 'Mise à jour de logiciels de gestion de la scolarité', 'Progress', '2002-06-06', '', NULL, 1, 1),
(69, 70, 4, 59, NULL, 'Mise en place d''une solution de supervision du réseau', 'Réseau, NT, linux', '2002-05-31', 'M. Bernard Lafay', NULL, 1, 1),
(70, 71, 3, 79, NULL, 'Développement sous Access/Visual Basic', 'Access, Visual Basic', '2002-07-03', '', NULL, 1, 1),
(71, 72, 7, 68, NULL, 'Amélioration du processus d''édition des étiquettes code-barres', 'SAP, Java', '2002-06-14', 'M. Clément Poussin', NULL, 1, 1),
(72, 73, 12, 60, NULL, 'Développement d''un logiciel de gestion du parc informatique', 'Access, VBA, Web', '2002-06-06', 'M. Marc Barberi', NULL, 1, 1),
(73, 74, 8, 67, NULL, 'Développement d''un logiciel de gestion de four haute température', 'C++, Visual Basic', '2002-06-13', 'M. Christian Pivovard', NULL, 1, 1),
(74, 75, 11, 15, NULL, 'Développement d''outils Intranet pour les services de production', 'Merise, ASP, Java, SQL Server', '2002-04-24', '', NULL, 1, 1),
(75, 76, 3, 56, NULL, 'Conception et réalisation d''un portail Intranet', 'Internet, WebDev', '2002-05-16', 'M. Aziz Messaoudi', NULL, 1, 1),
(76, 77, 11, 63, NULL, 'Développement d''un logiciel de gestion de photothèque', 'MySql, Php', '2002-06-06', 'Claire Jolin', NULL, 1, 1),
(77, 78, 8, 78, NULL, 'Développement d''un logiciel de gestion de calendriers partagés', 'C, C++, mySQL, PHP, Perl', '2002-07-01', 'M. Vincent Flick', NULL, 1, 1),
(78, 79, 9, 55, NULL, 'Mise à jour d''un logiciel de gestion des véhicules', 'Access, Visual Basic', '2002-05-16', 'M. Frédéric Schafer', NULL, 1, 1),
(79, 80, 1, 51, NULL, 'Mise à jour de logiciels de gestion de la scolarité', 'Progress', '2002-06-06', '', NULL, 1, 1),
(80, 81, 1, 62, NULL, 'Réalisation d''un portail Internet de gestion de relation client', '4D', '2002-06-06', 'M. Michel Schwatz', NULL, 1, 1),
(81, 82, 1, 7, NULL, 'Développement d''un logiciel de gestion d''actions correctrices', 'Visual Foxpro', '2002-05-16', '', NULL, 1, 1),
(82, 84, 7, 12, NULL, 'Mise à jour d''une application de gestion des affaires', 'Access, Excel', '2002-04-22', 'M. Fabrice Thioliere', NULL, 1, 1),
(83, 85, 4, 73, NULL, 'Développement d''un logiciel de gestion des dossiers médicaux', '', '2002-06-28', '', NULL, 1, 1),
(84, 86, 12, 76, NULL, 'Crétaion d''une base de données de gestion de stocks', 'SGBD B-trees', '2002-06-28', '', NULL, 1, 1),
(85, 87, 5, 69, NULL, 'Développement d''un logiciel de gestion qualité', 'Access', '2002-06-18', '', NULL, 1, 1),
(86, 88, 9, 20, NULL, 'Développement d''un logiciel de gestion des dossiers patients', 'Access', '2002-04-29', 'Dr Perarneau', NULL, 1, 1),
(87, 89, 12, 74, NULL, 'Développement d''une base de données d''audit', 'Access, Visual Basic', '2002-06-28', '', NULL, 1, 1),
(88, 90, 12, 13, NULL, 'Développement d''un logiciel de gestion réseau', 'Microsoft Exchange, Microsoft Project', '2002-04-22', 'M. Thierry Singhoff', NULL, 1, 1),
(89, 94, 11, 70, NULL, 'Développement d''une base de données de gestion du parc informatique', '', '2002-06-21', 'M. Christian Meunier', NULL, 1, 1),
(90, 95, 9, 58, NULL, 'Développement d''applications Web', 'Java, XML, JSP, Servlets', '2002-05-30', 'Mme Geneviève Guibert', NULL, 1, 1),
(91, 96, 5, 49, NULL, 'Conception d''un système automatisé de recueil de données', 'Visual Basic, Excel', '2002-06-06', 'Mme Florine Midon', NULL, 1, 1),
(92, 98, 9, 77, NULL, 'Développement d''un logiciel d''aide à la prospection commerciale', 'Pascal, Delphi', '2002-07-01', 'M. Christophe Jaffeux', NULL, 1, 1),
(93, 99, 7, 64, NULL, 'Développement d''une base de données de gestion de fabrication', 'Access', '2002-06-13', 'M. Schubert', NULL, 1, 1),
(94, 101, 3, 82, NULL, 'Installation et administration d''un réseau local', '', '2002-09-05', '', NULL, 1, 1),
(95, 102, 7, 40, NULL, 'Mise à jour d''une base de données de gestion de cercles qualité', 'Access', '2002-06-14', 'Mme Christiane Contelly', NULL, 1, 1),
(96, 103, 9, 71, NULL, 'Développement d''une application d''envoi de fax par Intranet', 'Intranet', '2002-06-24', '', NULL, 1, 1),
(97, 105, 4, 75, NULL, 'Développement d''une application de gestion IP', 'Perl, Oracle', '2002-06-28', 'Jean-Hubert Antoine', NULL, 1, 1),
(98, 107, 9, 26, NULL, 'Mise à jour d''une base de données de suivi de la maintenance', '4D', '2002-05-15', 'M. Pascal Perek', NULL, 1, 1),
(99, 108, 5, 10, NULL, 'Création d''un logiciel d''optimisation de condition d''usinage', 'Delphi', '2002-06-24', 'M. Jean WENDENBAUM', NULL, 1, 1),
(100, 109, 2, 61, NULL, 'Mise à jour d''un logiciel de gestion du patrimoine', 'Access, Excel, Visual Foxpro', '2002-06-06', '', NULL, 1, 1),
(101, 110, 11, 57, NULL, 'Mise en production d''une application DB2/MVS', 'DB2, MVS, Gros système', '2002-05-23', '', NULL, 1, 1),
(102, 111, 5, 65, NULL, 'Développement d''état statistiques sous SAP', 'SAP, ABAP/4', '2002-06-13', 'Nicolas Stenger', NULL, 1, 1),
(103, 112, 2, 72, NULL, 'Développement d''une base de données de gestion de budget', 'Access, Excel', '2002-06-28', 'Mme Dominique Zegmou Frey', NULL, 1, 1),
(104, 113, 4, 80, NULL, 'Développement d''un librairie d''interfaçage', 'Delphi', '2002-07-05', '', NULL, 1, 1),
(105, 114, 7, 64, NULL, 'Développement d''une base de données de gestion de fabrication', 'Access', '2002-06-13', 'M. Schubert', NULL, 1, 1),
(106, 116, 4, 184, NULL, 'Développement d''une application de gestion du personnel', '', '2002-06-06', '', NULL, 1, 1),
(107, 117, 5, 19, NULL, 'Analyse et conception du traitement des dossiers administratifs', 'Adonis, Hermes', '2002-06-06', 'M. Etienne Barry', NULL, 1, 1),
(108, 118, 5, 14, NULL, 'Développement d''un logiciel de traitement d''images', 'C++, ALI, Aphelion, Visual Basic', '2002-04-22', 'M. P. Mouton', NULL, 1, 1),
(109, 120, 12, 93, NULL, 'Développement d''un logiciel de traitement d''images', 'Traitement d''images', '2003-03-18', 'M. Michel Sleziak', 1, 1, 1),
(110, 121, 9, 84, NULL, 'Développement de modules de comptabilité générale', 'Windev', '2003-01-09', 'M. Stéphane VIGNALE', 1, 1, 1),
(111, 122, 1, 88, NULL, 'Développement d''un logiciel de suivi financier', 'Visual Basic, PL/SQL, Oracle', '2003-01-29', 'M. Denis Lebrun', 1, 1, 1),
(112, 123, 15, 61, NULL, 'Création d''un outil de gestion des tourets', 'Access', '2003-04-03', 'M. Didier Beck', 1, 1, 1),
(113, 124, 1, 87, 2, 'Développement d''un logiciel de gestion logistique', 'Access', '2003-01-09', 'M. Sallerin', 1, 1, 1),
(114, 125, 5, 10, NULL, 'Conception d''une interface d''interrogation de base de données', 'Access', '2003-02-05', 'M. Jean-Michel Jachmich', 1, 1, 1),
(115, 126, 4, 51, NULL, 'Développement d''une application de gestion scolaire', 'Progress', '2003-03-19', 'M. Eric Xae', 1, 1, 1),
(116, 127, 2, 106, 8, 'Mise en oeuvre de Corba', 'C, C++', '2003-03-20', 'M. Siadat', 1, 1, 1),
(117, 128, 16, 3, 3, 'Développement d''un logiciel de gestion de parc informatique', 'Access', '2003-02-21', 'Mme Anne-Marie Desindes', 1, 1, 1),
(118, 129, 15, 61, 4, 'Développement d''une base de données de gestion du parc informatique', 'Access', '2003-02-21', 'M. Denis Schaff', 1, 1, 1),
(119, 130, 7, 98, NULL, 'Mise en place d''une base de données de gestion des retours', 'Access', '2003-03-11', 'M. Patrick Remm', 1, 1, 1),
(120, 131, 5, 89, NULL, 'Développement d''un logiciel de gestion d''archives', 'Windev', '2003-02-05', 'M. Jean-Marc Steuer', 1, 1, 1),
(121, 132, 15, 61, NULL, 'Création d''un outil de gestion des budgets', 'Access', '2003-04-03', 'M. Didier BECK', 1, 1, 1),
(122, 133, 9, 84, NULL, 'Développement d''un logiciel de comptabilité générale', 'Windev, Comptabilité', '2003-01-07', 'M. Stéphane VIGNALE', 1, 1, 1),
(123, 134, 1, 92, NULL, 'Développement d''une application de gestion d''extensions de garanties', 'Access', '2003-02-18', 'M. Arnaud Pierrot', 1, 1, 1),
(124, 135, 4, 51, NULL, 'Mise à jour d''un logiciel de gestion de taxe d''apprentissage', 'Windev, BD', '2003-02-03', 'M. Olivier Rouhier', 1, 1, 1),
(125, 136, 9, 25, NULL, 'Développement d''utilitaires en RPG', 'AS 400, RPG', '2003-03-18', 'M. Christophe FIGEAC', 1, 1, 1),
(126, 137, 8, 94, NULL, 'Création d''un site internet de vente de matériels d''occasion', 'ASP, VBScript, HTML', '2003-02-19', 'M. Frédéric Freund', 1, 1, 1),
(127, 138, 6, 90, 6, 'Développement d''un logiciel de gestion de caméras de surveillanc', 'C++', '2003-02-05', 'M. Alain Pauly', 1, 1, 1),
(128, 139, 11, 45, NULL, 'Développement d''une application de gestion académique', 'ASP, Frontpage', '2003-02-20', 'M. Fabien Boulnois', 1, 1, 1),
(129, 140, 7, 40, NULL, 'Développement d''un logiciel de formation', 'Access', '2003-03-21', 'M. Lionel MENGES', 1, 1, 1),
(130, 141, 1, 83, NULL, 'Développement d''un logiciel de recherche sémantique', 'C, Java', '2003-01-09', 'Mme Véronique Hoerner', 1, 1, 1),
(131, 142, 16, 96, NULL, 'Développement d''une application de gestion de pièces de tôlerie', 'C, Oracle', '2003-02-20', 'M. Benoit Chretien', 1, 1, 1),
(132, 143, 4, 4, NULL, 'Développement d''une base de données marketing.', 'Access', '2003-02-03', 'M. P. Ney', 1, 1, 1),
(133, 144, 12, 14, NULL, 'Amélioration d''un logiciel de gestion de tests de robustesse', 'Visual Basic', '2003-02-18', 'M. Thierry Sturel', 1, 1, 1),
(134, 145, 8, 95, NULL, 'Réalisation de l''application Courrier', 'Delphi', '2003-02-20', 'M. Serge Beckrich', 1, 1, 1),
(135, 146, 8, 41, NULL, 'Développement d''un logiciel de gestion de capteurs automobiles', 'Java, UML', '2003-03-24', 'M. Carlos Gamboa Dos Santos', 1, 1, 1),
(136, 147, 11, 110, NULL, 'Développement d''un site Internet dynamique', 'Internet, ASP', '2003-04-02', 'M. Marque', 1, 1, 1),
(137, 148, 7, 40, NULL, 'Développement d''une application de gestion d''analyses gaz', '', '2003-03-20', 'M. Dominique Dumay', 1, 1, 1),
(138, 149, 4, 34, NULL, 'Développement d''une application de gestion de prêts', 'DB2, AS 400, Lotus Notes', '2003-03-11', 'M. Eric Policretti', 1, 1, 1),
(139, 150, 5, 91, NULL, 'Mise en place d''un infocentre santé', 'Business Objects, Sybase', '2003-02-05', 'M. Michel Baldini', 1, 1, 1),
(140, 151, 1, 108, NULL, 'Refonte du site de l''Espace Multimédia', 'Php, mySQL, Access', '2003-03-21', 'M. SPITZNAGEL', 1, 1, 1),
(141, 152, 5, 10, NULL, 'Création d''un logiciel d''optimisation des conditions de perçage', 'Delphi', '2003-03-18', 'M. Gianni BOI', 1, 1, 1),
(142, 153, 7, 86, NULL, 'Mise en oeuvre d''une base de données facturation', 'C, mySQL', '2003-01-09', 'M. David Sieradzki', 1, 1, 1),
(143, 154, 5, 21, NULL, 'Développement d''un logiciel de gestion des absences', 'Delphi', '2003-02-03', 'M. Erba', 1, 1, 1),
(144, 155, 3, 5, NULL, 'Mise à jour d''un logiciel de gestion des stages', 'Php, mySQL', '2003-04-02', 'M. Julien Voirin', 1, 1, 1),
(145, 156, 8, 97, NULL, 'Développement d''une base de données de suivi du parc informatique', 'Access, Windev', '2003-03-11', 'M. Pacary', 1, 1, 1),
(146, 157, 16, 3, NULL, 'Exportation de données d''Access vers Oracle', 'Access, Oracle, VBA', '2003-03-27', 'M. André Masseran', 1, 1, 1),
(147, 158, 15, 105, NULL, 'Développement d''un logiciel de gestion des suggestions du personnel', 'Windev, Webdev, Access', '2003-03-18', 'M. Alexandre DELEPANQUE', 1, 1, 1),
(148, 159, 4, 31, 9, 'Développement d''une base de données de gestion des infractions', '4D', '2003-02-05', 'M. Christophe Bouton', 1, 1, 1),
(149, 161, 7, 99, NULL, 'Développement d''une base de données de gestion des bâtiments', 'Visual Basic', '2003-03-11', 'M. Terrien', 1, 1, 1),
(150, 162, 11, 112, NULL, 'Développement d''une application bancaire', '', '2003-04-02', 'Mme Delphine BRAUN', 1, 1, 1),
(151, 163, 8, 103, NULL, 'Développement d''un logiciel de gestion des rebuts', 'Access', '2003-03-13', 'M. Dominique Lallement', 1, 1, 1),
(152, 164, 12, 109, NULL, 'Développement d''un logiciel de traitement de mesure', 'Visual Basic', '2003-03-27', 'M. Luc Hilpert', 1, 1, 1),
(153, 165, 3, 100, NULL, 'Développement d''un outil de représentation d''un pavage pentagonal', 'C++, Recherche', '2003-03-13', 'Mme Isabelle PECCI', 1, 1, 1),
(154, 166, 11, 70, NULL, 'Développement d''une base de données de gestion des résidants', 'Php, ASP', '2003-03-11', 'M. Bosserelle', 1, 1, 1),
(155, 167, 3, 107, NULL, 'Participation au développement de WebCenter', 'Php, mySQL', '2003-03-20', 'M. Bussiere', 1, 1, 1),
(156, 168, 2, 14, NULL, 'Développement d''une application de gestion des tests de rupture', '', '2003-02-17', 'M. Jean-Pierre Bertrand', 1, 1, 1),
(157, 169, 12, 93, NULL, 'Développement d''une application de gestion de permis de conduire', 'BD', '2003-02-19', 'M. Dominique Colas', 1, 1, 1),
(158, 170, 6, 37, NULL, 'Développement d''une base de données sous Access', 'Access', '2002-12-10', 'M. Guy Schaeffer', 1, 1, 1),
(159, 171, 16, 3, NULL, 'Développement d''un logiciel de suivi de maintenance', 'Access, Oracle, VBA', '2003-03-13', 'M. André Masseran', 1, 1, 1),
(160, 172, 9, 85, NULL, 'Implantation d''une base de données ''Affaires''', 'Java, mySQL', '2003-01-09', 'M. Patrick CANIVEZ', 1, 1, 1),
(161, 173, 3, 101, NULL, 'Amélioration d''un logiciel de gestion du parc matériel', 'Java', '2003-03-13', 'M. TREMOL', 1, 1, 1),
(162, 174, 12, 14, NULL, 'Développement d''une base de données de gestion de la sous-traitance des métaux', 'Php, mySQL', '2003-02-14', 'M. Guy Carollo', 1, 1, 1),
(163, 175, 9, 85, NULL, 'Implantation d''une base de données ''Affaires''', 'Java, mySQL', '2003-01-09', 'M. Patrick CANIVEZ', 1, 1, 1),
(164, 176, 3, 43, NULL, 'Développement d''un logiciel de gestion de stages', 'Access, Php', '2003-03-14', 'M. Bertrand', 1, 1, 1),
(165, 177, 14, 32, NULL, 'Réalisation d''une technologie VPN basée sur les protocoles P2P', 'Java, UML, Postgresql, Oracle', '2003-01-07', 'M. Eric Geoffroy', 1, 1, 1),
(166, 178, 16, 102, NULL, 'Création d''un logiciel de transfert de données SAP/Access', 'SAP, Access', '2003-03-13', 'M. Mengin', 1, 1, 1),
(167, 179, 14, 32, NULL, 'Réalisation d''une technologie VPN basée sur les protocoles P2P', 'Java, UML, Postgresql, Oracle', '2003-01-07', 'M. Eric Geoffroy', 1, 1, 1),
(168, 180, 14, 32, NULL, 'Réalisation d''un agent de connexion à Exchange', 'Java, UML, Postgresql, Oracle', '2003-01-07', 'M. Eric Geoffroy', 1, 1, 1),
(169, 181, 2, 104, NULL, 'Développement d''un portail internet', 'Java, Php, html, xml, PostgreSQL', '2003-03-18', 'M. Régis GRESSON', 1, 1, 1),
(170, 182, 14, 32, NULL, 'Réalisation d''un agent de connexion à Exchange', 'Java, UML, Postgresql, Oracle', '2003-01-07', 'M. Eric Geoffroy', 1, 1, 1),
(171, 183, 2, 104, NULL, 'Développement d''un portail internet', 'Java, Php, html, xml, PostgreSQL', '2003-03-18', 'M. Régis GRESSON', 1, 1, 1),
(172, 184, 11, 68, NULL, 'Création d''un outil de gestion d''étiquetage', 'Visual Basic', '2003-02-12', 'M. Clément Poussin', 1, 1, 1),
(173, 185, 2, 14, NULL, 'Développement d''un logiciel de calcul de fissures', '', '2003-02-12', 'M. André GALTIER', 1, 1, 1),
(174, 186, 2, 14, NULL, 'Développement d''un logiciel de gestion de stock', 'BD', '2003-03-18', 'M. A. Galtier', 1, 1, 1),
(175, 189, 15, 119, NULL, 'Développement d''un logiciel de simulation de placement des gaz', 'Access, Visual Basic', '2003-06-10', 'M. Ph. RAVAUX', 1, 1, 1),
(176, 190, 9, 37, NULL, 'Migration d''une base de données sous Acces vers intranet', 'Access, ASP', '2003-06-18', 'M. Guy SCHAEFFER', 1, 1, 1),
(177, 191, 8, 113, 11, 'Développement d''une application de gestion d''un parc informatique', 'Visual Basic, SQL Server', '2003-05-06', 'M. Sebastien THONNATTE', 1, 1, 1),
(178, 193, 14, 70, NULL, 'Réalisation d''un planificateur de tâches', 'BD', '2003-04-08', 'M. Bosserelle', 1, 1, 1),
(179, 194, 11, 111, NULL, 'Gestion d''un parc Micro', 'PostgreSQL, PHP, html, javascript', '2003-04-08', 'M. Marc Turquais', 1, 1, 1),
(180, 195, 15, 61, NULL, 'Création d''un site Intranet permettant la coordination de travaux', 'PHP, ASP, Access, Lotus Notes,', '2003-06-10', 'M. Pierrick GUEVEL', 1, 1, 1),
(181, 196, 4, 119, NULL, 'Développement d''un logiciel de gestion de brames', 'Access, Business Objects, AB+', '2003-06-10', 'M. P. CECCHINI', 1, 1, 1),
(182, 197, 3, 120, NULL, 'Développement d''une interface de gestion de clientèle', 'BD', '2003-06-06', 'M. Yassine MELLAK', 1, 1, 1),
(183, 198, 16, 51, NULL, 'Mise à jour d''un logiciel de gestion scolaire', 'Progress', '2003-05-14', 'M. Olivier ROUHIER', 1, 1, 1),
(184, 199, 14, 9, NULL, 'Gestion des travaux informatiques de l''aciérie', 'Access, Visual Basic', '2003-06-03', 'M. TREHET', 1, 1, 1),
(185, 200, 1, 126, NULL, 'Conception et réalisation d''un site Internet', 'Dreamweaver', '2003-07-10', 'M. Arnauld LECLERC', 1, 1, 1),
(186, 201, 11, 114, NULL, 'Mise à jour d''un logiciel de gestion de prestations', 'L4G Adelia, SQL', '2003-05-06', 'M. Romain SABEL', 1, 1, 1),
(187, 202, 7, 61, NULL, 'Création d''un outil pour le suivi des activités cartographiques', 'Access', '2003-06-20', 'M. Philippe NAUDIN', 1, 1, 1),
(188, 203, 1, 62, NULL, 'Développement d''un site extranet', '4D, Internet', '2003-06-24', 'M. Emmanuel PIQUET', 1, 1, 1),
(189, 204, 5, 123, NULL, 'Développement d''un logiciel de gestion des formations', 'Php, mySQL', '2003-06-30', 'M. Gilles DEROSSI', 1, 1, 1),
(190, 206, 9, 124, NULL, 'Développement d''une base de données de gestion des pompiers volontaires', 'Access', '2003-07-04', 'M. Jacques BORN', 1, 1, 1),
(191, 207, 14, 14, NULL, 'Développement d''un logiciel de tests automatiques', 'C', '2003-06-03', 'M. J-J Huiyssen', 1, 1, 1),
(192, 208, 2, 2, 10, 'Intégration d''une base de données sur un portail internet', 'Access, mySQL', '2003-06-19', 'M. Gérard JAFFELIN', 1, 1, 1),
(193, 209, 9, 122, NULL, 'Développement d''un logiciel de gestion commerciale', 'Access', '2003-06-27', 'M. Jean-Luc SKOWRON', NULL, 1, 1),
(194, 210, 5, 40, NULL, 'Développement d''un logiciel de gestion de stock', 'Access', '2003-05-26', 'M. Victor DEMARET', 1, 1, 1),
(195, 211, 8, 58, NULL, 'Développement d''une application internet de gestion des tarifs', 'Java, web, Struts', '2003-06-12', 'M. Pierre KEREKES', 1, 1, 1),
(196, 212, 7, 61, NULL, 'Création d''un outil pour le suivi des activités cartographiques', 'Access', '2003-06-20', 'M. Philippe NAUDIN', 1, 1, 1),
(197, 213, 4, 118, NULL, 'Développement d''une base de données de gestion de fournitures', 'mySQL, Oracle, Windev', '2003-05-30', 'M. Pierre BANZET', NULL, 1, 1),
(198, 214, 3, 61, NULL, 'Développement d''une application intranet de gestion des investissements', 'ASP, Access', '2003-06-03', 'M. Didier BECK', 1, 1, 1),
(199, 215, 4, 125, NULL, 'Création d''un logiciel de facturation des garages', 'Access', '2003-07-10', 'M. Hubert ENAMA ONANA', 1, 1, 1),
(200, 216, 15, 119, NULL, 'Développement d''un logiciel de simulation de placement des gaz', 'Access, Visual Basic', '2003-06-10', 'M. Ph. RAVAUX', 1, 1, 1),
(201, 217, 3, 61, NULL, 'Développement d''une application intranet de gestion des investissements', 'Access, ASP', '2003-06-03', 'M. Didier BECK', 1, 1, 1),
(202, 218, 12, 115, NULL, 'Mise à jour d''applications commerciales', 'Progress, BD', '2003-05-12', 'M. Eric AUBRY', 1, 1, 1),
(203, 219, 1, 121, NULL, 'Développement d''un site de vente en ligne', 'ASP, Access', '2003-06-27', 'Mlle Lilia BEN SOLTANE', 1, 1, 1),
(204, 220, 16, 51, NULL, 'Développement d''un logiciel de gestion scolaire', 'Progress', '2003-07-04', 'M. Olivier ROUHIER', 1, 1, 1),
(205, 221, 12, 116, NULL, 'Développement d''une application de gestion des coûts de revient', 'Access', '2003-05-13', 'M. Roman PAVLYUK', 1, 1, 1),
(206, 222, 9, 49, NULL, 'Application réseau de gestion des bilans de fabrication', 'Visual Basic', '2004-02-02', 'M. STUCKMANN', 1, 1, 1),
(207, 223, 5, 130, NULL, 'Développement d''une application de gestion des ordres de mission', 'Windev', '2004-02-02', 'M. BELLO', 1, 1, 1),
(208, 224, 9, 137, NULL, 'Développement d''une application de gestion clients', '', '2004-02-06', 'M. BRUANT', 1, 1, 1),
(209, 225, 9, 85, NULL, 'Développement d''un système de gestion de projets informatiques', 'Php, mySQL', '2004-03-04', 'M. Claude ROCHE', 1, 1, 1),
(210, 226, 5, 10, NULL, 'Développement d''une base de données de gestion de documents techniques', 'BD, Delphi', '2004-02-23', 'M. JM JACHMICH', 1, 1, 1),
(211, 227, 8, 134, NULL, 'Développement d''une base de données de gestion de supports pédagogiques', 'Access, mySQL, intranet', '2004-02-03', 'M. Michel WERNERT', 1, 1, 1),
(212, 228, 2, 132, NULL, 'Développement d''une interface graphique de visualisation de vecteurs', 'Java, C++', '2004-02-02', 'M. Christophe COLLARD', 1, 1, 1),
(213, 229, 14, 32, NULL, 'Développement d''un site web dynamique', 'Apache, Java, JSP, Postgresql', '2004-03-10', 'M. Eric GEOFFROY', 1, 1, 1),
(214, 230, 1, 150, NULL, 'Développement d''une plateforme cliente BTB', 'ASP, XML, VBScript, Access', '2004-03-04', 'M. Fabrice REYNDERS', 1, 1, 1),
(215, 231, 2, 154, NULL, 'Développement d''une application intranet', 'PHP, MySQL', '2004-03-23', 'M. Morgan FABBRI', 1, 1, 1),
(216, 232, 5, 119, NULL, 'Développement d''un logiciel de gestion des lignes de fabrication', 'ASP, Javascript, html', '2004-01-12', 'M. François Maziarczyk', 1, 1, 1),
(217, 233, 2, 141, NULL, 'Développement d''un portail web', 'Java, J2EE, JSP, Servlets, HTML, CSS, XHTML', '2004-02-25', 'M. A. ADAMOU', 1, 1, 1),
(218, 234, 16, 149, NULL, 'Réalisation d''une application de tableau de bord', 'Windev, Informix, Access', '2004-03-04', 'M. Toufic Abou Dahr', 1, 1, 1),
(219, 235, 15, 21, NULL, 'Développement d''un logiciel de gestion des absences scolaires', 'Delphi, C++, SGBD', '2004-01-06', 'M. André Erba', 1, 1, 1),
(220, 236, 8, 11, NULL, 'Développement d''un utilitaire de détection de configuration logicielle', 'Oracle', '2004-02-02', 'Mme Josée Thibeault', NULL, NULL, 1),
(221, 237, 11, 138, NULL, 'Mise à jour d''un site Web', 'ASP, SQL, HTML', '2004-02-23', 'M. Maurice D''ALIMONTE', 1, 1, 1),
(222, 238, 12, 148, NULL, 'Développement d''un intranet', 'intranet, réseau', '2004-03-03', 'M. Michel AILLERIE', 1, 1, 1),
(223, 239, 3, 17, NULL, 'Développement d''applications de gestion du matériel et des habilitations', 'Windev, Webdev, HTML, Javascript', '2004-01-06', 'Cne WERNER', 1, 1, 1),
(224, 240, 3, 17, NULL, 'Développement d''une application de suivi des personnels de réserve', 'Windev, Webdev, mySQL', '2004-02-02', 'Cne WERNER', 1, 1, 1),
(225, 241, 16, 153, NULL, 'Migration d''une base de données SQL Server vers Oracle', 'SQL Server, Oracle', '2004-03-23', 'M. François WAGNER', 1, 1, 1),
(226, 242, 4, 7, NULL, 'Mise à jour d''une base de données de gestion des postes électriques', 'Oracle, SQL, HTML, TCL/TK', '2004-03-15', 'M. ROYNETTE', 1, 1, 1),
(227, 243, 1, 129, NULL, 'Mise à jour d''une application de gestion des Ressources Humaines', 'SQL Server, Access', '2004-01-26', 'M. Régis COMAZZI', 1, 1, 1),
(228, 244, 16, 100, NULL, 'Portage d''une application de Windows vers PocketPC', 'Recherche, Visual C++', '2004-05-18', 'M. Benoît MARTIN', 1, 1, 1),
(229, 245, 9, 85, NULL, 'Développement d''une base de données commerciale', 'Php, mySQL, Visual Basic, Cobol', '2004-03-04', 'M. Claude ROCHE', 1, 1, 1),
(230, 246, 14, 61, NULL, 'Développement d''une application de suivi Clients', 'Visual Basic', '2004-03-01', 'M. Christophe GOULON', 1, 1, 1),
(231, 247, 8, 143, NULL, 'Création d''un site internet accessible aux non-voyants', 'Web, Php, html, ', '2004-03-01', 'M. Raymond NEY', 1, 1, 1),
(232, 248, 9, 158, NULL, 'Développement d''un site web dynamique', 'ASP', '2004-03-30', 'M. Bruno MOUTON', 1, 1, 1),
(233, 249, 15, 151, NULL, 'Développement d''une base de données de gestion des résidents', 'Access', '2004-03-17', 'M. DUGRAIN', 1, 1, 1),
(234, 250, 8, 157, NULL, 'Développement d''un site web de gestion de consommations téléphoniques', 'PHP, PostgreSQL, HTML', '2004-03-30', 'M. Johann MAIRE', 1, 1, 1),
(235, 251, 15, 128, NULL, 'Mise en réseau d''une application monoposte', 'Delphi', '2004-01-06', 'M. Jean-Paul LOUIS', 1, 1, 1),
(236, 252, 11, 146, 13, 'Développement d''outils statistiques liés au web', 'PHP, XML, BD', '2004-03-03', 'M. Christophe RISCH', 1, 1, 1),
(237, 253, 11, 91, NULL, 'Développement d''un outil de suivi d''indicateurs', 'Php, Sybase', '2004-03-17', 'M. ABID', 1, 1, 1),
(238, 254, 14, 61, NULL, 'Développement d''une application de gestion des interventions', 'Access, Visual Basic', '2004-03-01', 'M. Patrice DALSTEIN', 1, 1, 1),
(239, 255, 12, 156, 12, 'Développement d''une application de traitements de données optiques', 'Recherche, C++', '2004-03-30', 'M. Alberto BARSELLA', 1, 1, 1),
(240, 256, 15, 128, NULL, 'Mise en réseau d''une application de gestion financière', 'C++, réseau', '2004-02-24', 'M. Jean-Paul LOUIS', 1, 1, 1),
(241, 257, 11, 92, NULL, 'Développement d''une application de gestion de stocks', 'Access', '2004-02-06', 'M. Arnaud PIERROT', 1, 1, 1),
(242, 258, 7, 142, NULL, 'Développement d''une base de données de gestion comptable', 'Access', '2004-02-25', 'M. Hervé RINGLER', 1, 1, 1),
(243, 259, 8, 186, NULL, 'Développement d''une application de gestion des services enseignants', 'PHP', '2004-04-08', 'M. Pierre LAROCHE', 1, 1, 1),
(244, 260, 5, 145, NULL, 'Développement d''une base de données de suivi de facturation', 'BD', '2004-03-02', 'Mme Martine SCHMIT', 1, 1, 1),
(245, 261, 16, 127, NULL, 'Développement d''une base de données de surveillance de marché', 'Java, JSP, Oracle, Websphere', '2004-01-06', 'M. Cédric LOMBARDI', 1, 1, 1),
(246, 262, 14, 61, NULL, 'Développement d''une base de données de gestion qualité', 'Access, VBA', '2004-03-15', 'M. Phillipe Naudin', 1, 1, 1),
(247, 263, 16, 147, NULL, 'Mise à jour d''un logiciel de gestion d''ordres de fabrication', 'Visual Basic', '2004-03-03', 'M. Ch BRODIEZ', 1, 1, 1),
(248, 264, 3, 133, NULL, 'Développement d''une application de gestion de la formation continue', 'Visual Basic', '2004-02-02', 'M. GRARADJI', 1, 1, 1),
(249, 265, 2, 27, NULL, 'Développement d''applications web de gestion de connaissances', 'Java, JSP, XML', '2004-03-30', 'M. Ali SIADAT', 1, 1, 1),
(250, 266, 1, 155, NULL, 'Développement d''un intranet dynamique', 'Java, UML, SQL Server', '2004-03-25', 'M. LAUX', 1, 1, 1),
(251, 267, 3, 51, NULL, 'Développement d''un module de gestion de notes scolaires', 'Progress, Lotus Notes', '2004-03-03', 'M. Olivier ROUHIER', 1, 1, 1),
(252, 268, 11, 78, NULL, 'Développement d''une base de données de gestion des plannings', 'PHP, mySQL', '2004-02-02', 'Mme C. MARING', 1, 1, 1),
(253, 269, 4, 3, NULL, 'Développement d''application de gestion de coopérative agricole', 'Access', '2004-02-23', 'Mme Anne-Marie DESINDES', 1, 1, 1),
(254, 270, 12, 140, NULL, 'Développement d''une application de gestion d''affaires', 'Access', '2004-02-24', 'M. Philippe MOULIN', 1, 1, 1),
(255, 271, 1, 131, NULL, 'Développement d''un module de gestion d''affaires', 'Delphi, Php, SQL', '2004-02-02', 'M. Jean-Charles ALTHOFFER', 1, 1, 1),
(256, 273, 4, 135, NULL, 'Développement d''une bases de données clients', 'SQL Server, intranet', '2004-02-03', 'M. Eric TISON', 1, 1, 1),
(257, 274, 4, 70, NULL, 'Développement d''une base de données de gestion de stocks', 'Access', '2004-02-25', 'M. MEUNIER', 1, 1, 1),
(258, 275, 9, 160, NULL, 'Développement d''une base de données', 'Access', '2004-04-01', 'M. Jérôme NICOLAY', 1, 1, 1),
(259, 277, 7, 152, NULL, 'Création d''un site Internet', 'Php, MySQL', '2004-03-17', 'M. Daniel MORET', 1, 1, 1),
(260, 278, 14, 32, NULL, 'Développement d''un site web dynamique', 'Java, JSP, Postgresql, Apache', '2004-03-24', 'M. Eric GEOFFROY', 1, 1, 1),
(261, 279, 2, 159, NULL, 'Développement d''un intranet de gestion des incidents', 'ASP', '2004-03-30', 'M. Baptiste SALVI', 1, 1, 1),
(262, 280, 7, 139, NULL, 'Développement d''un logiciel de gestion de SPA', 'mySQL, Delphi', '2004-02-24', 'M. Jean-Baptiste GASCARD', 1, 1, 1),
(263, 281, 12, 144, NULL, 'Développement d''applications de gestion', 'Visual Basic, ASP, Javascript', '2004-03-01', 'M. Hartmann', 1, 1, 1),
(264, 282, 7, 62, NULL, 'Réalisation d''un programme de synchronisation Mac-PDA', '4D, Mac, PDA', '2004-03-10', 'M. Manuel PIQUET', 1, 1, 1),
(265, 283, 7, 136, NULL, 'Développement d''une application de gestion de parc informatique', 'Access, Visual Basic', '2004-02-06', 'M. Antoine GUALANO', 1, 1, 1),
(266, 284, 3, 14, NULL, 'Restructuration de la base de données de suivi de maintenance', 'Access', '2004-02-02', 'M. Jean-Luc FAVIER', 1, 1, 1),
(267, 287, 16, 175, 14, 'Développement d''un logiciel de gestion du commissionnement vendeurs', 'Windev, SQL,', '2004-06-18', 'M. Sylvain RIBAUD', 1, 1, 1),
(268, 288, 12, 49, NULL, 'Développement d''un logiciel de gestion de bilans de fabrication', 'Visual Basic, SAP', '2004-06-03', 'Mme Angélique LELIEVRE', 1, 1, 1),
(269, 289, 16, 167, NULL, 'Développement d''un logiciel de gestion des astreintes', 'Autocad, A3iNET', '2004-06-03', 'M. Alexandre NARCY', 1, 1, 1),
(270, 290, 3, 160, NULL, 'Développement d''une base de données de suivi de chantiers', 'Access', '2004-06-24', 'M. NICOLAY', 1, 1, 1),
(271, 291, 4, 170, NULL, 'Développement d''un site dynamique de gestion de la Maison de le Formation', '', '2004-06-08', 'M. SCHNEIDER', 1, 1, 1),
(272, 293, 14, 32, NULL, 'Développement d''une interface VPN SSL sur Palm OS', 'C, C++, Palm OS', '2004-05-19', 'M. Eric GEOFFROY', 1, 1, 1),
(273, 294, 2, 166, NULL, 'Développement d''un site  intranet', 'HTML, ASP, Access', '2004-06-03', 'M. Hervé FELIX', 1, 1, 1),
(274, 296, 5, 119, NULL, 'Développement d''un logiciel de gestion d''analyses matières', 'AS 400, SQL, Visual Basic', '2004-06-04', 'Mme Sophie CLAIRAY', 1, 1, 1),
(275, 297, 11, 163, NULL, 'Développement d''une base de données de gestion d''agence immobilière', 'Access', '2004-05-11', 'M. Philippe DI BACCO', 1, 1, 1),
(276, 299, 8, 180, NULL, 'Développement d''un logiciel de gestion de boulangerie', '', '2004-07-08', 'M. Antoine', 1, 1, 1),
(277, 301, 7, 165, NULL, 'Développement d''un site internet dynamique', 'Php', '2004-05-28', 'M. Jean-Luc GILLET', 1, 1, 1),
(278, 302, 4, 61, NULL, 'Développement d''un tableau de bord pour la base Patrimoine', 'Access', '2004-06-22', 'M. Philippe NAUDIN', 1, 1, 1),
(279, 304, 3, 169, NULL, 'Développement d''une application de gestion de contrats', 'PHP, Oracle', '2004-06-04', 'M. Nicolas OLIE', 1, 1, 1),
(280, 305, 2, 20, NULL, 'Développement d''un intranet de gestion d''annuaire', 'PHP, OpenLdap', '2004-06-03', 'Mme Virginie ROLLAND', 1, 1, 1),
(281, 306, 14, 32, NULL, 'Développement d''un client d''accès distant', 'C, C++', '2004-06-22', 'M. Eric GEOFFROY', 1, 1, 1),
(282, 307, 1, 161, NULL, 'Développement d''un logiciel de maintenance de parc informatique', 'Visual Basic', '2004-04-21', 'M. Christophe COGNEAUX', 1, 1, 1),
(283, 308, 5, 145, NULL, 'Développement d''une application de gestion d''un port fluvial', 'SQL Server, ASP,', '2004-06-18', 'M. Philippe LALLEMENT', 1, 1, 1),
(284, 309, 5, 119, NULL, 'Développement d''un outil de diagnostic', 'Visual Basic', '2004-06-22', 'Mme Sophie CLAIRAY', 1, 1, 1),
(285, 310, 11, 77, NULL, 'Développement d''un site Internet', 'Internet, BD', '2004-04-23', 'M. Christophe JAFFEUX', 1, 1, 1),
(286, 311, 12, 78, NULL, 'Création d''un moteur de recherche pour un site de petites annonces', 'Web', '2004-06-18', 'Mme MARING', 1, 1, 1),
(287, 312, 2, 173, NULL, 'Développement d''une application de gestion de maison de retraite', 'BdD, Web', '2004-06-15', 'Mme KRIEGEL', 1, 1, 1),
(288, 313, 7, 174, NULL, 'Développement d''un outil de traitement de données', '', '2004-06-17', 'M. Guilain PIERRON', 1, 1, 1),
(289, 314, 12, 78, NULL, 'Développement d''un moteur de recherche', 'Web', '2004-06-24', 'Mme MARING', 1, 1, 1),
(290, 315, 15, 179, NULL, 'Gestion des suivis clients et salariés', 'Linux, apache, Php, HTML, mysql, quanta', '2004-07-01', 'M. DUQUENNE', 1, 1, 1),
(291, 316, 3, 177, NULL, 'Développement d''un site Internet', 'Web, accessibilité', '2004-06-18', 'M. Patrice Bourson', 1, 1, 1),
(292, 317, 1, 159, NULL, 'Mise en place d''outils de traitement automatique de fichiers', '', '2004-04-29', 'M. CREMER', 1, 1, 1),
(293, 318, 3, 172, NULL, 'Développement d''une base de données', '', '2004-06-14', 'M. Karim MALEK', 1, 1, 1),
(294, 319, 15, 168, NULL, 'Développement d''une application de gestion de stocks', 'Visual Basic, Access', '2004-06-03', '', NULL, NULL, 1),
(295, 320, 8, 186, NULL, 'Sujet ACSI UML', 'ACSI, UML', '2004-07-13', 'M. Pierre LAROCHE', NULL, 1, 1),
(296, 321, 1, 128, NULL, 'Mise en réseau d''une application de gestion financière', 'C++', '2004-06-28', 'M. Jean-Paul LOUIS', 1, 1, 1),
(297, 322, 4, 102, NULL, 'Développement d''une application de suivi d''investissements', 'Access', '2004-07-07', '', NULL, 1, 1),
(298, 324, 8, 164, NULL, 'Développement d''un logiciel de traitement d''image', 'C', '2004-05-11', 'M. Olivier PETIT', 1, 1, 1),
(299, 327, 11, 162, NULL, 'Refonte de la gestion des cartes de paiement', 'DB2, C, Cobol', '2004-04-29', 'M. Jean HILGER', NULL, 1, 1),
(300, 328, 12, 16, NULL, 'Développement bancaire', 'Cobol', '2004-07-13', 'Mme Marie-Eve BOUVIER', 1, 1, 1),
(301, 329, 2, 132, NULL, 'Développement d''une interface graphique de visualisation de vecteurs', 'Java, C++', '2004-05-28', 'M. Christophe COLLARD', 1, 1, 1),
(302, 330, 16, 51, NULL, 'Développement d''un logiciel de gestion d''écritures comptable', 'Progress', '2004-06-22', 'M. XAE', NULL, 1, 1),
(303, 331, 14, 176, NULL, 'Développement d''un site internet', 'Web', '2004-06-18', 'M. Patrice Bourson', 1, 1, 1),
(304, 332, 4, 102, NULL, 'Développement d''une base de données de gestion qualité', 'Access', '2004-06-10', 'M. MANGIN', 1, 1, 1),
(305, 333, 12, 78, NULL, 'Développement du site internet de l''entreprise', 'PHP, mySQL', '2004-07-01', 'Mme Catherine MARING', 1, 1, 1),
(306, 334, 7, 70, NULL, 'Création d''une base de données de gestion des admissions des résidents', 'PHP, mySQL', '2004-06-25', 'M. Benoît BOSSERELLE', NULL, NULL, 1),
(307, 335, 14, 181, NULL, 'Développement d''un suivi de production industrielle', 'Oracle, OpenVMS', '2004-10-08', 'M. Marc LESCRENIER', 1, 1, 1),
(308, 336, 16, 75, NULL, 'Rétro-conception d''une application de gestion d''équipements', 'Perl, Apache, mySQL', '2005-03-14', 'M. Jean-François LE MADEC', 1, 1, 1),
(309, 337, 2, 27, NULL, 'Implantation de la méthode AMDEC dans une base de données objet', 'UML, SGBD OO, Java', '2005-02-25', 'M. Ali SIADAT', 1, 1, 1),
(310, 338, 5, 203, 15, 'Développement d''une application d''échange électronique de données', 'XML, Java', '2005-03-22', 'M. François REIMERINGER', 1, 1, 1),
(311, 339, 5, 3, NULL, 'Mise à jour d''un logiciel de gestion comptable', 'Access', '2005-02-25', 'Mme Anne-Marie DESINDES', 1, 1, 1),
(312, 340, 14, 216, NULL, 'Développement d''une base de données de gestion de prototypes', 'Access', '2005-04-04', 'M. Pierre BOZET', 1, 1, 1),
(313, 341, 15, 7, NULL, 'Développement d''une application de gérance de codes-barres', '', '2005-02-04', 'M. Daniel PIAI', 1, 1, 1),
(314, 342, 3, 220, NULL, 'Développement d''une application peer-to-peer', '', '2005-04-12', 'M. Damian Niwinski', 1, 1, 1),
(315, 344, 8, 182, NULL, 'Développement d''un site Internet dynamique', 'Web, BdD, HTML, PHP', '2004-11-25', 'M. Jean-Pierre GRISO', 1, 1, 1),
(316, 345, 3, 195, NULL, 'Développement d''une base de données', 'Access, 4D', '2005-03-01', 'M. Stéphane MARCHAL', 1, 1, 1),
(317, 346, 19, 208, NULL, 'Développement d''un système de sauvegardes', 'BdD', '2005-03-23', 'M. Patrick SPENLEHAUER', 1, 1, 1),
(318, 347, 3, 21, NULL, 'Développement d''un logiciel de gestion des clients', 'Delphi, C++', '2005-01-12', 'M. André ERBA', 1, 1, 1),
(319, 348, 2, 132, NULL, 'Développement d''une interface graphique', 'Java, C, C++', '2005-03-01', 'M. Christophe COLLARD', 1, 1, 1),
(320, 349, 15, 7, NULL, 'Elaboration de procédures de tests sous JUnit', 'Java, JUnit', '2005-02-11', 'M. Vincent MIZZON', 1, 1, 1),
(321, 350, 1, 210, NULL, 'Développement d''un logiciel de gestion de formules chimiques', 'Access, Oracle', '2005-03-29', 'M. Olivier GUILBAUD', 1, 1, 1),
(322, 351, 2, 128, NULL, 'Mise en réseau d''une application fiscale', 'C++', '2005-03-10', 'M. Jean-Paul LOUIS', 1, 1, 1),
(323, 352, 7, 189, NULL, 'Développement d''un logiciel de gestion d''essais de fatigue', 'BdD', '2005-01-27', 'M. André GALTIER', 1, 1, 1),
(324, 353, 7, 189, NULL, 'Développement d''un module d''analyse de ruptures', 'BdD', '2005-01-27', 'M. Thierry STUREL', 1, 1, 1),
(325, 354, 4, 205, NULL, 'Développement d''une application de gestion du personnel', 'Access', '2005-03-22', 'M. Dominique KUHN', 1, 1, 1),
(326, 355, 4, 61, NULL, 'Développement d''une base de données de gestion financière', 'Access, VBA', '2005-01-07', 'M. Philippe NAUDIN', 1, 1, 1),
(327, 356, 4, 200, NULL, 'Développement d''un logiciel de gestion de parc', 'PHP, mySQL', '2005-03-14', 'M. Cédric DERR', 1, 1, 1),
(328, 357, 5, 164, NULL, 'Développement d''une application de gestion de caméras', '', '2005-03-11', 'M. Olivier PETIT', 1, 1, 1),
(329, 358, 12, 10, NULL, 'Développement d''une base de données en réseau', 'BD, HTML, UML', '2004-11-25', 'M. Jean WENDENBAUM', 1, 1, 1),
(330, 359, 19, 204, NULL, 'Développement d''un projet de paiement sécurisé', '', '2005-03-22', 'M. Dominique GERNE', 1, 1, 1),
(331, 360, 1, 187, NULL, 'Développement d''une base de données de gestion qualité', 'Access, VBA', '2005-01-18', 'M. Philippe LOUIS', 1, 1, 1),
(332, 361, 15, 7, NULL, 'Mise à jour d''un logiciel de gestion des habilitations', '', '2005-03-14', 'M. KURTZMANN', 1, 1, 1),
(333, 362, 12, 215, NULL, 'Automatisation de traitements de spectres', '', '2005-04-04', 'Mme Anne DELILLE', 1, 1, 1),
(334, 363, 4, 20, NULL, 'Développement d''un annuaire téléphonique', 'PHP, mySQL', '2005-01-07', 'M. Albert CRUMBACH', 1, 1, 1),
(335, 364, 2, 132, NULL, 'Développement d''un interpréteur de fonctions', 'C, C++', '2005-02-10', 'M. Christophe COLLARD', 1, 1, 1),
(336, 365, 5, 40, NULL, 'Migration de bases de données d''Access vers SQL Server', 'ASP, Access, SQL Server', '2005-02-10', 'Mme Christiane CONTELLY', 1, 1, 1),
(337, 366, 16, 217, NULL, 'Développement d''un logiciel de gestion scolaire', 'dBase', '2005-04-04', 'M. Henri SOURD', 1, 1, 1),
(338, 367, 2, 132, NULL, 'Développement d''une interface graphique', 'Java', '2005-04-12', 'M. Christophe COLLARD', 1, 1, 1),
(339, 368, 14, 214, NULL, 'Développement d''un site web', 'PHP, mySQL, flash', '2005-03-31', 'M. Bruno GANDOULY', 1, 1, 1),
(340, 369, 11, 212, NULL, 'Développement d''un système d''installation', 'XUL, C++', '2005-03-30', 'M. Pierre PINO', 1, 1, 1),
(341, 370, 8, 191, NULL, 'Développement d''un logiciel de gestion des prestations', 'PHP, mySQL', '2005-02-03', 'M. Jean CLEMENS', 1, 1, 1),
(342, 371, 3, 194, NULL, 'Développement du site de l''entreprise', 'PHP, FoxPro', '2005-02-11', 'M. Rémi EMMANUEL', 1, 1, 1),
(343, 372, 19, 193, NULL, 'Développement de base de données', 'BdD', '2005-02-10', 'Mr Thomas HOWARD', 1, 1, 1),
(344, 373, 16, 85, NULL, 'Mise à jour d''un logiciel d''assurances', 'Cobol', '2005-03-11', 'M. Claude ROCHE', 1, 1, 1),
(345, 374, 4, 78, NULL, 'Développement de sites web', 'PHP', '2005-02-28', 'Mme MARING', 1, 1, 1),
(346, 375, 7, 189, NULL, 'Informatisation des demandes de caractérisation des nouveaux aciers', 'PHP', '2005-02-11', 'Mme Isabelle BOUL', 1, 1, 1),
(347, 376, 16, 217, NULL, 'Développement d''un logiciel de gestion scolaire', 'dBase', '2005-04-04', 'M. Henri SOURD', 1, 1, 1),
(348, 377, 11, 19, NULL, 'Conception d''un automate d''exécution de tâches', 'Web,', '2005-04-08', 'M. François Molon', 1, 1, 1),
(349, 378, 12, 9, NULL, 'Développement d''une base de données de gestion de planning', 'Access', '2005-03-07', 'M. Bernard VIX', 1, 1, 1),
(350, 379, 12, 4, NULL, 'Développement d''un site web dynamique', '', '2005-03-22', 'M. Pascal NEY', 1, 1, 1),
(351, 380, 19, 213, NULL, 'Import/Export de variables d''automates', 'Visual Basic', '2005-03-30', 'M. Fabrice CONTI', 1, 1, 1),
(352, 381, 16, 211, NULL, 'Migration web d''un logiciel de GMAO', 'Visual Studio, .NET', '2005-03-30', 'M. Sebastien VACHERAN', 1, 1, 1),
(353, 382, 12, 9, NULL, 'Développement d''une base de données', 'Access', '2005-03-23', 'M. Cyrille GERARDIN', 1, 1, 1),
(354, 383, 19, 62, NULL, 'Développement d''un logiciel de gestion de graphiques', '4D Graph', '2005-01-25', 'M. Michel SCHWARTZ', 1, 1, 1),
(355, 384, 5, 3, NULL, 'Développement d''un logiciel de suivi de troupeaux', 'Access', '2005-02-25', 'M. Laurent PEREK', 1, 1, 1),
(356, 385, 1, 218, NULL, 'Développement d''un site internet de médiatisation de LUNO', 'HTML, CSS, XML', '2005-04-21', 'M. PECORARO', NULL, 1, 1),
(357, 386, 1, 198, NULL, 'Développement d''une base de données de gestion de tests', 'Access', '2005-03-07', 'M. Christophe CUNIN', NULL, 1, 1),
(358, 387, 14, 209, NULL, 'Mise en place d''un back-office', 'Php, mySQL, flash', '2005-03-29', 'M. Eric KIEFFER', 1, 1, 1);
INSERT INTO `stage` (`no_stage`, `no_etud`, `no_enc`, `no_ent`, `no_lieu`, `sujet`, `mot_clef`, `date_validation`, `tuteur`, `adr_verif`, `soutenance`, `taux_encadrement`) VALUES
(359, 388, 11, 188, NULL, 'Développement d''un site web dynamique', 'ASP, Dreamweaver', '2005-01-25', 'M. MELLAIME', 1, 1, 1),
(360, 389, 11, 32, NULL, 'Développement d''un logiciel d''édition de documents', 'XML, web, PDF', '2005-03-31', 'M. Eric GEOFFROY', 1, 1, 1),
(361, 390, 7, 185, NULL, 'Développement d''un logiciel de gestion statistique', 'Visual Basic, HTML', '2005-01-03', 'M. Pascal Wild', 1, 1, 1),
(362, 391, 11, 199, NULL, 'Développement d''une application de suivi des formations diplômantes', '', '2005-03-07', 'Mme Edith HAZOTTE', 1, 1, 1),
(363, 392, 7, 196, NULL, 'Programmation de modules pour la chaîne IP/HTV', 'ASP, C++', '2005-03-07', 'M. Patrick MAZZOTTI', 1, 1, 1),
(364, 393, 8, 186, NULL, 'Développement du logiciel Eva', 'Java', '2005-01-05', 'M. Pierre LAROCHE', 1, 1, 1),
(365, 394, 8, 197, NULL, 'Développement d''une servlet pour la génération de fichiers PDF', 'Java, XML', '2005-03-07', 'M. Jean-Marie THOMAS', 1, 1, 1),
(366, 395, 3, 206, NULL, 'Développement d''une application de gestion de courrier', 'Delphi', '2005-03-23', 'M. Geoffroy', 1, 1, 1),
(367, 396, 8, 186, NULL, 'Développement du logiciel Eva', 'Java', '2005-01-05', 'M. Pierre LAROCHE', 1, 1, 1),
(368, 397, 11, 32, NULL, 'Développement d''un logiciel d''édition de documents', 'XML, web, PDF', '2005-03-31', 'M. Eric GEOFFROY', 1, 1, 1),
(369, 398, 15, 192, NULL, 'Développement de nouvelles fonctionnalités pour le progiciel SIG', 'C++, Delphi, Visual Studio', '2005-02-10', 'MM. Pascal CHEVALLOT', 1, 1, 1),
(370, 399, 14, 184, NULL, 'Gestion de clé RSA', 'Visual Basic, RSA, XML', '2005-01-03', 'M. Schneider', 1, 1, 1),
(371, 400, NULL, 183, NULL, 'Développement d''un site web dynamique', 'PHP, mySQL, CSS', '2005-01-03', 'M. Pierre Gerard', 1, 1, 1),
(372, 401, NULL, 237, NULL, 'Amélioration du site du laboratoire', 'Access', '2005-08-31', 'M. Sorin Stratulat', 1, 1, 1),
(373, 403, NULL, 232, NULL, 'Développement d''un site d''e-learning', 'SQL Server, ASP, javascript', '2005-05-13', 'M. Hanna LTEIF', 1, 1, 1),
(374, 405, NULL, 146, NULL, 'Portage du logiciel IWEPS sur plateforme CD Rom', 'PHP, Javascript, css, xsl', '2005-03-15', 'M. Mathieu Claudel', 1, 1, 1),
(375, 406, NULL, 224, NULL, 'Développement d''un site web dynamique', 'PHP, mySQL', '2005-04-22', 'Mme Brigitte BERGER', 1, 1, 1),
(376, 407, NULL, 201, NULL, 'Développement d''un site dynamique de gestion de documents', 'PHP, mySQL, typo3', '2005-03-17', 'M. Serge Drachenberg', 1, 1, 1),
(377, 408, NULL, 228, NULL, 'Développement d''un site web de vente en ligne', '', '2005-05-02', 'M. Stéphane STORM', 1, 1, 1),
(378, 409, NULL, 223, NULL, 'Développement d''un site internet dynamique', '', '2005-04-14', 'M. Loïc DUBREUIL', 1, 1, 1),
(379, 410, NULL, 225, NULL, 'Développement d''un site web dynamique', 'PHP, ASP.net, Javascript, MySQL, SQL Server', '2005-04-22', 'M. Philippe RAYNAUD', 1, 1, 1),
(380, 411, NULL, 230, NULL, 'Développement d''une application de gestion de publicités', 'PHP, mySQL, SPIP', '2005-05-06', 'Mme Gilda SCHMITT', 1, 1, 1),
(381, 412, NULL, 70, NULL, 'Développement d''une application de suivi des résidents', 'ASP, SQL Server', '2005-03-31', 'M. Benoît BOSSERELLE', 1, 1, 1),
(382, 413, NULL, 78, NULL, 'Développement d''un site d''achats de mobilier en ligne', 'PHP, mySQL', '2005-02-03', 'Mme MARING', 1, 1, 1),
(383, 414, NULL, 226, NULL, 'Développement PHP', 'PHP', '2005-04-22', 'Mme Dominique FETIQUE', 1, 1, 1),
(384, 415, NULL, 10, NULL, 'Développement de base de données', 'PHP, XML', '2005-02-25', 'M. Jean WENDENBAUM', 1, 1, 1),
(385, 416, NULL, 25, NULL, 'Réécriture d''un site dynamique de gestion comptable', 'HTML, JAVA, PHP, RPG ILE', '2005-03-22', 'M. Christophe FIGEAC', 1, 1, 1),
(386, 417, NULL, 227, NULL, 'Développement d''un site web dynamique', 'PHP, mySQL', '2005-04-22', '', NULL, 1, 1),
(387, 418, NULL, 190, NULL, 'Développement d''un site web de présentation de l''entreprise', 'PHP, mySQL, WebDev', '2005-01-31', 'M. Alain DOSY', 1, 1, 1),
(388, 419, NULL, 222, NULL, 'Développement d''un site internet dynamique', '', '2005-04-14', '', NULL, 1, 1),
(389, 420, NULL, 231, NULL, 'Développement du site web de l''IUT', '', '2005-05-09', 'M. Bernard Heulluy', 1, 1, 1),
(390, 421, NULL, 202, NULL, 'Amélioration du site directdog.com', 'Php, mySQL', '2005-03-17', 'M. Olivier PEDOT', 1, 1, 1),
(391, 422, NULL, 25, NULL, 'Réécriture de pages web dynamiques en liaison avec une base DB2', 'HTML, PHP, Java, ILE RPG', '2005-03-08', 'M. Christophe FIGEAC', 1, 1, 1),
(392, 423, NULL, 235, NULL, 'Développement d''un site dynamique de présentation des foyers', '', '2005-05-20', 'Mme Laurence FOURNET', 1, 1, 1),
(393, 424, NULL, 43, NULL, 'Développement d''un site dynamique avec quizz', 'PHP, mySQL', '2005-02-25', 'M. Pascal BERTRAND', 1, 1, 1),
(394, 447, 5, 233, NULL, 'Réalisation d''une application de gestion des processus', 'Réseau, Visual Basic, C++', '2005-05-13', 'M. BANZET', 1, 1, 1),
(395, 448, 1, 242, NULL, 'Développement d''une base de données', 'BdD, ASP, VB.net', '2005-07-01', 'M. Frédéric NOESSER', NULL, 1, 1),
(396, 449, 19, 207, NULL, 'Développement d''un site web de gestion d''espace utilisateur', 'PHP, mySQL', '2005-03-23', 'M. Frédéric FRADET', 1, 1, 1),
(397, 450, 14, 221, NULL, 'Développement d''un site internet dynamique', 'PHP, mySQL, CSS', '2005-04-13', 'M. Christophe SOLLNER', 1, 1, 1),
(398, 452, 7, 229, NULL, 'Informatisation de la gestion des secouristes', 'Lotus Notes', '2005-05-04', 'M. Louis MATRINGE', 1, 1, 1),
(399, 453, 16, 241, NULL, 'Développement d''une application de suivi de budget', 'Access, Windev', '2005-06-23', 'M. Arnaud FRANCHETTO', 1, 1, 1),
(400, 454, 8, 184, NULL, 'Développement d''une application graphique', 'Visual Basic', '2005-05-23', 'M. Maurice SCHNEIDER', 1, 1, 1),
(401, 455, 2, 132, NULL, 'Développement d''une application graphique', 'Java, HTML', '2005-06-16', 'M. Christophe COLLARD', 1, 1, 1),
(402, 457, 3, 240, NULL, 'Développement d''un site web dynamique', 'Java, DB2', '2005-06-13', 'M. Jean RAYMOND', 1, 1, 1),
(403, 458, 19, 238, NULL, 'Développement d''une application de gestion des stocks', 'Access, Visual Basic', '2005-05-30', 'Mme Christelle BERRY', 1, 1, 1),
(404, 459, 2, 132, NULL, 'Développement d''une interface graphique', 'C++, Java', '2005-05-30', 'M. Christophe COLLARD', 1, 1, 1),
(405, 460, 16, 236, NULL, 'Développement d''un logiciel de suivi de chantiers', 'Oracle, VB.Net, SAP', '2005-05-27', 'M. Bruno CAVILLOT', 1, 1, 1),
(406, 461, 1, 234, NULL, 'Développement d''un logiciel de gestion du personnel', 'Access', '2005-05-20', 'M. Eric Soto', 1, 1, 1),
(407, 463, 12, 239, NULL, 'Développement d''une interface graphique liée à la production', 'Java', '2005-05-30', 'M. Jean-Paul RITZ', 1, 1, 1),
(408, 464, 12, 239, NULL, 'Développement d''une interface graphique liée à la production', 'Java', '2005-05-30', 'M. Jean-Paul RITZ', 1, 1, 1),
(409, 467, NULL, 250, NULL, 'Mise en vlace d''un VPN', 'VPN, LAN, DMZ, pare-feu, AES', '2005-08-31', 'M. A. WAGNER', 1, 1, 1),
(410, 469, NULL, 252, NULL, 'Installation et administration de serveurs Linux', 'Linux, pare-feu, IPCOP, serveur d''impression', '2005-08-29', 'M. A. CARVALLO', 1, 1, 1),
(411, 470, NULL, 9, NULL, 'inconnu', '', '2005-08-29', 'M. BREINAT', 1, 1, 1),
(412, 471, NULL, 247, NULL, 'Administration d''un site de vente de logiciels libres pour Windows', 'apache, php', '2005-08-29', 'M. D. VANTYGHEM', 1, 1, 1),
(413, 472, NULL, 255, NULL, 'inconnu', '', '2005-08-29', 'M. N. CHRISTIAN', 1, 1, 1),
(414, 473, NULL, 111, NULL, 'Déploiement et sécurisation d''un réseau wi-fi', 'wi-fi, radius, LDAP', '2005-08-29', 'M. TURQUAIS', 1, 1, 1),
(415, 474, NULL, 246, NULL, 'Formation aux techniques de sécurité des systèmes Unix', 'Unix, sécurité', '2005-08-29', 'M. P. Nguyen', 1, 1, 1),
(416, 475, NULL, 243, NULL, 'Réalisation d''un bureau nomade', 'bureau nomade, Terminal Server', '2005-08-29', 'M. S. Ancieux', 1, 1, 1),
(417, 476, NULL, 254, NULL, 'Installation de systèmes et analyse de trafic réseau', 'analyse de réseau, SNMP, VLAN', '2005-08-29', 'M. H. DELAPORTE', 1, 1, 1),
(418, 477, NULL, 244, NULL, 'Installation d''un système de haute disponibilité', 'installation de serveurs', '2005-08-29', 'M. L. VICTORIEN', 1, 1, 1),
(419, 478, NULL, 257, NULL, 'Installation de postes et migration de domaine', 'Réorganisation de domaine', '2005-09-05', 'Mme Sophie STITOU', NULL, 1, 1),
(420, 479, NULL, 258, NULL, 'Supervision de la Qualité de Service', 'SNMP, XML', '2005-09-06', 'M. RABITA', NULL, 1, 1),
(421, 480, NULL, 166, NULL, 'Analyse et mise en place d''un réseau heterogene', 'DHCP, DNS, LDAP', '2005-08-29', 'M. Félix HERVE', 1, 1, 1),
(422, 481, NULL, 248, NULL, 'Administration et gestion d''un parc informatique', 'VPN, Terminal Server', '2005-08-29', 'M. Philippe PIERRON', 1, 1, 1),
(423, 482, NULL, 90, NULL, 'Surveillance de réseau et installation de Microsoft SUS', 'SUS', '2005-08-29', 'M. G. MEYER', 1, 1, 1),
(424, 483, NULL, 253, NULL, 'Administration d’un réseau Windows', 'réseau Windows', '2005-08-29', 'M. B. SIRANTOINE', 1, 1, 1),
(425, 484, NULL, 255, NULL, 'inconnu', '', '2005-08-29', 'M. N. CHRISTIAN', 1, 1, 1),
(426, 485, NULL, 251, NULL, 'Application gestion bornes Wi-fi', 'wi-fi', '2005-08-29', 'M. PODBOROCZYNSKI', 1, 1, 1),
(427, 486, NULL, 256, NULL, 'Restructuration du contrôleur de domaine', 'Windows 2003 Server', '2005-08-29', 'M. PODBOROCZYNSKI', 1, 1, 1),
(428, 487, NULL, 249, NULL, 'Dossier SAN, Time Navigator et NINO', 'SAN, NINO', '2005-08-29', 'M. GESTIN', 1, 1, 1),
(429, 488, NULL, 103, NULL, 'Mise en place d''un plan de deploiement et d''un suivi de satisfaction utilisateur', 'Ghost', '2005-08-29', 'M. G. FOLNY', 1, 1, 1),
(430, 490, NULL, 69, NULL, 'Mise en place d''un réseau WiFi', 'wi-fi, VLAN, firewall', '2005-08-29', 'M. F. HENGEL', 1, 1, 1),
(431, 491, NULL, 244, NULL, 'Solutions d''amélioration d''un réseau', 'Heartbeat, mon', '2005-08-29', 'M. L. VICTORIEN', 1, 1, 1),
(432, 492, 14, 233, NULL, 'Développement d''un logiciel de gestion des données techniques', 'Visual Basic, .NET', '2006-01-27', 'M. Christophe BANZET', 1, 1, 1),
(433, 493, 5, 301, NULL, 'Amélioration d''une base d''audits', 'Access', '2006-03-31', 'M. Pascal KAMINSKI', 1, 1, 1),
(434, 494, 14, 61, NULL, 'Développement d''une base de données de suivi financier', 'Access', '2006-03-31', 'M. Philippe NAUDIN', 1, 1, 1),
(435, 495, NULL, 329, NULL, 'bidon', 'bn,,', '2006-08-14', 'bidon', NULL, 1, 1),
(436, 496, 15, 328, NULL, 'Développement d''applications Web et objets', 'Typo3, Java, C++', '2006-05-12', 'M. Ralf SCHUH', NULL, 1, 1),
(437, 497, 7, 272, NULL, 'Développement d''un logiciel de gestion de parc informatique', 'Access', '2006-01-31', 'M. Frédéric NIVOL', 1, 1, 1),
(438, 499, 3, 309, NULL, 'Amélioration d''une application de gestion de reconversion', 'C#, ASP.NET', '2006-04-05', 'LTN Gérard VIEILLE', 1, 1, 1),
(439, 500, 14, 233, NULL, 'Développement d''un logiciel de gestion des habilitations du personnel', 'WinDev, SQL Server', '2006-03-29', 'Mme Sylvie TESCARI', 1, 1, 1),
(440, 501, 15, 269, NULL, 'Centralisation de bases de données', 'Access', '2006-01-27', 'Mme GRAND''JANY', 1, 1, 1),
(441, 502, 11, 273, NULL, 'Développement d''un logiciel de gestion de questionnaires', 'PHP, mySQL', '2006-02-09', 'M. Alexandre JEAN', 1, 1, 1),
(442, 503, 16, 43, NULL, 'Développement d''un logiciel internet de gestion de correspondants', 'PHP, mySQL', '2006-03-14', 'M. BERTRAND', 1, 1, 1),
(443, 504, 1, 98, NULL, 'Développement d''un logiciel de gestion des bancs d''essais', 'VB, VB.net', '2005-11-02', 'M. Alexandre LARUE', 1, 1, 1),
(444, 505, 1, 130, NULL, 'Développement d''une application de gestion de parc informatique', 'Windev', '2006-01-30', 'M. Olivier BELLO', 1, 1, 1),
(445, 506, 14, 189, NULL, 'Développement d''une application de gestion d''essais de fatigue', 'Visual Basic', '2006-02-21', 'M. André GALTIER', 1, 1, 1),
(446, 507, 19, 204, NULL, 'Mise en oeuvre de la politique de sécurisation des données des postes de travail', '', '2006-04-11', 'M. Dominique GERNE', 1, 1, 1),
(447, 508, 5, 279, NULL, 'Développement d''un logiciel d''exploitation de transport', 'Delphi', '2006-03-07', 'M. Manuel FRANCK', 1, 1, 1),
(448, 509, 11, 297, NULL, 'Création d''une borne d''information dynamique', 'PHP, mySQL', '2006-03-29', 'M. Le Fur', 1, 1, 1),
(449, 510, 16, 85, NULL, 'Mise à jour du site internet de l''entreprise', 'PHP, mySQL, Cobol', '2006-03-09', 'M. Claude ROCHE', 1, 1, 1),
(450, 511, 12, 296, NULL, 'Mise en place d''une solution de commerce électronique', '', '2006-03-29', 'M. Arnaud LAPREVOTE', 1, 1, 1),
(451, 512, 11, 267, NULL, 'Développement d''un logiciel de gestion de planning', 'PHP, mySQL', '2006-01-27', 'M. Edmond DUVAL', 1, 1, 1),
(452, 513, 12, 304, NULL, 'Développement d''un logiciel de mise en forme d''extractions', '', '2006-03-31', 'M. Benoît AUBRY', 1, 1, 1),
(453, 514, 1, 134, NULL, 'Création d''une base de ressources pédagogiques', 'PHP', '2006-01-27', 'M. WERNERT', 1, 1, 1),
(454, 515, 3, 3, NULL, 'Développement d''un logiciel de gestion des interventions', 'Access, Visual Basic, Oracle', '2006-03-09', 'Mme Anne-Marie DESINDES', 1, 1, 1),
(455, 516, 7, 68, NULL, 'Développement d''une application de gestion des expéditions', 'PHP, mySQL', '2006-04-03', 'M. Clément POUSSIN', 1, 1, 1),
(456, 517, 7, 78, NULL, 'Développement d''un agenda dynamique en ligne', 'PHP, mySQL, Java', '2006-04-05', 'Mme Maring', NULL, 1, 1),
(457, 518, 2, 306, NULL, 'Développement d''une base de données couplée au web', '', '2006-03-31', 'Mme Magdalena LAURENT', 1, 1, 1),
(458, 519, 16, 291, NULL, 'Migration d''une base de données vers mySQL', 'PHP, mySQL', '2006-03-20', 'M. Dominique SCHWALLER', 1, 1, 1),
(459, 520, 19, 271, NULL, 'Développement d''un logiciel de gestion de pièces', 'Access, VBA', '2006-01-30', 'M. David DUTSCHKE', 1, 1, 1),
(460, 521, 3, 308, NULL, 'Développement d''un site internet dynamique', 'PHP, mySQL', '2006-04-05', 'M. Stefan Beausuroy', 1, 1, 1),
(461, 522, 8, 129, NULL, 'Développement d''un logiciel de gestion qualité', 'C#, ASP.NET', '2006-03-20', 'M. Régis COMAZZI', 1, 1, 1),
(462, 523, 2, 132, NULL, 'Développement de bibliothèques de calcul matriciel', 'C++', '2006-03-20', 'M. Christophe COLLARD', 1, 1, 1),
(463, 524, 14, 233, NULL, 'Développement d''un logiciel de tests rails', 'Visual Adelia, AS 400', '2006-01-30', 'Mme Sylvie TESCARI', 1, 1, 1),
(464, 525, 12, 26, NULL, 'Développement d''une base de données client', '4D', '2006-03-20', 'Mme Murielle PARADIS', 1, 1, 1),
(465, 526, 1, 286, NULL, 'Evolution du bilan de suivi des contrats clients', '', '2006-03-14', 'M. Adama SOW', 1, 1, 1),
(466, 527, 15, 264, NULL, 'Développement d''une base de données de documentation technique', 'Access', '2006-01-10', 'M. Olivier DINKEL', 1, 1, 1),
(467, 528, 5, 197, NULL, 'Développement d''applications en environnement Web', '', '2006-02-14', '', 1, 1, 1),
(468, 529, 7, 289, NULL, 'Développement d''une base de données de gestion de la formation', 'Access, Visual Basic', '2006-03-21', 'Ltn LAURENT', 1, 1, 1),
(469, 530, 12, 285, NULL, 'Développement d''une application Java ou .net', 'Java, .net', '2006-03-14', 'M. Beckmann', 1, 1, 1),
(470, 531, 16, 242, NULL, 'Développement d''un logiciel de visualisation de bâtiments', 'Visual Basic', '2006-03-20', 'M. Frédéric NOESSER', 1, 1, 1),
(471, 532, 12, 322, NULL, 'Développement d''une base de données de relation clients', 'Access', '2006-04-26', 'M. Thierry PAQUOT', NULL, 1, 1),
(472, 533, 2, 21, NULL, 'Développement d''un générateur de devis', 'Delphi', '2006-01-27', 'M. André ERBA', 1, 1, 1),
(473, 534, 7, 289, NULL, 'Développement d''un intranet', 'web', '2006-03-20', 'Ltn LAURENT', 1, 1, 1),
(474, 536, 1, 293, NULL, 'Développement d''écrans fonctionnels MOVEX', 'MOVEX, Ibrix', '2006-03-23', 'M. MICHEL', 1, 1, 1),
(475, 537, 19, 204, NULL, 'Développement d''un siote open-source', 'CPS', '2006-03-30', 'M. Dominique GERNE', 1, 1, 1),
(476, 538, 19, 261, NULL, 'Développement d''un logiciel de gestion clients', 'Visual Basic', '2006-01-09', 'M. René PACZESNY', 1, 1, 1),
(477, 539, 15, 266, NULL, 'Développement d''une base de données BusinessWarehouse', 'Oracle, SAP, SQL', '2006-01-17', 'Dr. Gerd Hoff', NULL, 1, 1),
(478, 540, 7, 78, NULL, 'Refonte d''un logiciel de gestion d''agenda', 'PHP, mySQL', '2006-01-19', 'Mme MARING', 1, 1, 1),
(479, 541, 2, 260, NULL, 'Mise en oeuvre d''une plateforme de monitoring réseau', 'Réseau, Java, C, Oracle, mySQL', '2006-01-04', 'M. Pierre GILBERT', 1, 1, 1),
(480, 542, 8, 7, NULL, 'Développement d''une application d''agence en ligne', 'Web, UML', '2006-03-31', 'M. Jean-Luc THIRY', 1, 1, 1),
(481, 543, 2, 247, NULL, 'Amélioration d''un installateur de CD-ROM', 'xul, javascript, xml', '2006-01-30', 'M. David VANTYGHEM', 1, 1, 1),
(482, 544, 16, 57, NULL, 'Développement Java', 'Java', '2006-01-03', 'M. David RAULLET', 1, 1, 1),
(483, 545, 3, 20, NULL, 'Développement d''une application de gestion de patients', 'Access', '2006-02-16', 'M. Walter ANGELETTI', 1, 1, 1),
(484, 546, 8, 7, NULL, 'Développement d''un logiciel de gestion d''outils', 'Java, mySQL', '2006-03-07', 'M. Daniel PIAI', 1, 1, 1),
(485, 547, 11, 297, NULL, 'Gestion de la réservation des salles et du matériel', 'PHP, mySQL', '2006-03-29', 'M. Le Fur', 1, 1, 1),
(486, 548, 19, 37, NULL, 'Développement d''une base de données clients', 'Access', '2006-01-09', 'Mme Séverine TARMI', 1, 1, 1),
(487, 549, 2, 132, NULL, 'Développements d''outils mathématiques à objets', 'C++', '2006-03-07', 'M. Christophe COLLARD', 1, 1, 1),
(488, 550, 5, 290, NULL, 'Développement d''un portail dynamique', 'PHP, mySQL', '2006-03-20', 'M. Julien BECKER', 1, 1, 1),
(489, 551, 3, 292, NULL, 'Développement d''une base de données de suivi de licences', 'Access', '2006-03-23', 'M. Albert BERNARDOFF', 1, 1, 1),
(490, 552, 8, 187, NULL, 'Amélioration de la base de données Qualité', '', '2006-03-07', 'M. Philippe LOUIS', 1, 1, 1),
(491, 553, 11, 113, NULL, 'Développement d''un logiciel de gestion d''emploi du temps', 'Visual Basic', '2006-02-13', 'M. Sébastien THONNATTE', 1, 1, 1),
(492, 554, 5, 278, NULL, 'Développement d''un outil de reporting commercial', '', '2006-03-07', 'M. Christian URBANSKI', 1, 1, 1),
(493, 555, NULL, 294, NULL, 'Développement de sites web dynamiques', 'Php, mySQL, javascript', '2006-03-23', 'Mme Marianne CLEE', 1, 1, 1),
(494, 556, NULL, 337, NULL, 'Réalisation de sites dynamiques', 'PHP, mySQL', '2006-09-06', 'M. Olivier BONNAURE', 1, 1, 1),
(495, 557, NULL, 284, NULL, 'Développement d''un site web de gestion de contenu', 'PHP, mySQL', '2006-03-14', 'M. Alain CHAXEL', 1, 1, 1),
(496, 558, NULL, 292, NULL, 'Développement d''un site internet dynamique', 'Oracle, JSP, tomcat', '2006-05-09', 'Mlle MASION', 1, 1, 1),
(497, 559, NULL, 317, NULL, 'Développement d''un site de vente en ligne', '', '2006-04-21', 'M. Madjid AAYAN', 1, 1, 1),
(498, 560, NULL, 312, NULL, 'Mise en place d''un serveur de blog', 'HTML, RSS', '2006-04-11', 'M. Gaston GROEBER', 1, 1, 1),
(499, 561, NULL, 280, NULL, 'Développement du site du FC Amnéville', 'Web dynamique', '2006-03-07', 'M. Laurent FANZEL', 1, 1, 1),
(500, 562, NULL, 202, NULL, 'Ajout de fonctionnalités au site de la société', 'PHP, mySQL', '2006-04-05', 'M. Olivier PEDOT', 1, 1, 1),
(501, 563, NULL, 295, NULL, 'Développement de pages web dynamiques', 'PHP, HTML, mySQL', '2006-03-29', 'Mme Nathalie HEINEN', 1, 1, 1),
(502, 565, NULL, 262, NULL, 'Développement d''un intranet collaboratif', 'PHP, XML, mySQL', '2006-01-10', 'M. Denis LOUVEGNIES', 1, 1, 1),
(503, 566, NULL, 329, NULL, 'Développement d''un site d''anciens combattants', 'PHP, mySQL', '2006-05-12', 'M. Eric PERSON', 1, 1, 1),
(504, 567, NULL, 129, NULL, 'Développement d''une application de gestion de facturation', '.NET', '2006-04-26', 'MM. Antoine Vigo et Régis Comazzi', 1, 1, 1),
(505, 568, NULL, 40, NULL, 'Développement d''une application Intranet de gestion d''activité', 'ASP, VBScript, JavaScript, Access, SQL', '2006-05-12', 'M. François MAZIARCZYK', 1, 1, 1),
(506, 569, NULL, 315, NULL, 'Développement du site web de l''entreprise', 'PHP, mySQL', '2006-04-21', 'Mme H''Choum KABLI', 1, 1, 1),
(507, 570, NULL, 10, NULL, 'Développement d''un outil de planification de ressources', 'PHP', '2006-05-09', 'M. Jean WENDENBAUM', 1, 1, 1),
(508, 571, NULL, 277, NULL, 'Développement du site de l''office du tourisme', 'PHP, mySQL, xHTML, CSS', '2006-02-13', 'M. Philippe AIZIER', 1, 1, 1),
(509, 572, NULL, 263, NULL, 'Développement de module pour l''intranet marketing', 'PHP, Oracle', '2006-01-10', 'M. Christophe GRANDHAYE', 1, 1, 1),
(510, 573, NULL, 320, NULL, 'Création de sites dynamiques', 'PHP, mySQL', '2006-04-21', 'M. Pascal OGANDO', 1, 1, 1),
(511, 574, NULL, 300, NULL, 'Développement du site dynamique du Rotary Club', 'Php, mySQL', '2006-03-29', 'M. ARNAUD', 1, 1, 1),
(512, 575, NULL, 287, NULL, 'Création d''un site web commercial', 'PHP, mySQL, javascript, CSS, Flash', '2006-03-14', 'M. Francis SZTOR', 1, 1, 1),
(513, 576, NULL, 323, NULL, 'Développement d''un site web dynamique', '', '2006-10-13', 'M. E. WAUTHY', NULL, 1, 1),
(514, 577, NULL, 321, NULL, 'Développement de modules de publication d''annonces immobilières', 'PHP, mySQL', '2006-04-21', 'M. Nicolas DEBRAS', 1, 1, 1),
(515, 578, NULL, 330, NULL, 'Refonte du site internet de l''entreprise', 'PHP', '2006-05-19', 'Mme Reine DUCHEINE', 1, 1, 1),
(516, 579, NULL, 283, NULL, 'Mise en place d''un intranet pour le projet SkoleLinux', 'Moodle, PHP, mySQL', '2006-03-14', 'M. Thierry STAUDER', 1, 1, 1),
(517, 580, NULL, 270, NULL, 'Développement d''un intranet', 'PHP, Oracle', '2006-01-27', '', 1, 1, 1),
(518, 581, NULL, 319, NULL, 'Développement d''une application PHP', 'PHP, SQL Server', '2006-04-21', 'Mlle Nathalie TANDART', 1, 1, 1),
(519, 585, NULL, 61, NULL, 'Développement d''une base de données de gestion', 'Access', '2006-04-11', 'M. Philippe NAUDIN', 1, 1, 1),
(520, 586, NULL, 61, NULL, 'Mise à jour d''un logiciel de gestion d''investissements', 'PHP, ASP, mySQL', '2006-02-13', 'M. Didier BECK', 1, 1, 1),
(521, 587, NULL, 311, NULL, 'Développement d''un progiciel de gestion de contrats d''assurance-vies', 'C#, Oracle', '2006-04-06', 'M. Patrick Hinschberger', 1, 1, 1),
(522, 588, NULL, 298, NULL, 'Développement de formulaires Hypérion', 'Hypérions, Javascript, Movex', '2006-03-29', 'Mme Christelle DELIN', NULL, 1, 1),
(523, 589, NULL, 275, NULL, 'Développement d''une application de saisie de questionnaires sous PDA', 'Java', '2006-02-09', 'M. Christophe MARCHAL', 1, 1, 1),
(524, 590, NULL, 281, NULL, 'Développement d''un logiciel de gestion d''annonces', 'PHP, Java', '2006-03-10', 'M. Bruno BENEDETTI', 1, 1, 1),
(525, 591, NULL, 282, NULL, 'Développement d''un logiciel de suivi des achats', 'Windev', '2006-03-10', 'M. José VIALET', NULL, 1, 1),
(526, 592, NULL, 15, NULL, 'Développement d''un intranet de gestion du parc informatique', 'Tomcat, J2EE', '2006-04-11', 'M. Stéphane WUTKE', 1, 1, 1),
(527, 593, NULL, 114, NULL, 'Ajout de fonctionnalités à une application de prestations de services', 'Visual Adélia, AS 400, DB2, SQL Server', '2006-04-11', 'M. Romain SABEL', 1, 1, 1),
(528, 594, NULL, 186, NULL, 'Mise en place du sites des anciens étudiants', 'PHP, mySQL, Java', '2006-06-02', 'M. Pierre LAROCHE', 1, 1, 1),
(529, 595, NULL, 302, NULL, 'Développement de tableaux de bord', 'PHP, mySQL', '2006-03-30', 'M. Lionel MAUDET', 1, 1, 1),
(530, 596, NULL, 324, NULL, 'Développement d''un logiciel de mixage vidéo', '', '2006-05-09', 'M. Julien GUEHL', NULL, 1, 1),
(531, 597, NULL, 262, NULL, 'Développement d''un intranet collaboratif', 'PHP, XML, mySQL', '2006-01-10', 'M. Denis LOUVEGNIES', 1, 1, 1),
(532, 598, NULL, 307, NULL, 'Refonte du site intranet de l''entreprise', 'PHP, SQL Server', '2006-04-05', 'Mme Cécile REYNAUD', NULL, 1, 1),
(533, 599, NULL, 276, NULL, 'Développement d''un logiciel de gestion des droits d''auteurs', 'Oracle, Windev', '2006-02-13', 'M. Pierre HERGOTT', 1, 1, 1),
(534, 600, NULL, 310, NULL, 'Développement d''une application de gestion du personnel', 'PHP, mySQL', '2006-04-06', 'M. E. BEGEL', 1, 1, 1),
(535, 601, NULL, 268, NULL, 'Développement d''une application de gestion de stock', '', '2006-02-03', 'M. Hervé SCHWARTZ', NULL, 1, 1),
(536, 603, NULL, 207, NULL, 'Développement d''une base de données et d''un site internet', 'Access, mySQL, PHP', '2006-03-24', 'M. Frédéric FRADET', 1, 1, 1),
(537, 604, NULL, 61, NULL, 'Mise à jour d''un logiciel de gestion d''investissements', 'PHP, ASP, mySQL', '2006-02-13', 'M. Didier BECK', 1, 1, 1),
(538, 605, NULL, 99, NULL, 'Migration d''une application DOS vers Windows', 'Visual FoxPro', '2006-01-11', 'M. Didier Terrien', 1, 1, 1),
(539, 606, NULL, 7, NULL, 'Création d''un logiciel de gestion du matériel', 'PHP, Java', '2006-04-11', 'M. Daniel PIAI', 1, 1, 1),
(540, 607, 16, 289, NULL, 'Développement de l''intranet', 'PHP, mySQL', '2006-06-28', 'LTN Laurent', NULL, 1, 1),
(541, 608, 2, 331, NULL, 'Développement d''outils Intranet', 'PHP', '2006-06-16', 'M. Didier MOLITOR', 1, 1, 1),
(542, 610, 8, 40, NULL, 'Refonte d''un site web de gestion de présence', 'ASP, Access', '2006-06-01', 'M. Eric SENET', 1, 1, 1),
(543, 611, 12, 333, NULL, 'Développement d''une application de calcul géométrique', '', '2006-06-16', 'M. Pierre DUQUESNAY', 1, 1, 1),
(544, 612, 19, 274, NULL, 'Développement web', 'PHP, mySQL', '2006-02-09', 'M. Casanova', 1, 1, 1),
(545, 614, 5, 303, NULL, 'Développement d''un outil E-commerce', 'PHP', '2006-03-30', 'M. Sam DOUAH', 1, 1, 1),
(546, 617, 16, 289, NULL, 'Mise à jour de l''intranet', 'PHP, mySQL', '2006-06-19', 'LTN LAURENT', NULL, 1, 1),
(547, 619, 14, 327, NULL, 'Développement d''une application de gestion des rues', 'Oracle, PHP', '2006-05-12', 'M. Eric DELAITE', 1, 1, 1),
(548, 620, 1, 325, NULL, 'Développement d''une base de données de gestion d''interventions', 'Delphi', '2006-05-23', 'M. Thibaut ROZIER', 1, 1, 1),
(549, 622, 3, 332, NULL, 'Développement d''une maquette internet', 'XML, HTML', '2006-06-16', 'M. Bernard BARALE', 1, 1, 1),
(550, 623, 3, 336, NULL, 'Développement d''un outil de contrôle', '', '2006-06-28', 'M. Yassine Matjinouche', NULL, 1, 1),
(551, 624, 11, 335, NULL, 'Développement d''une interface SMS', '', '2006-06-22', 'M. Olivier POURQUIN', NULL, 1, 1),
(552, 625, 8, 334, NULL, 'Développement d''une application de gestion de biens immobiliers', 'PHP, mySQL', '2006-06-21', 'Mme Patricia MORIN', 1, 1, 1),
(553, 626, NULL, 338, NULL, 'Etude et amélioration de la sécurité entre deux domaines approuvés AGSA et INT', 'firewall, switch', '2006-09-06', 'M. WURTZ', 1, 1, 1),
(554, 627, NULL, 345, NULL, 'xxx', ',', '2006-09-06', 'M. BARTZ', 1, 1, 1),
(555, 628, NULL, 246, NULL, 'xxx', ',', '2006-09-06', 'M. NGUYEN', 1, 1, 1),
(556, 629, NULL, 111, NULL, 'xxx', ',', '2006-09-06', 'M. NASS', 1, 1, 1),
(557, 630, NULL, 349, NULL, 'xxx', ',', '2006-09-06', 'M. KILLOFER', 1, 1, 1),
(558, 631, NULL, 351, NULL, 'Maintenance et déploiements applicatifs', 'DHCP, SMS', '2006-09-06', 'M. le responsable Informatique', 1, 1, 1),
(559, 632, NULL, 343, NULL, 'Projet VLAN stations blanches', 'VLAN', '2006-09-06', 'M. J.J. GUAY', 1, 1, 1),
(560, 634, NULL, 300, NULL, 'Mise en place d''un réseau informatique', 'firewall, SBS', '2006-09-06', 'M. BERTOLETTI', 1, 1, 1),
(561, 635, NULL, 57, NULL, 'Développement d''un outil de sauvegarde et de gestion des matériels actifs', 'SNMP, telnet', '2006-09-06', 'M. David RAULLET', 1, 1, 1),
(562, 636, NULL, 339, NULL, 'Organisation et adminsitration de l''information', 'Active Directory, migration de données', '2006-09-06', 'Asp SOUAMI', 1, 1, 1),
(563, 637, NULL, 352, NULL, 'xxx', ',', '2006-09-06', 'Mme STITOU', 1, 1, 1),
(564, 638, NULL, 184, NULL, 'Mise en place d''un chariot mobile Wifi', 'Wi-fi', '2006-09-06', 'M. SCHNEIDER', 1, 1, 1),
(565, 639, NULL, 340, NULL, 'xxx', ',', '2006-09-06', 'M. Le Directeur Informatique', 1, 1, 1),
(566, 640, NULL, 347, NULL, 'Projet de connexion des classes des écoles de la ville de Talange', 'Wi-fi', '2006-09-06', 'M. BRINO', 1, 1, 1),
(567, 641, NULL, 350, NULL, 'xxx', ',', '2006-09-06', 'M. Romaric PUTON', 1, 1, 1),
(568, 642, NULL, 352, NULL, 'xxx', ',', '2006-09-06', 'Mme STITOU', 1, 1, 1),
(569, 643, NULL, 341, NULL, 'Installation d''un réseau Wifi et d''un serveur VPN', 'Wi-fi, VPN', '2006-09-06', 'M. WARIN', 1, 1, 1),
(570, 644, NULL, 342, NULL, 'xxx', ',', '2006-09-06', 'Mme NARANJO', 1, 1, 1),
(571, 645, NULL, 346, NULL, 'Mise en place d''une gestion centralisée de réseau', 'Wi-fi, LDAP', '2006-09-06', 'M. SCHNEIDER', 1, 1, 1),
(572, 646, NULL, 353, NULL, 'xxx', ',', '2006-09-06', 'M. BAINA', 1, 1, 1),
(573, 647, NULL, 344, NULL, 'xxx', ',', '2006-09-06', 'M. LOOS', 1, 1, 1),
(574, 648, NULL, 348, NULL, 'xxx', ',', '2006-09-06', 'M. GARRISI', 1, 1, 1),
(575, 649, 8, 392, NULL, 'Développement d''un site internet dynamique', 'PHP, mySQL', '2007-03-15', 'M. Michel GRANDJEAN', 1, 1, 1),
(576, 650, 19, 397, NULL, 'Conception d''une application de gestion de parc informatique', 'PHP, mySQL', '2007-03-22', 'M. François WAGNER', 1, 1, 1),
(577, 651, 21, 399, NULL, 'Développement d''un logiciel de gestion des qualifications des personnels', 'PHP, mySQL', '2007-03-27', 'M. Hervé DIAMANTINI', 1, 1, 1),
(578, 652, 19, 356, NULL, 'Développement d''un logiciel de dessin technique à partir de données XML', 'Flash, XML', '2007-03-22', 'M. Sébastien SOBCZYK', 1, 1, 1),
(579, 653, 2, 407, NULL, 'Analyse des performances d''une application intranet', 'Java, JSP', '2007-04-10', 'M. Rodolphe MARCK', 1, 1, 1),
(580, 654, 14, 375, NULL, 'Développement d''un portail Business Intelligence', 'SAP, VBScript', '2007-02-26', 'M. Albert MULLER', 1, 1, 1),
(581, 655, 15, 367, NULL, 'Mise à jour d''une application Internet.', 'PHP, mySQL', '2007-02-06', 'M. Pascal CLOSEN', 1, 1, 1),
(582, 656, 5, 354, NULL, 'Développement d''un logiciel de gestion du personnel', '', '2006-12-12', 'Mme Céline BASTIEN', 1, 1, 1),
(583, 657, 21, 360, NULL, 'Développement de sites dynamiques', 'PHP, mySQL', '2007-01-26', 'M. A. WERNER', 1, 1, 1),
(584, 658, 19, 283, 16, 'Création d''un nouveau module pour le CMS Moodle', 'PHP, CMS, Moodle,,,', '2006-12-12', 'MM. Thierry STAUDER et Thomas COURBEIL', 1, 1, 1),
(585, 659, 16, 362, NULL, 'Migration de bases de données Access', 'Access', '2007-02-02', 'M. Alexis GREFF', 1, 1, 1),
(586, 660, 8, 206, NULL, 'Développement d''un logiciel de gestion de parc informatique', '', '2007-03-12', 'M. GEOFFROY', 1, 1, 1),
(587, 661, 19, 356, NULL, 'Développement d''un générateur d''images, PDF et Flash', 'Flash, PHP, Javascript, HTML', '2007-01-19', 'M. Sébastien SOBCZYK', 1, 1, 1),
(588, 663, 3, 374, 17, 'Développement d''une base de données de gestion d''indicateurs', 'Bases de données', '2007-02-26', 'M. Philippe JAYAT', 1, 1, 1),
(589, 664, 14, 290, NULL, 'Développement d''un site internet dynamique', 'PHP, mySQL', '2007-02-08', 'M. Julien BECKER', 1, 1, 1),
(590, 665, 16, 369, NULL, 'Développement d''un outil de gestion du patrimoine routier', 'Java, mySQL', '2007-02-08', 'M. Jérémy HETZEL', 1, 1, 1),
(591, 666, 4, 296, NULL, 'Intégration d''un serveur de gestion de parc informatique à un annuaire LDAP', 'PHP, Perl, Python, LDAP', '2007-03-13', 'M. Arnaud LAPREVOTE', 1, 1, 1),
(592, 667, 4, 396, NULL, 'Développement d''un outil de suivi de TRS', 'Access', '2007-03-22', 'M. Lionel GUIRAUT', 1, 1, 1),
(593, 668, 19, 379, NULL, 'Création d''un site intranet dédié au service qualité', 'PHP, mySQL', '2007-03-08', 'M. Christophe HOFFMANN', 1, 1, 1),
(594, 669, 3, 359, NULL, 'Automatisation de traitements liés aux plans de gestion du trafic', 'PHP, postgreSQL', '2007-01-26', 'MM. Alain FABRE et Pascal THOLEY', 1, 1, 1),
(595, 670, 1, 303, NULL, 'Développement d''un site internet dynamique', 'PHP, mySQL', '2007-03-20', 'M. Pierre-Yves DOUCHET', 1, 1, 1),
(596, 671, 12, 378, NULL, 'Développement d''un logiciel de gestion de projets', 'PHP, mySQL', '2007-03-08', 'M. Patrick JOLLAIN', 1, 1, 1),
(597, 673, 12, 372, NULL, 'Développement d''applications graphiques.', 'C++, macOS', '2007-02-16', 'M. Hervé ADAM', 1, 1, 1),
(598, 674, 21, 401, NULL, 'Gestion de prêts bancaires', 'PHP, mySQL', '2007-03-29', 'M. Thierry BIRSTER', 1, 1, 1),
(599, 675, 5, 130, NULL, 'Migration d''une application vers internet', 'WebDev', '2007-02-27', 'M. Marc BLAISE', 1, 1, 1),
(600, 676, 14, 267, NULL, 'Amélioration d''un parapheur électronique', '', '2007-03-29', 'M. Edmond DUVAL', 1, 1, 1),
(601, 677, 3, 33, NULL, 'Développement d''un site de mise en ligne de photos archéologiques', 'PHP, mySQL', '2007-03-23', 'M. François PINOT', 1, 1, 1),
(602, 678, 2, 276, NULL, 'Amélioration de l''intranet de l''entreprise', 'Webdev', '2007-02-09', 'M. Claude BASTIEN', 1, 1, 1),
(603, 679, 3, 33, NULL, 'Développement d''un site de mise en ligne de photos archéologiques', 'PHP, mySQL', '2007-03-23', 'M. François PINOT', 1, 1, 1),
(604, 680, 1, 198, NULL, 'Génération d''un outil d''analyse de laz production', 'Visual Basic, Access', '2007-02-02', 'M. Jean-Marie GILLOT', 1, 1, 1),
(605, 681, 11, 355, NULL, 'Développement du site Internet de l''agence', 'PHP, mySQL', '2007-01-19', 'M. Philippe DORSCHNER', NULL, 1, 1),
(606, 682, 11, 343, NULL, 'Développement d''une application de suivi des achats et stocks', 'PHP, mySQL', '2007-03-29', 'M. VERNAU', 1, 1, 1),
(607, 683, 5, 25, NULL, 'Migration en PHP d''une application RPG', 'PHP', '2007-03-29', 'Mme Isabelle JAGER', 1, 1, 1),
(608, 684, 4, 385, NULL, 'Développement d''outils de gestion des élèves', 'PHP', '2007-03-12', 'M. Robert JOPPIN', 1, 1, 1),
(609, 685, 14, 358, NULL, 'Création de l''intranet de l''entreprise', 'PHP, Access, mySQL', '2007-01-19', 'M. Philippe BARTRINGER', 1, 1, 1),
(610, 686, 14, 371, NULL, 'Développement d''un logiciel de gestion de stocks', 'PHP, mySQL', '2007-02-15', 'M. Mathieu BARREAU', 1, 1, 1),
(611, 687, 12, 406, NULL, 'Création d''une bibliothèque associée au logiciel ERGO', '', '2007-04-05', 'M. Benoît JAULNEAU', 1, 1, 1),
(612, 688, 21, 401, NULL, 'Développement d''un CRM', 'Php, mySQL', '2007-03-27', 'M. Thierry BIRSTER', 1, 1, 1),
(613, 689, 1, 386, NULL, 'Mise à jour du site internet de la commune', 'PHP, mySQL', '2007-03-12', 'Mme ALBERTALLI', 1, 1, 1),
(614, 690, 4, 405, NULL, 'Développement d''applications', 'Windev', '2007-03-30', 'M. Christophe RANDOLET', 1, 1, 1),
(615, 691, 2, 8, NULL, 'Développement d''un outil de génération postscript', 'C++', '2007-03-06', 'M.Muller', 1, 1, 1),
(616, 692, 14, 267, NULL, 'Développement d''un annuaire protocolaire', 'PHP, mySQL', '2007-02-12', 'M. Edmond DUVAL', 1, 1, 1),
(617, 693, 5, 233, NULL, 'Création d''un serveur DDE de liaison entre automates', 'Visual Basic, SQL Server', '2007-01-19', 'M. Christophe BANZET', 1, 1, 1),
(618, 694, 2, 9, NULL, 'Développement d''un logiciel de gestion des flexibles du laminoir', 'Access', '2007-01-19', 'M. Bernard VIX', 1, 1, 1),
(619, 695, 15, 380, NULL, 'Intégartion de nouveaux modules à une application internet', 'PHP, mySQL', '2007-03-08', 'M. Daniel FICHTER', 1, 1, 1),
(620, 696, 15, 384, NULL, 'Conception d''une interface Web de stockage de documents', 'VB.net', '2007-03-08', 'M. D. NERET', 1, 1, 1),
(621, 697, 2, 132, NULL, 'Développement d''un interpréteur de fonctions', 'C, C++', '2007-02-09', 'M. Christophe COLLARD', 1, 1, 1),
(622, 698, 11, 349, NULL, 'Développement Intranet d''une application de gestion du personnel', 'PHP, mySQL', '2007-01-19', 'M. Ludovic NORMAND', 1, 1, 1),
(623, 699, 11, 297, NULL, 'Mise au point d''un logiciel de communication administration-élèves-professeurs', 'PHP, mySQL', '2007-02-12', 'M. SANZ', 1, 1, 1),
(624, 700, 15, 163, NULL, 'Développement d''une application de gestion des objectifs', 'PHP, mySQL', '2007-02-12', 'M. DI BACCO', 1, 1, 1),
(625, 701, 5, 187, NULL, 'Développement d''une base de données de gestion qualité', 'Access', '2007-03-20', 'M. MENDEL', 1, 1, 1),
(626, 702, 11, 357, NULL, 'Développement d''un site internet de présentation de l''école', 'PHP, mySQL', '2007-01-19', 'M. Denis DVORSAK', 1, 1, 1),
(627, 703, 1, 387, NULL, 'Développement d''une application de gestion des ordres de fabrication', 'Access, VBA', '2007-03-12', 'M. Jean-Luc BLASONI', 1, 1, 1),
(628, 704, 8, 225, NULL, 'Développement de sites internet dynamiques', 'PHP, mySQL', '2007-01-19', 'M. Philippe RAYNAUD', NULL, 1, 1),
(629, 705, 21, 61, NULL, 'Création d''un tableau de bord de suivi des activités cartographiques', 'Access', '2007-03-20', 'M. Philippe NAUDIN', 1, 1, 1),
(630, 706, 12, 377, NULL, 'Développement d''une base de données de gestion de catalyseurs', 'Access, SQL', '2007-03-06', 'M. Sébastien ALBOUZE', 1, 1, 1),
(631, 707, 16, 85, NULL, 'Informatisation des états d''inventaire', 'PHP, mySQL', '2007-02-26', 'M. Claude ROCHE', 1, 1, 1),
(632, 709, 16, 362, NULL, 'Migration de bases de données Access', 'Access', '2007-02-02', 'M. Alexis GREFF', NULL, 1, 1),
(633, 710, 11, 297, NULL, 'Développement d''un logiciel d''emploi du temps partagé', 'PHP, mySQL', '2007-02-09', 'M. SANZ', 1, 1, 1),
(634, 711, 8, 366, NULL, 'Développement d''un module de gestion de boîte à idées', 'PHP, mySQL', '2007-02-02', 'M. Jonathan DURAND', 1, 1, 1),
(635, 712, 4, 393, NULL, 'Développement d''un portail intranet de gestion du service conduite', 'Intranet, PHP', '2007-03-20', 'M. Pascal DESEAU', 1, 1, 1),
(636, 713, NULL, 361, NULL, 'Développement d''un logiciel de gestion', 'Visual Basic', '2007-02-02', 'M. José GARCIA', 1, 1, 1),
(637, 714, NULL, 419, NULL, 'Développement d''un site dynamique de gestion de produits', 'PHP, mySQL', '2007-05-09', 'M. Mohamed ABED', 1, 1, 1),
(638, 715, NULL, 412, NULL, 'Développement du site web des anciens étudiants', 'PHP, mySQL', '2007-04-23', 'M. Jean-Luc HERRMANN', 1, 1, 1),
(639, 716, NULL, 46, NULL, 'Modification du workflow d''un intranet', 'ASP, SQL Server', '2007-04-23', 'M. François EMBIT', 1, 1, 1),
(640, 717, NULL, 405, NULL, 'Développement d''un site internet dynamique', 'SPIP', '2007-04-23', 'M. Christophe RANDOLET', 1, 1, 1),
(641, 718, NULL, 376, NULL, 'Migration vers internet d''une application de gestion de devis et factures', 'PHP, mySQL', '2007-02-27', 'M. Xavier BAUER', 1, 1, 1),
(642, 719, NULL, 418, NULL, 'Développement d''une application de colisage', 'PHP, mySQL', '2007-05-09', 'M. Alain PIERRE', 1, 1, 1),
(643, 720, NULL, 365, NULL, 'Développement d''un site web dynamique', 'PHP, mySQL', '2007-02-02', 'M. Stéphane CASANOVA', 1, 1, 1),
(644, 721, NULL, 409, NULL, 'Participation au développement d''un portail internet', 'PHP, AJAX, HTML, CSS, MySQL', '2007-04-16', 'M. Frédéric GUIDI', 1, 1, 1),
(645, 722, NULL, 445, NULL, 'Réalisation d''un site dynamique', 'PHP', '2007-08-16', 'M. Pierre PAPALIA', 1, 1, 1),
(646, 723, NULL, 364, NULL, 'Développement d''un site internet dynamique', 'PHP, mySQL, javascript, CSS', '2007-02-06', 'M. Denis MORINEAU', 1, 1, 1),
(647, 724, NULL, 295, NULL, 'Développement de sites internet dynamiques', 'PHP, ASP, Access', '2007-04-23', 'M. Patrick STEFFEN', 1, 1, 1),
(648, 725, NULL, 202, NULL, 'Développement d''une version nord-américaine d''un site de vente en ligne', 'PHP', '2007-03-08', 'M. Olivier PEDOT', 1, 1, 1),
(649, 726, NULL, 424, NULL, 'Développement du site internet de l''entreprise', 'PHP, mySQL', '2007-05-18', 'M. Farid BOUALAM', 1, 1, 1),
(650, 727, NULL, 383, NULL, 'Développement de sites web dynamiques', 'ASP', '2007-03-08', 'M. Patrice GUBERNATOR', 1, 1, 1),
(651, 728, NULL, 258, NULL, 'Développement de l''application Karma', 'Java, JSP, HTML', '2007-02-27', 'M. Fabien BRUNACCI', 1, 1, 1),
(652, 729, NULL, 431, NULL, 'Développement du site web dynamique de l''agence', 'PHP, mySQL', '2007-06-06', 'M. A. DAHBI', 1, 1, 1),
(653, 730, NULL, 373, NULL, 'Développement d''un site web dynamique', '', '2007-02-16', 'Mme Karin Mrozinski', 1, 1, 1),
(654, 731, NULL, 33, NULL, 'Développement d''un site de présentation de fouilles archéologiques', 'PHP, mySQL', '2007-03-23', 'M. François PINOT', 1, 1, 1),
(655, 732, NULL, 427, NULL, 'Développement du site dynamique de l''entreprise', 'PHP', '2007-05-24', 'M. MORAUX', 1, 1, 1),
(656, 733, NULL, 414, NULL, 'Développement du site de la boutique', 'PHP, mySQL, CSS', '2007-05-03', 'Mme Sylvie FIGUS', 1, 1, 1),
(657, 734, NULL, 360, NULL, 'Développement d''un site internet marchand', 'PHP, mySQL', '2007-05-09', 'M. Alexis WERNER', 1, 1, 1),
(658, 735, NULL, 417, NULL, 'Développement d''un outil de gestion des commandes', 'ASP, mySQL', '2007-05-07', 'M. Francis PREVOT', 1, 1, 1),
(659, 736, NULL, 268, NULL, 'Refonte du site web de la société', 'CSS, XML, RSS', '2007-02-02', 'M. Marc CEKANOWSKI', 1, 1, 1),
(660, 737, NULL, 40, NULL, 'Développement d''un outil statistique paramétrable', 'ASP, Javascript', '2007-02-26', 'M. François MAZIARCZYK', 1, 1, 1),
(661, 738, NULL, 389, NULL, 'Développement d''un site de vente en ligne', 'PHP, mySQL', '2007-03-13', 'M. Miary RABEHASY', 1, 1, 1),
(662, 739, NULL, 295, NULL, 'Développement de sites internet dynamiques', '', '2007-03-30', 'M. Patrick STEFFEN', 1, 1, 1),
(663, 740, NULL, 404, NULL, 'Développement d''un extranet et participation à un projet de téléphonie', 'ASP, Access, PHP', '2007-03-30', 'M. Freddy DENAIN', 1, 1, 1),
(664, 742, NULL, 394, NULL, 'Développement d''un logiciel de gestion des devis et factures', 'Windev, Bases de Données', '2007-03-20', 'M. Christophe WENNER', 1, 1, 1),
(665, 743, NULL, 271, NULL, 'Développement d''outils Access', 'Access, VB', '2007-04-23', 'M. David DUTSCHKE', 1, 1, 1),
(666, 744, NULL, 388, NULL, 'Développement d''un site internet dynamique', 'ASP, SQL Server', '2007-03-13', 'M. Sébastien MULLER', 1, 1, 1),
(667, 745, NULL, 390, NULL, 'Développement d''une application de gestion de contrats d''assurance', 'C#, ASP, Oracle', '2007-03-13', 'M. Nicolas ENGLEBERT', 1, 1, 1),
(668, 746, NULL, 382, NULL, 'Développement de modules internet', 'PHP, UML, mySQL, PostgreSQL', '2007-03-08', 'M. Christophe CHAUDELET', 1, 1, 1),
(669, 748, NULL, 411, NULL, 'Développement d''une application de gestion des prescriptions', 'VB, PHP', '2007-04-23', 'M. Maurice SCHNEIDER', 1, 1, 1),
(670, 749, NULL, 410, NULL, 'Création d''une application de gestion', '.Net', '2007-04-17', 'M. Francis MICHEL', 1, 1, 1),
(671, 750, NULL, 416, NULL, 'Développement d''un fichier clients centralisés', 'Bases de données', '2007-05-04', 'Mme Geneviève COUSINOU', NULL, 1, 1),
(672, 751, NULL, 391, NULL, 'Analyse et développement d''un outil de gestion de parc informatique', 'Java, DB2', '2007-03-15', 'MM. Tanguy BELOT et Abdel LAKRIMI', 1, 1, 1),
(673, 753, NULL, 408, NULL, 'Développement d''un outil temps-réel', 'Java, Oracle', '2007-04-17', 'M. Manuel FISCHER', 1, 1, 1),
(674, 754, NULL, 390, NULL, 'Développement d''une application de gestion de contrats d''assurance', 'C#, ASP, Oracle', '2007-03-13', 'M. Thierry BOSTEM', 1, 1, 1),
(675, 755, NULL, 239, NULL, 'Développement d''un logiciel de gestion de production', 'Java, DB2', '2007-05-03', 'M. Jean-Paul RITZ', 1, 1, 1),
(676, 756, NULL, 57, NULL, 'Création d''un tableau de bord des flux d''une application de commandes', 'DB2, Tomcat', '2007-03-22', 'M. Michaël SORNAY', 1, 1, 1),
(677, 757, NULL, 368, NULL, 'Développement d''une application de gestion de stocks', '', '2007-02-06', 'M. Lionel NAVARRO', 1, 1, 1),
(678, 758, NULL, 130, NULL, 'Développement d''un logiciel de gestion de candidatures', 'Windev', '2007-02-27', 'M. Marc BLAISE', 1, 1, 1),
(679, 759, NULL, 99, NULL, 'Développement d''un logiciel de gestion du temps de travail', 'Visual FoxPro', '2007-05-22', 'M. Didier TERRIEN', 1, 1, 1),
(680, 760, NULL, 127, NULL, 'Développement d''un module de migration de données', 'Java, Oracle', '2007-04-30', 'M. Frédéric Moussier', 1, 1, 1),
(681, 761, NULL, 395, NULL, 'Développement d''un logiciel de gestion de la formation continue des contrôleurs', 'Java, PL/SQL', '2007-03-22', 'M. Alonado ADISSIN', 1, 1, 1),
(682, 762, NULL, 400, NULL, 'Développement d''applications liées aux informations trafic', 'PHP, C++, Java, mySQL', '2007-03-27', 'M. Mikael KAIS', 1, 1, 1),
(683, 763, NULL, 381, NULL, 'Développement d''un site web de type annuaire', 'Windev, Webdev', '2007-04-30', 'M. Gilles RAYMOND', 1, 1, 1),
(684, 764, NULL, 403, NULL, 'Développement dans le cadre d''un projet de suivi de produits dangereux', 'Java, AJF, DB2', '2007-03-30', 'M.Gérard TUMPICH', 1, 1, 1),
(685, 765, NULL, 370, NULL, 'Intégration d''applications Lotus au portaiol Websphere', 'Websphere, Lotus', '2007-02-15', 'M. Cyril GACHOT', 1, 1, 1),
(686, 766, 12, 425, NULL, 'Développement d''applications de suivi de factures et de commandes', '', '2007-05-18', 'M. Jean-Michel SCHWARTZ', 1, 1, 1),
(687, 767, 21, 290, NULL, 'Développement de sites internet dynamiques', 'PHP, mySQL', '2007-03-27', 'M. Julien BECKER', 1, 1, 1),
(688, 769, 12, 421, NULL, 'Mise à jour d''une application de Gestion de la Relation Client', 'Java', '2007-05-09', 'M. Eric NIEDERLANDER', 1, 1, 1),
(689, 770, 3, 430, NULL, 'Développement d''une application de gestion de devis/factures', 'Delphi', '2007-06-06', 'M. Martial LASSERRE', 1, 1, 1),
(690, 771, 2, 420, NULL, 'Développement d''un site de vente en ligne', 'PHP, mySQL', '2007-05-09', 'M. Alexandre VAUTIER', 1, 1, 1),
(691, 772, 21, 392, NULL, 'Etude du passage d''un réseau wifi à un réseau filaire', '', '2007-06-01', 'M. Michel GRANDJEAN', 1, 1, 1),
(692, 773, 3, 33, NULL, 'Développement d''une application de gestion de données archéologiques', 'PHP, mySQL, Ajax', '2007-03-22', 'M. François PINOT', 1, 1, 1),
(693, 774, 1, 415, NULL, 'Etude de la faisabilité d''une migration d''environnement téléphonique', 'Asterix, IP', '2007-05-04', 'M. Hugues HENRIOT', 1, 1, 1),
(694, 775, 16, 426, NULL, 'Développement d''un logiciel de gestion de parc informatique', 'PHP, mySQL', '2007-05-29', 'M. Florent JAUGEON', 1, 1, 1),
(695, 776, 5, 429, NULL, 'Développement d''une application web dynamique', 'PGP, Sharepoint Server', '2007-06-01', 'M. Jean RACINE', 1, 1, 1),
(696, 778, 1, 422, NULL, 'Développement d''un site internet dynamique', 'PHP, mySQL', '2007-05-09', 'M. Florian CAUDY', 1, 1, 1),
(697, 779, 4, 46, NULL, 'Développement d''un intranet CRM/ERP', 'PHP, mySQL', '2007-06-11', 'M. François EMBIT', 1, 1, 1),
(698, 780, 8, 428, NULL, 'Développement d''un module PHP de géolocalisation', 'PHP, Google Map', '2007-05-29', 'M. Jérôme BECKER', 1, 1, 1),
(699, 782, 16, 433, NULL, 'Développement d''une application de traitement de fichiers médicaux', 'Php, Java', '2007-06-20', 'M. Boris MARCHAND', 1, 1, 1),
(700, 783, 19, 70, NULL, 'Développement d''une application de gestion de suivi médical', 'C#, VB.net', '2007-05-18', 'M. Benoît BOSSERELLE', 1, 1, 1),
(701, 784, NULL, 402, NULL, 'Développement de sites internet dynamiques', 'PHP, mySQL, CSS', '2007-03-30', 'M. Guillaume HENROTTAY', 1, 1, 1),
(702, 785, NULL, 423, NULL, 'Développement d''un module de recherche multi-critères intégré au S.I.T.', 'PHP, mySQL', '2007-05-14', 'MM. Olivier GILLE et Jean-Marc ADRIAN', NULL, 1, 1),
(703, 786, NULL, 331, NULL, 'Migration d''Exchange 5.5 vers Outlook des postes client', 'Migration Mail', '2007-08-16', 'M. Didier MOLITOR', 1, 1, 1),
(704, 787, NULL, 434, NULL, 'Installation d''un réseau WIFI avec NAS', 'WI-FI', '2007-08-16', 'M. Claude PETIT', 1, 1, 1),
(705, 788, NULL, 435, NULL, 'Création d''un réseau d''impression sécurisées', 'Sécurité, impression', '2007-08-16', 'M. Eric WIES', 1, 1, 1),
(706, 789, NULL, 246, NULL, 'Développement d''une interface web pour des outils réseau', 'JSP, Réseau', '2007-08-16', 'M. Pierre NGUYEN', 1, 1, 1),
(707, 790, NULL, 300, NULL, 'Remise a niveau d''un parc informatique', 'Parc Informatique', '2007-08-16', 'M.  Vincent Bertoletti', 1, 1, 1),
(708, 791, NULL, 436, NULL, 'Administration Systèmes Informatiques', 'Migration', '2007-08-16', 'M. Hervé FOSSET', 1, 1, 1),
(709, 792, NULL, 7, NULL, 'Evolution et doublement du serveur Proxy', 'Proxy', '2007-08-16', 'M. Serge Schneider', 1, 1, 1),
(710, 793, NULL, 438, NULL, 'Administration d''un nouveau domaine', 'VPN', '2007-08-16', 'M. Helouane Yazid', 1, 1, 1),
(711, 794, NULL, 437, NULL, 'Mise en place de solution réseau', 'audit, installation', '2007-08-16', 'M. Nicolas Drut', 1, 1, 1),
(712, 795, NULL, 296, NULL, 'Packaging et déploiement d''application', 'Packaging', '2007-08-16', 'M. Arnaud Laprévote', 1, 1, 1),
(713, 796, NULL, 271, NULL, 'Migration Réseau et Interface WEB', 'Migration', '2007-08-16', 'M. Jean-Marie NOMINE', 1, 1, 1),
(714, 797, NULL, 440, NULL, 'Amélioration de la sécurité du réseau', 'sécurité', '2007-08-16', 'M. Damien FERNANDEZ', 1, 1, 1),
(715, 798, NULL, 98, NULL, 'Mise en place de solutions réseaux', 'VPN, Proxy', '2007-08-16', 'M. Gilles MUNIER', 1, 1, 1),
(716, 799, NULL, 441, NULL, 'Mise en place d''un outil de sauvegarde', 'Sauvegarde', '2007-08-16', 'M. Maxime JULLIEN', 1, 1, 1),
(717, 800, NULL, 349, NULL, 'Mise en place d''un proxy Firewall sous Debian Etch', 'proxy', '2007-08-16', 'M. Franck KILHOFFER', 1, 1, 1),
(718, 801, NULL, 439, NULL, 'audit reseau / administration reseau', 'audit', '2007-08-16', 'M. Thierry Grelier', 1, 1, 1),
(719, 802, NULL, 442, NULL, 'Etudes sur les solutions de monitoring IBM et Microsoft', 'Monitoring', '2007-08-16', 'M. Daniel Romani', 1, 1, 1),
(720, 803, NULL, 443, NULL, 'Proxy - Audit - Intranet', 'Proxy, Audit', '2007-08-16', 'M. Cyrille Poinsignon', 1, 1, 1),
(721, 804, NULL, 444, NULL, 'Voix sur IP, Sécurité WIFI et accès WAN', 'WI-FI', '2007-08-16', 'M. Cédric PETT', 1, 1, 1),
(722, 805, NULL, 250, NULL, 'Migration d''un serveur de fichiers', 'Migration', '2007-08-16', 'M. Stéphane WICKER', 1, 1, 1),
(723, 806, NULL, 111, NULL, 'Gestion des comptes utilisateurs', 'Gestion de comptes', '2007-08-16', 'M. Marc TURQUAIS', 1, 1, 1),
(724, 807, NULL, 446, NULL, 'Développement d''un manager de supervision de température', 'Java, SNMP', '2007-09-04', 'M. Alain BIRTEL', NULL, 1, 1);
INSERT INTO `stage` (`no_stage`, `no_etud`, `no_enc`, `no_ent`, `no_lieu`, `sujet`, `mot_clef`, `date_validation`, `tuteur`, `adr_verif`, `soutenance`, `taux_encadrement`) VALUES
(725, 808, 34, 61, NULL, 'Analyse et développement d''une application de gestion des innovations', 'PHP, mySQL', '2008-02-25', 'M. Philippe LEBLANC', 1, 1, 1),
(726, 809, 16, 490, NULL, 'Développement d''un système de gestion des prestations', 'PHP', '2008-03-28', 'M. Olivier Naveau', 1, 1, 1),
(727, 810, 15, 489, NULL, 'Création du site Internet de la ville', 'PHP, mySQL', '2008-03-28', 'M. Jacques HERRLICH', 1, 1, 1),
(728, 811, 15, 466, NULL, 'Développement d''une application des gestion des visites médicales', 'Visual Basic', '2008-02-28', 'M. Christophe FERRARI', 1, 1, 1),
(729, 812, 3, 477, NULL, 'Développement de modules de reporting et de tableaux de bords', 'PHP, mySQL', '2008-03-17', 'M. Mustapha LAHLALI', 1, 1, 1),
(730, 814, 21, 478, NULL, 'Développement d''outils de productivité comptable', 'Coala', '2008-03-17', 'M. Michaël LANCELEUX', 1, 1, 1),
(731, 815, 12, 189, NULL, 'Gestion de laminoires à chaud', 'C, C++', '2008-03-18', 'M. Rémi BONIDAL', 1, 1, 1),
(732, 816, 4, 498, NULL, 'Développement d''un site d''e-commerce', 'PHP, mySQL', '2008-04-03', 'M. Nicolas STOCKEL', 1, 1, 1),
(733, 818, 12, 81, NULL, 'Développement d''un logiciel de pilotage de clusters', 'C++, PHP', '2008-01-29', 'M. Patrick MERCIER', 1, 1, 1),
(734, 819, 8, 450, NULL, 'Développement d''une application de modélisation d''engrenages', 'Java', '2008-01-29', 'M. Dominique PERINEL', 1, 1, 1),
(735, 820, 34, 61, NULL, 'Développement d''une application de gestion de permis de construire', 'PHP, mySQL', '2008-03-14', 'M. Didier BECK', 1, 1, 1),
(736, 821, 3, 476, NULL, 'Développement d''un intranet de gestion de stocks sur PDA', 'VB.net, SQL Server', '2008-03-17', 'M. Nicolas DUMARD', NULL, 1, 1),
(737, 823, 4, 467, NULL, 'Développement d''un annuaire téléphonique', 'PHP, mySQL', '2008-03-03', 'Mme Corinne LECLAIRE', 1, 1, 1),
(738, 824, 11, 479, NULL, 'Développement de modules pour une application internet riche', 'PHP, mySQL, Jason, Ajax', '2008-03-18', 'M. Claude STANCZYKOWSKI', 1, 1, 1),
(739, 825, 1, 40, NULL, 'Développement d''un site dynamique', 'Java, ASP, HTML', '2007-12-04', 'M. François MAZIARCZYK', 1, 1, 1),
(740, 826, 2, 488, NULL, 'Développement d''un site web dynamique', 'PHP', '2008-03-28', 'M. Franck Terrier', 1, 1, 1),
(741, 827, 8, 497, NULL, 'Développement d''un système de gestion de matériel informatique', 'PHP, mySQL', '2008-04-02', 'M. Sébastien RETOUX', 1, 1, 1),
(742, 828, 8, 70, NULL, 'Développement du site intranet de l''amicale', 'ASP, VB.net', '2008-03-28', 'M. Benoît BOSSERELLE', 1, 1, 1),
(743, 830, 16, 495, NULL, 'Ajout de fonctionnalités à une application de gestion', 'Access', '2008-03-31', 'M. Jérôme RETHORE', 1, 1, 1),
(744, 831, 5, 480, NULL, 'Réalisation d''un intranet', 'PHP, mySQL, CMS', '2008-03-18', 'M. Eric SOUDIER', 1, 1, 1),
(745, 832, 11, 423, NULL, 'Développement d''une application de suivi des contentieux', 'PHP, mySQL', '2008-02-14', 'MM. Jean-Marc ADRIAN et Olivier GILLE', 1, 1, 1),
(746, 833, 2, 481, NULL, 'Développement de sites dynamiques', 'ASP', '2008-03-20', 'M. Jérôme MATTE', 1, 1, 1),
(747, 834, 2, 456, NULL, 'Développement d''une application de gestion des archives', 'ASP.net', '2008-02-14', 'M. Grégory Schneider', 1, 1, 1),
(748, 835, 15, 447, NULL, 'Développement d''un applicatif', 'Windev, Webdev', '2007-12-04', 'M. Stéphane FANJEAUX', 1, 1, 1),
(749, 836, 12, 482, NULL, 'Développement d''un site marchand', 'PHP, mySQL', '2008-03-20', 'M. AULAGNER', 1, 1, 1),
(750, 837, 4, 435, NULL, 'Ajout de fonctionnalités dans Rapla', 'java, mySQL', '2008-02-25', 'M. Eric WIES', 1, 1, 1),
(751, 838, 1, 458, NULL, 'Développement d''un logiciel de gestion des formations', '.NET', '2008-02-25', 'M. Jean-Philippe LISZKA', 1, 1, 1),
(752, 839, 12, 11, NULL, 'Développement d''applications Web dynamiques', 'PL/SQL, Oracle', '2008-03-18', 'Mme Josée Thibeault', 1, 1, 1),
(753, 840, 2, 455, NULL, 'Gestion prévisionnelle des ressources télécom', 'PHP, mySQL', '2008-02-07', 'M. Serge KLEIN', 1, 1, 1),
(754, 841, 1, 387, NULL, 'Développement d''un logiciel de gestion de commissions', 'Visual Basic', '2008-02-15', 'M. Jean-Luc Blasoni', 1, 1, 1),
(755, 842, 3, 493, NULL, 'Développement d''un logiciel de gestion de contacts', '', '2008-03-31', 'Ms Danielle BUCHANAN', 1, 1, 1),
(756, 843, 34, 61, NULL, 'Développement d''un site de gestion des demandes d''intervention', 'PHP, mySQL', '2008-03-12', 'M. Denis Schaff', 1, 1, 1),
(757, 845, 11, 457, NULL, 'Amélioration de sites internets dynamiques', 'Web', '2008-02-15', 'M. Hizbouallah', 1, 1, 1),
(758, 846, 11, 472, NULL, 'Développement d''une application de gestion des activités des employés', 'JSP', '2008-03-11', 'M. Bernard Rémi', 1, 1, 1),
(759, 848, 34, 454, NULL, 'Réalisation de bilans de comptage', 'SQL Server, Visual Basic', '2008-02-07', 'M. CIQUERA', 1, 1, 1),
(760, 849, 3, 469, NULL, 'Développement XML-JDF', 'XML, JDF', '2008-03-03', 'M. Michel MILANI', NULL, 1, 1),
(761, 850, 5, 468, NULL, 'Développement d''un logiciel de gestion de stock', 'PHP, PostgreSQL', '2008-03-03', 'M. Marc DUREN', 1, 1, 1),
(762, 851, 21, 356, NULL, 'Développement d''une application Web', 'Flex, PHP, mySQL', '2008-03-03', 'M. Sébastien SOBCZYK', 1, 1, 1),
(763, 852, 8, 499, NULL, 'Développement d''un site communautaire', 'Joomla, PHP, mySQL', '2008-04-04', 'M. Laurent CHILDZ', 1, 1, 1),
(764, 853, 16, 21, NULL, 'Portage d''une application de gestion des comptes utilisateurs', 'Delphi, PostgreSQL', '2008-02-04', 'M. Serge LEFEVRE', 1, 1, 1),
(765, 854, 21, 381, NULL, 'Développement d''un site internet de type annuaire', 'WebDev', '2008-02-08', 'M. Gilles RAYMOND', 1, 1, 1),
(766, 855, 4, 501, NULL, 'Programmation de nouveaux modules sous un ERP', 'Windev', '2008-04-14', 'M. Gérard MUHLA', 1, 1, 1),
(767, 856, 4, 484, NULL, 'Développement d''un site web dynamique', 'PHP, mySQL', '2008-03-27', 'Mme Elodie HISLER', 1, 1, 1),
(768, 857, 1, 471, NULL, 'Création d''un outil de gestion des cartes d''adhérent', 'PHP, mySQL', '2008-03-07', 'M. Damien BLANCHOT', 1, 1, 1),
(769, 858, 15, 491, NULL, 'Développement d''une application de gestion des tâches', 'PHP, mySQL', '2008-03-28', 'M. Michel NICOLAS', 1, 1, 1),
(770, 859, 5, 505, NULL, 'Développement d''un site Internet dynamique', 'PHP, mySQL', '2008-04-10', 'M. Driss BASSOR', 1, 1, 1),
(771, 860, 5, 494, NULL, 'Réalisation d''une application de gestion de la hotline', 'Windev, Hyperfile', '2008-03-31', 'M. Aziz MESSAOUDI', 1, 1, 1),
(772, 861, 16, 163, NULL, 'Informatisation de la prospection des conseillers', 'Access, Delphi', '2008-02-14', 'M. DI BACCO', 1, 1, 1),
(773, 862, 21, 356, NULL, 'Réalisation de modules Flex', 'Flex', '2008-03-03', 'M. Jean-François SOBCZYK', 1, 1, 1),
(774, 863, NULL, 497, NULL, 'Développement d''une boîte à outil de transfert de données', 'PHP, mySQL', '2008-04-08', 'M. Alain FONTAINE', NULL, 1, 1),
(775, 864, NULL, 470, NULL, 'Développement d''un outil pour le WorldHost DataCenter', 'PHP, JSP', '2008-03-03', 'M. Geoffroy Przybylski', NULL, 1, 1),
(776, 865, NULL, 502, NULL, 'Réalisation d''un module de génération automatique de plans de tests', 'J2EE, PL/SQL, Oracle', '2008-04-07', 'Mme Karine LEWICKI', NULL, 1, 1),
(777, 866, NULL, 61, NULL, 'Développement d''outils intranet', 'PHP, mySQL', '2008-03-12', 'M. Didier BECK', NULL, 1, 1),
(778, 867, NULL, 231, NULL, 'Développement d''un système de localisation', 'HTML, PHP', '2008-05-13', 'MM. Gérard CAUSSAINT et Marc TURQUAIS', NULL, 1, 1),
(779, 868, NULL, 382, NULL, 'Développement de modules dynamiques métier', 'PHP, XHTML, CSS', '2008-02-12', 'M. Romain MARY', NULL, 1, 1),
(780, 869, NULL, 61, NULL, 'Développement d''une application de gestion de chantiers', 'PHP, mySQL', '2008-03-12', 'M. Didier BECK', NULL, 1, 1),
(781, 870, NULL, 61, NULL, 'Développement d''un site des gestion des réserves', 'PHP, mySQL', '2008-03-12', 'M. Didier BECK', NULL, 1, 1),
(782, 871, NULL, 25, NULL, 'Développement d''un site web dynamique de gestion de documents', 'PHP', '2008-04-28', 'M. Christophe FIGEAC', NULL, 1, 1),
(783, 872, NULL, 486, NULL, 'Développement de site web dynamique', 'JSP, HTML, CSS', '2008-03-27', 'M. Romain FLAMMANG', NULL, 1, 1),
(784, 873, NULL, 503, NULL, 'Mise à jour d''un logiciel de gestion budgétaire', 'PHP, mySQL', '2008-04-10', 'M. Laurent LANG', NULL, 1, 1),
(785, 874, NULL, 506, NULL, 'Mise à jour de sites web dynamiques', 'PHP, PostgreSQL', '2008-04-10', 'M. Arnaud GAY', NULL, 1, 1),
(786, 876, NULL, 453, NULL, 'Développement d''un site d''e-Commerce', 'PHP, mySQL, flash, XML', '2008-05-13', 'M. Vincent RENAUD', NULL, 1, 1),
(787, 877, NULL, 492, NULL, 'Développement de modules Moddle', 'Moodle, xHTML, PHP', '2008-03-28', 'M. Thierry STAUDER', NULL, 1, 1),
(788, 878, NULL, 510, NULL, 'Intégration de sites web', 'PHP, mySQL', '2008-05-13', 'M. Gary OCHEM', NULL, 1, 1),
(789, 879, NULL, 225, NULL, 'Développements de sites web dynamiques', 'PHP, mySQL', '2008-05-15', 'M. Philippe RAYNAUD', NULL, 1, 1),
(790, 880, NULL, 500, NULL, 'Réalisation de sites web dynamiques', 'PHP, mySQL, Symfony', '2008-04-04', 'M. Frédéric MAGUIN', NULL, 1, 1),
(791, 881, NULL, 474, NULL, 'Développement d''un portail d''entreprise', 'JSP', '2008-03-12', 'M. Axel PIERARD', NULL, 1, 1),
(792, 882, NULL, 473, NULL, 'Développement d''une application de gestion des intérimaires', 'PHP, mySQL', '2008-03-11', 'M. Yves KENNEL', NULL, 1, 1),
(793, 883, NULL, 460, NULL, 'Développement de sites internet dynamiques', 'PHP, mySQL', '2008-02-28', 'M. Ludovic LO PRESTI', NULL, 1, 1),
(794, 884, NULL, 475, NULL, 'Développement de sites web dynamiques', 'PHP, Flash', '2008-03-17', 'M. Carsten MEYER', NULL, 1, 1),
(795, 885, NULL, 295, NULL, 'Développement d''une plate-forme d''envoi de newsletters', 'PHP, mySQL', '2008-03-31', 'M. Cédric FALALA', NULL, 1, 1),
(796, 886, NULL, 295, NULL, 'Refonte d''un site commercial', 'PHP, mySQL, Ajax, html, javascript', '2008-01-29', 'M. Cédric FALALA', NULL, 1, 1),
(797, 887, NULL, 461, NULL, 'Développement du site internet de l''agence', 'PHP, mySQL, Flash', '2008-02-28', 'M. Julien KIENTZ', NULL, 1, 1),
(798, 888, NULL, 268, NULL, 'Refonte du site Web de la société', 'PHP, mySQL', '2008-03-11', 'M. Marc CEKANOWSKI', NULL, 1, 1),
(799, 889, NULL, 452, NULL, 'Développement d''une application de gestion de co-voiturage', 'VB, SQl Server', '2008-02-01', 'M. Laurent ZEIMET', NULL, 1, 1),
(800, 890, NULL, 76, NULL, 'Développement d''un module de gestion de rendez-vous', 'Magic Software, SQL Server', '2008-05-05', 'M. Claude GANDECKI', NULL, 1, 1),
(801, 891, NULL, 507, NULL, 'Développement d''un logiciel de gestion de paramètres machines', 'Delphi, SQL', '2008-04-11', 'M. Paul SCHATZ', NULL, 1, 1),
(802, 892, NULL, 462, NULL, 'Migration de modules vers Avaloq', 'Oracle, Avaloq', '2008-02-28', '', NULL, 1, 1),
(803, 893, NULL, 516, NULL, 'Développements liés à la technologie papier/crayon numérique (ANOTO)', 'C++, PHP, SQL', '2008-09-18', 'M. Fabrice PAPST', NULL, 1, 1),
(804, 894, NULL, 449, NULL, 'Intégration d''un outil de gestion de références bibliographiques à un site web', 'PHP, mySQL', '2008-01-10', 'M. François GUIBAULT', NULL, 1, 1),
(805, 895, NULL, 511, NULL, 'Développement d''un applicatif web lié à une base de données', 'MySQL, PHP, JSP', '2008-05-15', 'M. Alexandre MERLOT', NULL, 1, 1),
(806, 896, NULL, 375, NULL, 'Migration d''une application de gestion des prestations', 'Access, SQL Server, SAP', '2008-04-01', 'M. Albert Müller', NULL, 1, 1),
(807, 897, NULL, 390, NULL, 'Développement d''une solution logicielle de gestion de contrats d''assurance', 'C#, ASP, VB, Oracle', '2008-01-29', 'M. Nicolas ENGLEBERT', NULL, 1, 1),
(808, 898, NULL, 448, NULL, 'Développement d''un logiciel destiné aux collectivités locales', 'Windev, Oracle', '2008-04-30', 'Mme KOVACS', NULL, 1, 1),
(809, 900, NULL, 189, NULL, 'Développement d''une application de gestion d''essais de fatigue', 'PHP', '2008-04-28', 'M. Nicolas VEITH', NULL, 1, 1),
(810, 901, NULL, 501, NULL, 'Développement d''une application Pocket-PC', 'Windev', '2008-06-13', 'M. Gérard MUHLA', NULL, 1, 1),
(811, 902, NULL, 373, NULL, 'Développement d''une boutique en ligne', 'cahier des charges, PHP', '2008-04-03', 'Mme Karin MROZINSKI', NULL, 1, 1),
(812, 903, NULL, 483, NULL, 'Refonte de l''intranet de l''entreprise', 'CMS', '2008-03-25', 'M. Christophe COUTELET', NULL, 1, 1),
(813, 904, NULL, 448, NULL, 'Développement d''un module métier destiné aux collectivités locales', 'Windev, Oracle', '2008-01-10', '', NULL, 1, 1),
(814, 905, NULL, 46, NULL, 'Refonte complète d''un intranet', 'ASP, PHP', '2008-03-03', 'M. François EMBIT', NULL, 1, 1),
(815, 906, NULL, 21, NULL, 'Migration de l''application Aciaman2', 'Delphi', '2008-01-17', 'M. Thierry DELVILLE', NULL, 1, 1),
(816, 907, NULL, 465, NULL, 'Création d''un logiciel de gestion du parc client', 'ASP.NET, C#', '2008-02-28', 'Valérian DI MUZIO', NULL, 1, 1),
(817, 909, NULL, 459, NULL, 'Développement et maintien de logiciels destinés à l''industrie pharmaceutique', 'SAS, web', '2008-02-26', 'Mr Ala GICQUEAU', NULL, 1, 1),
(818, 910, NULL, 411, NULL, 'Développement d''une application pour solution portative', 'Castle', '2008-05-07', 'M. Maurice SCHNEIDER', NULL, 1, 1),
(819, 911, NULL, 260, NULL, 'Développement d''un module de gestion de statistiques', 'Oracle, PHP', '2008-02-07', 'M. Sylvain STUHLFAUTH', NULL, 1, 1),
(820, 912, NULL, 390, NULL, 'Développement d''une solution logicielle de gestion de contrats d''assurance', 'C#, ASP, VB, Oracle', '2008-01-29', 'M. Nicolas ENGLEBERT', NULL, 1, 1),
(821, 913, NULL, 496, NULL, 'Développement d''un système de gestion de fichiers de langues', 'PHP, mySQL', '2008-04-01', 'M. Philippe RAYNAUD', NULL, 1, 1),
(822, 914, NULL, 508, NULL, 'Migration et mise à jour d''une application', 'Visual Basic', '2008-04-28', 'M. Stéphane TOBOLA', NULL, 1, 1),
(823, 915, NULL, 453, NULL, 'Développement d''un outil de communication interne', 'PHP, XHTML, CSS', '2008-02-07', 'M. Renaud VINCENT', NULL, 1, 1),
(824, 916, 16, 513, 18, 'Mise en place d''un système de management sécurité', '', '2008-05-29', 'M. Daniel BRAND', 1, 1, 1),
(825, 917, 3, 40, NULL, 'Evolution de l''application BACAPI', 'Java, Websphere', '2008-05-02', 'M. Damien RICOTTA', 1, 1, 1),
(826, 918, 1, 509, NULL, 'Développement d''un site web dynamique', 'PHP, mySQL', '2008-04-30', 'M. Alain MAQUET', 1, 1, 1),
(827, 920, 12, 487, NULL, 'Développement de fonctionnalités Web', 'PHP, mySQL', '2008-03-27', 'M. Stéphane BAZIADOLY', 1, 1, 1),
(828, 921, 15, 517, NULL, 'Création du site e-commerce du magasin', 'PHP, HTML', '2008-06-18', 'M. Anthony GLADEK', NULL, 1, 1),
(829, 922, 16, 504, NULL, 'Développement d''un site d''e-commerce', 'PHP, mySQL', '2008-04-10', 'M. Gilles PLESSIS', 1, 1, 1),
(830, 923, 1, 519, NULL, 'Création de sites web dynamiques', 'PHP, mySQL', '2008-07-03', 'M. Julien VAUTRIN', NULL, 1, 1),
(831, 924, 11, 498, NULL, 'Développement d''une application de gestion de production', 'PHP, mySQL', '2008-05-29', 'M. Nicolas STOCKEL', 1, 1, 1),
(832, 925, 21, 512, NULL, 'Installation de PCs', 'PC', '2008-05-22', 'M. Stéphane PETRELLA', 1, 1, 1),
(833, 926, 34, 303, NULL, 'Développement de sites web dynamiques', 'PHP, mySQL, CSS, HTML', '2008-06-20', 'M. Sam DOUAH', 1, 1, 1),
(834, 927, 11, 498, NULL, 'Développement d''un logiciel de relation client', 'PHP, mySQL', '2008-05-22', 'M. Nicolas STOCKEL', 1, 1, 1),
(835, 928, 21, 464, NULL, 'Développement de modules web', 'PHP, mySQL', '2008-02-28', 'M. Frédéric GENOT', NULL, 1, 1),
(836, 929, 19, 518, NULL, 'Création du site web de la ville', 'PHP, mySQL', '2008-07-01', 'M. Karim PORT', 1, 1, 1),
(837, 930, 34, 402, NULL, 'Développement d''une application de gestion de parc informatique', 'PHP, mySQL', '2008-03-10', 'M. Guillaume HENROTTAY', 1, 1, 1),
(838, 931, 2, 514, NULL, 'Création d''un site web dynamique', 'PHP, mySQL', '2008-05-29', 'Mme Sandra THOMAS', 1, 1, 1),
(839, 932, 5, 515, NULL, 'Création d''un site web dynamique', 'XHTML, PHP, mySQL', '2008-06-05', 'M. Raymond ARNOULD', 1, 1, 1),
(840, 933, 8, 486, NULL, 'Développement d''un module de gestion des opérations', 'Java, MVC, Swing', '2008-03-27', 'M. Patrick HANARD', NULL, 1, 1),
(841, 935, 12, 463, NULL, 'Création d''un outil d''extraction de pannes', 'Access', '2008-02-28', 'M. Mario VAGLI', 1, 1, 1),
(842, 936, NULL, 440, NULL, 'stage ASR', '', '2008-09-01', 'M. Damien FERNANDEZ', NULL, 1, 1),
(843, 937, NULL, 520, NULL, 'stage ASR', '', '2008-09-01', 'M. Laurent MILLION', NULL, 1, 1),
(844, 938, NULL, 521, NULL, 'stage ASR', '', '2008-09-01', 'M. Fréderic PIGNATONE', NULL, 1, 1),
(845, 939, NULL, 111, NULL, 'stage ASR', '', '2008-09-01', 'M. Marc TURQUAIS', NULL, 1, 1),
(846, 940, NULL, 243, NULL, 'stage ASR', '', '2008-09-01', 'M. Jean-Baptiste BRON', NULL, 1, 1),
(847, 941, NULL, 522, NULL, 'stage ASR', '', '2008-09-01', 'M. Gregory Schouweiler', NULL, 1, 1),
(848, 942, NULL, 518, NULL, 'stage ASR', '', '2008-09-01', 'M. Karim PORT', NULL, 1, 1),
(849, 943, NULL, 439, NULL, 'stage ASR', '', '2008-09-02', 'M. Lionel BOUCHE', NULL, 1, 1),
(850, 944, NULL, 523, NULL, 'stage ASR', '', '2008-09-02', 'M. Philippe PETRY', NULL, 1, 1),
(851, 945, NULL, 340, NULL, 'stage ASR', '', '2008-09-02', 'Mme Béatrice BERARD', NULL, 1, 1),
(852, 946, NULL, 527, NULL, 'stage ASR', '', '2008-09-02', 'M. Brice GUYON', NULL, 1, 1),
(853, 947, NULL, 531, NULL, 'stage ASR', '', '2008-09-02', 'M. Claude DE VITA', NULL, 1, 1),
(854, 948, NULL, 528, NULL, 'stage ASR', '', '2008-09-02', 'M. Jean-Michel HANQUET', NULL, 1, 1),
(855, 949, NULL, 426, NULL, 'stage ASR', '', '2008-09-02', 'M. Florent JAUGEON', NULL, 1, 1),
(856, 950, NULL, 524, NULL, 'stage ASR', '', '2008-09-02', 'M. Jean-Claude REMY', NULL, 1, 1),
(857, 952, NULL, 525, NULL, 'stage ASR', '', '2008-09-02', 'M. Paul FERREIRA', NULL, 1, 1),
(858, 953, NULL, 526, NULL, 'stage ASR', '', '2008-09-02', 'M. Fabien KUNZ', NULL, 1, 1),
(859, 954, NULL, 111, NULL, 'stage ASR', '', '2008-09-02', 'M. Marc TURQUAIS', NULL, 1, 1),
(860, 955, NULL, 529, NULL, 'stage ASR', '', '2008-09-02', 'M. David Romeo', NULL, 1, 1),
(861, 956, NULL, 271, NULL, 'stage ASR', '', '2008-09-02', 'M. Pierre Lempereur', NULL, 1, 1),
(862, 958, NULL, 530, NULL, 'stage ASR', '', '2008-09-02', 'M. Jean-Michel BERGHMANS', NULL, 1, 1),
(863, 959, 12, 561, NULL, 'Réalisation d''un configurateur de modèles de portail', 'PHP, mySQL, Flex', '2009-04-02', 'M. Sébastien SOBCZYK', 1, 1, 1),
(864, 960, 3, 532, NULL, 'Réalisation d''un outil de gestion des ressources humaines', 'Windev, UML', '2009-02-12', 'M. Alain GABRIEL', 1, 1, 1),
(865, 962, 1, 91, NULL, 'Développement d''un site internet dynamique', 'PHP, mySQL', '2009-02-06', 'Mme Corinne GEORGES', 1, 1, 1),
(866, 963, 4, 544, NULL, 'Développement d''un site internet dynamique', 'PHP, mySQL', '2009-03-31', 'M. PICQ', 1, 1, 1),
(867, 964, 1, 537, NULL, 'Refonte du site internet de l''entreprise', 'HTML, ASP', '2009-02-10', 'M. Philippe MULLER', 1, 1, 1),
(868, 965, 4, 544, NULL, 'Migration d''une application Access vers Internet', 'PHP, mySQL', '2009-03-06', 'M. PICQ', 1, 1, 1),
(869, 966, 15, 371, NULL, 'Développement d''un site de gestion des marchés', 'PHP, mySQL', '2009-03-12', 'M. Michel GUISSE', 1, 1, 1),
(870, 967, 15, 543, 19, 'Développement du site internet du club', 'PHP, mySQL', '2009-03-06', 'M. Jordan HEIL', 1, 1, 1),
(871, 968, 15, 545, NULL, 'Développement du site internet du club', 'PHP, mySQL', '2009-03-06', 'M. Christian MULLER', 1, 1, 1),
(872, 969, 12, 561, NULL, 'Réalisation d''un configurateur de modèles', 'Flex', '2009-04-02', 'M. Michaël DOHR', 1, 1, 1),
(873, 970, 2, 559, NULL, 'Réalisation d''une base documentaire', 'PHP, mySQL', '2009-03-30', 'M. Clémence', 1, 1, 1),
(874, 971, 19, 546, NULL, 'Développement d''un logiciel de gestion de la formation', 'PPO', '2009-03-06', 'M. Joachim MEYER', 1, 1, 1),
(875, 972, 12, 561, NULL, 'Développement d''un outil d''aide à la vente', 'PHP, mySQL, Flex', '2009-04-02', 'M. Sébastien SOBCZYK', 1, 1, 1),
(876, 974, 19, 546, NULL, 'Développement d''un interface Web', 'ASP.net', '2009-04-02', 'M. Julien GIACOMIN', 1, 1, 1),
(877, 975, 5, 470, NULL, 'Développement de plugins pour JOOMLA', 'PHP, JOOMLA, CMS', '2009-03-06', 'M. Anouar ADLANI', 1, 1, 1),
(878, 976, 2, 199, NULL, 'Développement d''une application de gestion de congés', 'PHP, mySQL', '2009-03-02', 'M. François CLEMENCE', 1, 1, 1),
(879, 977, 3, 550, NULL, 'Développement du site vitrine de la boutique', 'PHP, mySQL', '2009-03-10', 'M. Pascal NOTREDAME', 1, 1, 1),
(880, 978, 16, 61, NULL, 'Amélioration de l''outil de suivi de la programmation travaux', 'PHP, ajax', '2009-02-05', 'M. Didier BECK', 1, 1, 1),
(881, 979, 34, 464, NULL, 'Intégration de nouveaux modules au site de l''entreprise', 'PHP, xHTML, validation W3C, ajax', '2009-01-19', 'M. Frédéric GENOT', 1, 1, 1),
(882, 980, 3, 540, NULL, 'Développement d''un site internet de gestion de cours de tennis', 'PHP, mySQL', '2009-02-12', 'M. Christophe GILBERTON', 1, 1, 1),
(883, 981, 34, 536, NULL, 'Création d''un site web dynamique', 'PHP, mySQL', '2009-02-02', 'Mlle Mélanie MARTIG', 1, 1, 1),
(884, 982, 1, 537, NULL, 'Développement Delphi', 'Delphi, Paradox', '2009-02-09', 'M. Olivier RIQUART', 1, 1, 1),
(885, 983, 8, 202, NULL, 'Développement d''un site d''aide à la gestion', 'PHP, mySQL', '2009-03-10', 'M. Olvier PEDOT', 1, 1, 1),
(886, 984, 8, 239, NULL, 'Application de gestion de production', 'Java', '2009-03-30', 'M. Jean-Paul RITZ', 1, 1, 1),
(887, 985, 1, 533, NULL, 'Développement d''une application de gestion de portefeuille', 'PHP, mySQL', '2009-01-08', 'M. Michel SANITAS', 1, 1, 1),
(888, 986, 5, 554, NULL, 'Développement d''une application de gestion de produits', 'Access', '2009-03-23', 'M. Sébastien TEZZA', 1, 1, 1),
(889, 987, 15, 549, NULL, 'Refonte du site Intranet', 'PHP, mySQL', '2009-03-10', 'M. François MORHAIN', 1, 1, 1),
(890, 988, 8, 111, NULL, 'Développement d''un site de localisation', 'PHP, mySQL, Flash', '2009-03-06', 'M. Marc TURQUAIS', 1, 1, 1),
(891, 989, 34, 484, NULL, 'Développement d''un site internet de commerce', 'PHP, mySQL', '2009-03-09', 'Mme Elodie HISLER', 1, 1, 1),
(892, 990, 8, 535, NULL, 'Mise à jour du site de l''entreprise', 'PHP, mySQL', '2009-01-26', 'M. Jean-Paul FELIX', 1, 1, 1),
(893, 991, 34, 46, NULL, 'Développement de sites web dynamiques', 'PHP', '2009-02-24', 'Mme Claire MARCHI', 1, 1, 1),
(894, 992, 15, 233, NULL, 'Développement d''une application de gestion des accès', 'Visual Adelia, AS 400', '2009-03-06', 'Mme Sylvie TESCARI', 1, 1, 1),
(895, 993, 2, 541, NULL, 'Réalisation d''une application de gestion de clientèle', 'ASP.net', '2009-02-27', 'M. Etienne MORO', 1, 1, 1),
(896, 995, 34, 539, NULL, 'Développement d''une application des gestion de parking', '.net, ASP', '2009-02-09', 'M. Matthieu TINTI', 1, 1, 1),
(897, 996, 34, 556, NULL, 'Développement d''une application de gestion des accès', 'PHP, SQL Server', '2009-03-23', 'M. Vincent MARIOTTI', 1, 1, 1),
(898, 997, 5, 552, NULL, 'Interfaçage de composants logiciels', '', '2009-03-17', 'M. Jean-Yves MARION', 1, 1, 1),
(899, 998, 5, 542, NULL, 'Développement d''un module commercial', 'C#', '2009-03-03', 'M. Marco d''Amico', 1, 1, 1),
(900, 999, 12, 4, NULL, 'Développement d''un site web dynamique', 'PHp, mySQL', '2009-03-10', 'M. Pascal NEY', 1, 1, 1),
(901, 1000, 4, 343, NULL, 'Développement d''une application de gestion du personnel', 'Java, C#', '2009-02-27', 'Mme Françoise HELMER', 1, 1, 1),
(902, 1001, 2, 104, NULL, 'Développement d''un outil de signature électronique', 'PHP, mySQL', '2009-04-02', 'M. Jean CHRETIEN', 1, 1, 1),
(903, 1002, 4, 534, NULL, 'Développement d''un logiciel de suivi de demandes d''intervention', 'PHP, Access', '2009-01-16', 'M. Stephan BOCZKOWSKI', 1, 1, 1),
(904, 1003, 1, 560, NULL, 'Développement d''une librairie en langage C', 'C', '2009-03-31', 'M. Paul RETTER', 1, 1, 1),
(905, 1005, 3, 349, NULL, 'Développement d''un logiciel de gestion des stocks', 'PHP, mySQL', '2009-03-23', 'Franck Kilhoffer', 1, 1, 1),
(906, 1006, 5, 547, NULL, 'Développement de l''application Vigie Réso', 'PHP, mySQL', '2009-03-09', 'M. Sébastien MIROFF', 1, 1, 1),
(907, 1007, 19, 548, NULL, 'Développement dans le cadre du Sea Project', 'C++, Java', '2009-03-09', 'M. Arjen DAMSTRA', 1, 1, 1),
(908, 1008, 16, 61, NULL, 'Développement d''une interface SAP-Mirage', 'SAP, PHP, mySQL', '2009-02-06', 'M. Didier BECK', 1, 1, 1),
(909, 1009, 12, 561, NULL, 'Développement d''un outil d''aide à la vente', 'PHP, mySQL, Flex', '2009-04-02', 'Sébastien SOBCZYK', 1, 1, 1),
(910, 1010, 2, 61, NULL, 'Développement d''un logiciel de suivi d''indicateurs', 'Visual Basic, SAP', '2009-01-08', 'M. François WADDEL', 1, 1, 1),
(911, 1011, 4, 43, NULL, 'Mise à jour de sites internet dynamiques', 'PHP, mySQL', '2009-01-29', 'M. Bertrand', 1, 1, 1),
(912, 1013, 16, 61, NULL, 'Développement d''un module intranet de gestion de concours', 'PHP, Ajax', '2009-02-05', 'M. Didier BECK', 1, 1, 1),
(913, 1014, 2, 558, NULL, 'Développement d''une base de données', 'Access, Visual Basic', '2009-03-27', 'M. Gilles ARCHAMBAULT', 1, 1, 1),
(914, 1015, 8, 61, NULL, 'Développement d''une application de gestion de la maintenance du parc', 'PHP, mySQL', '2009-02-23', 'M. Denis SCHAFF', 1, 1, 1),
(915, 1016, 16, 61, NULL, 'Amélioration de l''outil Intranet MAESTRO', 'PHP, mySQL', '2009-03-27', 'M. Didier BECK', 1, 1, 1),
(916, 1017, 34, 420, NULL, 'Développement d''un logiciel de gestion de la formation professionnelle', 'PHP, mySQL', '2009-01-08', 'M. Alexandre VAUTIER', 1, 1, 1),
(917, 1018, 5, 76, NULL, 'Développement d''un logiciel de gestion de stock', 'Magic', '2009-03-12', 'M. Laurent DELLE', 1, 1, 1),
(918, 1019, 3, 360, NULL, 'Développement de sites internet dynamiques', 'PHP, mySQL', '2008-12-04', 'M. Alexis WERNER', 1, 1, 1),
(919, 1020, NULL, 362, NULL, 'Développement d''outils de saisie assistée', 'JSP, Struts, Spring', '2009-03-06', 'M. Alexis Greff', 1, 1, 1),
(920, 1021, NULL, 458, NULL, 'Développement d''un site intranet dynamique', 'ASP.net', '2009-03-10', 'M. Jean-Philippe LISZKA', 1, 1, 1),
(921, 1022, NULL, 555, NULL, 'Création d''un CMS pour les agences de voyage', 'PHP, Ajax, CSS', '2009-03-23', 'M. Christophe CHOPPE', 1, 1, 1),
(922, 1023, NULL, 565, NULL, 'Développement d''un portail Web pour l''équipe Unix', 'Php, mySQL', '2009-04-24', 'M. Laurent Stirnemann', 1, 1, 1),
(923, 1024, NULL, 563, NULL, 'Développement d''un site web dynamique', 'HP, mySQL', '2009-04-03', 'M. Gérard LOPPARELLI', 1, 1, 1),
(924, 1025, NULL, 460, NULL, 'Développement d''un CMS', 'PHP', '2009-05-05', 'M. Ludovic LO PRESTI', 1, 1, 1),
(925, 1026, NULL, 382, NULL, 'Développement autour du CMS Actibox', 'PHP, mySQL', '2009-04-24', 'M. Philippe GUETAULT', 1, 1, 1),
(926, 1027, NULL, 373, NULL, 'Développement d''un site dynamique Flex', 'Flex', '2009-05-07', 'Mme Sandra CASTRO', 1, 1, 1),
(927, 1028, NULL, 479, NULL, 'Développement de sites internet dynamiques', 'PHP, mySQL, SPIP', '2009-05-04', 'M. Claude Stanczykowski', 1, 1, 1),
(928, 1029, NULL, 566, NULL, 'Développement de sites internet dynamiques', 'PHP, mySQL', '2009-04-24', 'M. Bernard BOILLET', 1, 1, 1),
(929, 1030, NULL, 570, NULL, 'Développement de modules applicatifs pour l''intranet', 'JSP, JSTL', '2009-05-22', 'M. Abderrahim TAMIM', 0, 1, 1),
(930, 1031, NULL, 567, NULL, 'Refonte du site helpdesk du groupe', 'Php, mySQL, Python, Ajax', '2009-05-04', 'M. Arnaud BROXER', 1, 1, 1),
(931, 1033, NULL, 568, NULL, 'Développement d''un site de vente en ligne', 'Php, mySQL, Ajax', '2009-05-04', 'Mme Carine VAUCHER', 0, 1, 1),
(932, 1034, NULL, 46, NULL, 'Développement de sites web dynamiques', 'PHP, mySQL, Symfony', '2009-04-03', 'Mme Claire MARCHI', 1, 1, 1),
(933, 1035, NULL, 551, 20, 'Développement d''un site internet dynamique', 'PHP', '2009-03-13', 'M. Frédéric HINCK', 1, 1, 1),
(934, 1036, NULL, 553, NULL, 'Développement d''un pack immobilier', 'PHP, mySQL, ajax', '2009-03-23', 'M. Mickaël MARONNEAU', 1, 1, 1),
(935, 1038, NULL, 202, NULL, 'Développement d''un portail destiné aux entreprises', 'PHP, mySQL', '2009-04-03', 'M. Olivier PEDOT', 1, 1, 1),
(936, 1039, NULL, 451, NULL, 'Développement de sites internet dynamiques', 'PHP, mySQL, ajax', '2009-01-16', 'M. Christophe LUTZ', 1, 1, 1),
(937, 1041, NULL, 451, NULL, 'Développement de sites internet dynamiques', 'PHP, mySQL, ajax', '2009-01-19', 'M. Christophe LUTZ', 1, 1, 1),
(938, 1042, NULL, 381, NULL, 'Réalisation d''un site web dynamique', 'Webdev', '2009-01-16', 'M. Gilles RAYMOND', 1, 1, 1),
(939, 1043, NULL, 557, NULL, 'Développement d''un site web dynamique', 'PHP, mySQL', '2009-03-24', 'M. Jean-François BACCO', 1, 1, 1),
(940, 1044, NULL, 562, NULL, 'Développement d''un site web dynamique', 'PHP, Flash', '2009-04-03', 'Mme Sylvie Marx', 0, 1, 1),
(941, 1045, NULL, 518, NULL, 'Déploiement téléphonie IP', 'Téléphonie IP', '2009-05-29', 'M. Karim PORT', 1, 1, 1),
(942, 1046, NULL, 276, NULL, 'Infrastructure réseau', 'WSUS, routeur', '2009-05-29', 'M. GENVO', 1, 1, 1),
(943, 1047, NULL, 420, NULL, 'Analyse et Sécurisations de réseaux informatiques', '', '2009-05-29', 'M. Alexandre VAUTIER', 1, 1, 1),
(944, 1048, NULL, 539, 21, 'Installation réseau', 'LAN, WAN, Téléphonie IP', '2009-05-29', 'M. Orhan OZGURCAN', 1, 1, 1),
(945, 1049, NULL, 246, NULL, 'Etude et certification d’un Unix propriétaire', 'Unix, LDAP, Raid1', '2009-05-29', 'M. Pierre NGUYEN', 1, 1, 1),
(946, 1050, NULL, 276, NULL, 'Analyse des flux entrants et sortants du logiciel Fotoware', 'Fotoware', '2009-09-01', 'M. Didier GENVO', 0, 1, 1),
(947, 1051, NULL, 371, NULL, 'Aide au déploiement d''un outil d''inventaire de Parc et de HelpDesk', '', '2009-05-29', 'M. Olivier GANDAR', 1, 0, 1),
(948, 1052, NULL, 94, NULL, 'Migration de la liaison Internet des sites distants', 'Wi-fi, ADSL', '2009-05-29', 'M. Joel MANGIN', 1, 1, 1),
(949, 1053, NULL, 271, NULL, 'Sécurisation du réseau', 'switch, routeur, firewall', '2009-05-29', 'M. Marcel Visentini', 1, 1, 1),
(950, 1054, NULL, 571, NULL, 'Découverte du réseau de l''assurance maladie', 'câblage, WS 2008', '2009-05-29', 'Mme Stéphanie BAESEL', 1, 1, 1),
(951, 1055, NULL, 586, NULL, 'Refonte du système informatique et téléphonique', '', '2009-09-01', 'M. GENVO', 0, 1, 1),
(952, 1056, NULL, 579, NULL, 'Supervision au sein de Data-Centers', '', '2009-09-01', 'M. JANICOT Gabriel', 0, 1, 1),
(953, 1057, NULL, 5, NULL, 'Gestion de parc informatique', 'OCS Inventory', '2009-09-01', 'Mme Brigitte FINEL', 0, 1, 1),
(954, 1058, NULL, 581, NULL, 'Mise en place d''une solution de supervision et reporting OpenSource', '', '2009-09-01', 'M. HELFTER André', 0, 1, 1),
(955, 1059, NULL, 420, NULL, 'Mise en place d''une solution de Gestion Électronique de Documents', 'GED', '2009-09-01', 'M. VAUTIER Alexandre', 0, 1, 1),
(956, 1060, NULL, 528, NULL, 'Conception d''un système d''alerte de supervision', '', '2009-09-01', 'M. Stéphane Urbanovski', 0, 1, 1),
(957, 1061, NULL, 283, NULL, 'Déploiement d''une solution d''encaissement', '', '2009-09-01', 'M. Thierry STAUDER', 0, 1, 1),
(958, 1062, NULL, 583, NULL, 'Configuration et migration de serveurs', '', '2009-09-01', 'M. Jonathan LABOUREL', 0, 1, 1),
(959, 1063, NULL, 582, NULL, 'Stage réseau', '', '2009-09-01', 'M. Jaïro FALLA', 0, 1, 1),
(960, 1064, NULL, 283, NULL, 'Déploiement d''une solution d''encaissement', '', '2009-09-01', 'M. Thierry STAUDER', 0, 1, 1),
(961, 1065, NULL, 5, NULL, 'Recherche de solutions de déploiement', '', '2009-09-01', 'Mme Marie-Claude CHENOT', 0, 1, 1),
(962, 1066, NULL, 584, NULL, 'Maintenance informatique et réseaux', '', '2009-09-01', 'M. MELONE Olivier', 0, 1, 1),
(963, 1067, NULL, 585, NULL, 'Mise en place d''un modèle d''architecture informatique', 'Active Directory', '2009-09-01', 'M. Alexandre RAUCH', 0, 1, 1),
(964, 1068, NULL, 522, NULL, 'Étude de logiciels de supervision réseau', '', '2009-09-01', 'M. Grégory Schouweiler', 0, 1, 1),
(965, 1069, NULL, 391, NULL, 'Virtualisation de serveurs', 'Virtualisation', '2009-09-01', 'M. Tanguy Belot', 0, 1, 1),
(966, 1070, 12, 470, NULL, 'Développement d''une application iPhone', 'Java, C', '2009-04-23', 'M. Emmanuel VALLANCE', 0, 1, 1),
(967, 1071, 5, 25, NULL, 'Développement d''une application Wifi', 'RPG, AS 400', '2009-05-28', 'M. Stéphane CALLEGARI', 0, 1, 1),
(968, 1072, 15, 564, NULL, 'Développements d''applications Internet', 'PHP, Javascript, Actionscript', '2009-04-23', 'M. Jérôme SAUVAIN', 0, 1, 1),
(969, 1073, 16, 415, NULL, 'Développement d''un module eGroupware', 'PHP, mySQL, Flex', '2009-06-15', 'Mme Lucie BRAYE', 0, 1, 1),
(970, 1074, 1, 576, NULL, 'Développement d''applications Web', 'PHP, mySQL, Joomla', '2009-06-18', 'M. René BOULARD', 0, 1, 1),
(971, 1075, 8, 569, NULL, 'Développement d''un site d''affiliation', 'PHP, mySQL', '2009-05-22', 'M. Thierry THOA', 0, 1, 1),
(972, 1076, 1, 575, NULL, 'Développement d''un site web dynamique', 'PHP, mySQL', '2009-06-15', 'M. SPIELWOY', 0, 1, 1),
(973, 1077, 12, 572, NULL, 'Développement d''un site web dynamique', 'PHP, HTML', '2009-06-05', 'M. Jean-Philippe CZECHOWSKI', 0, 1, 1),
(974, 1078, 4, 578, NULL, 'Développement d''un annuaire', 'PHP, mySQL', '2009-06-29', 'M. Mustapha Abdous', 0, 1, 1),
(975, 1079, 3, 577, NULL, 'Exportation de données Oracle au format pdf', 'Oracle, pdf', '2009-06-22', 'M. Yann DOITEAUX', 0, 1, 1),
(976, 1080, 16, 57, NULL, 'Développement d''un système de mailing automatique', 'J2EE', '2009-06-05', 'M. Fabien ALBERT', 0, 1, 1),
(977, 1082, 4, 578, NULL, 'Développement d''une application de gestion de parc', 'PHP, mySQL', '2009-06-29', 'M. Mustapha ABDOUS', 0, 1, 1),
(978, 1083, 15, 76, NULL, 'Développement d''un logiciel de gestion de stock', 'SQL Server, Magic', '2009-06-15', 'M. Laurent DELLE', 0, 1, 1),
(979, 1085, 3, 574, NULL, 'Développement de la plateforme collaborative Alpha', 'Bdd', '2009-06-15', 'M. Philippe HENAUX', 0, 1, 1),
(980, 1086, NULL, 573, NULL, 'Développement d''un site web dynamique', 'PHP, mySQL', '2009-06-08', 'MM. Bordin et Fouquet', 0, 1, 1),
(981, 1087, NULL, 186, NULL, 'Etude de l''installation d''Oracle et IIS', 'Oracle, IIS', '2009-09-07', 'M. Hubert FRAUENSOHN', 0, 1, 1),
(982, 1088, 4, 40, NULL, 'Développements dans le cadre du projet Rail Database', '', '2010-03-01', 'M. Thierry JURET', 1, 1, 1),
(983, 1089, 34, 458, NULL, 'Gestion des programmes machine de plasturgie', 'VB.net, SQL Server', '2010-03-15', 'M. Jean-Philippe LISZKA', 1, 1, 1),
(984, 1090, 5, 606, NULL, 'Développements de sites internet dynamiques', 'PHP, mySQL, Ajax', '2010-03-16', 'M. David TELLIER', 0, 1, 1),
(985, 1091, 15, 12, NULL, 'A définir', '', '2010-01-07', 'M. Frédéric FAGNONI', 1, 1, 1),
(986, 1092, 15, 602, NULL, 'Développement d''un intranet de gestion des clients', 'PHP, MySQL', '2010-03-15', 'M. Heinz THIELEN', 0, 1, 1),
(987, 1094, 2, 61, NULL, 'Réécriture de deux sites Internet', 'PHP, mySQL', '2010-03-25', 'M. Denis SCHAFF', 1, 1, 1),
(988, 1095, 12, 589, NULL, 'Développement d''un site web dynamique', 'PHP', '2010-02-01', 'M. Michel Aillerie', 0, 1, 1),
(989, 1096, 15, 603, NULL, 'Développement d''un site web dynamique', 'PHP, mySQL, Flash', '2010-03-15', 'Mme BAERMANN', 0, 1, 1),
(990, 1097, 3, 276, NULL, 'Migration de scripts', 'scripting', '2010-04-01', 'M. Didier GENVO', 1, 1, 1),
(991, 1098, 1, 213, NULL, 'Développement d''une application d''historisation de données', '.net', '2010-02-09', 'M. Vincent WAWRZYNIAK', 0, 1, 1),
(992, 1099, 34, 239, NULL, 'Développement d''un logiciel de gestion des consommables', 'J2EE', '2010-03-15', 'M. Jean-Paul RITZ', 1, 1, 1),
(993, 1100, 5, 604, NULL, 'Développement d''un site internet dynamique', 'PHP, mySQL', '2010-03-15', 'M. Fabrice CLAUSSE', 1, 1, 1),
(994, 1101, 11, 85, NULL, 'Développement d''une application de contrôle de validité', 'Cobol', '2010-04-06', 'M. Grégory SCHMALTZ', 1, 1, 1),
(995, 1102, 12, 11, NULL, 'Chasse au caribou', '', '2010-02-09', 'M. Michel PEPIN', 1, 1, 1),
(996, 1103, 16, 535, NULL, 'Développement d''une application comptable', 'Windev', '2010-02-09', 'M. Jean-Paul FELIX', 1, 1, 1),
(997, 1104, 12, 593, NULL, 'Développements Objet divers', 'Java, .net', '2010-02-16', 'M. Frédérick MAINVILLE', 1, 1, 1),
(998, 1105, 15, 371, NULL, 'Développement d''un logiciel de suivi financier des associations', 'PHP, Oracle', '2010-02-08', 'Mme Alexia DOYEN', 1, 1, 1),
(999, 1106, 4, 40, NULL, 'Développements dans le cadre du projet Rail Database', '', '2010-03-01', 'M. Thierry JURET', 1, 1, 1),
(1000, 1107, 8, 607, NULL, 'Développement d''un agenda rédactionnel', 'PHP, mySQL', '2010-03-23', 'Mme Danièle FILLIAT', 1, 1, 1),
(1001, 1108, 4, 480, NULL, 'Développement d''un outil de gestion d''incidents', 'VBScript, SQL Server, Lotus Notes', '2010-02-01', 'M. Eric SOUDIER', 1, 1, 1),
(1002, 1109, 5, 582, NULL, 'Développement d''interface d''alimentation R', 'R, CGI-BIN, PHP', '2010-04-01', 'M. Frédéric QUIGNON', 1, 1, 1),
(1003, 1110, 2, 612, NULL, 'Amélioration d''une base de données statistiques', 'PHP, Access', '2010-03-26', 'M. Guillaume VINCENT', 0, 1, 1),
(1004, 1111, 12, 594, NULL, 'Développement dans le cadre d''un système d''édition collaborative', '', '2010-02-16', 'Mme Hanifa BOUCHENEB', 1, 1, 1),
(1005, 1112, 34, 610, NULL, 'Analyse de bases de données existantes', 'PostgreSQL, mySQL', '2010-03-25', 'M. Pascal CHEVALLOT', 1, 1, 1),
(1006, 1113, 19, 588, NULL, 'Amélioration d''une interface d''interrogation de dictionnaire', 'PHP, mySQL, Flex', '2010-01-08', 'Mr Gearoid O Néill', 0, 1, 1),
(1007, 1114, 37, 625, NULL, 'Application de gestion d''un réseau Wi-fi', 'Wi-Fi, C', '2010-04-26', 'Mr Ed KEANE', 0, 1, 1),
(1008, 1115, 11, 614, NULL, 'Développement d''une application APEX', 'Oracle', '2010-03-29', 'M. Donato IANIGRO', 1, 1, 1),
(1009, 1116, 16, 535, NULL, 'Refonte d''un site web dynamique', 'PHP, mySQL', '2010-04-07', 'M. Jean-Paul FELIX', 1, 1, 1),
(1010, 1119, 16, 535, NULL, 'Maintenance applicative et développement internet', 'PHP, mySQL', '2010-03-23', 'M. Jean-Paul FELIX', 1, 1, 1),
(1011, 1120, 11, 595, NULL, 'Amélioration du site Internet', 'PHP, mySQL', '2010-02-16', 'M. Mathieu BLAZEVIC', 1, 1, 1),
(1012, 1121, 2, 61, NULL, 'Réécriture de deux sites Internet', 'PHP, mySQL', '2010-03-25', 'M. Denis SCHAFF', 1, 1, 1),
(1013, 1122, 5, 68, NULL, 'Plan d''urgence d''expédition', 'WebDev, mySQL', '2010-03-25', 'M. Davy DEMANGE', 1, 1, 1),
(1014, 1124, 19, 601, NULL, 'Développement d''un module de suivi de contrats', '', '2010-03-15', 'M. Patrick WERBROUCK', 0, 1, 1),
(1015, 1125, 37, 587, NULL, 'Développements autour de la visualisation des réseaux de recherche', 'Java, PHP', '2010-01-07', 'Pr Barry SMYTH', 0, 1, 1),
(1016, 1126, 34, 20, NULL, 'Mise en oeuvre du dossier patient informatisé', 'Oracle', '2010-03-11', 'M. Didier BRANZI', 1, 1, 1),
(1017, 1127, 8, 617, NULL, 'Développement de briques logicielles', 'Java, .Net', '2010-04-01', 'M. Gaël LE DEVENTEC', 1, 1, 1),
(1018, 1128, 12, 11, NULL, 'Chasse au caribou', '', '2010-02-09', 'M. Michel PEPIN', 1, 1, 1),
(1019, 1129, 11, 9, NULL, 'Développement d''un extracteur de données', 'Abap', '2010-02-04', 'M. Marc ANTOINE', 1, 1, 1),
(1020, 1130, 8, 607, NULL, 'Développement d''un module d''administration de bases de données', 'PHP, mySQL', '2010-03-19', 'M. Jonathan GIMBEL', 0, 1, 1),
(1021, 1131, 11, 9, NULL, 'Développement d''un extracteur de données', 'Abap', '2010-02-04', 'M. Marc ANTOINE', 1, 1, 1),
(1022, 1132, 3, 608, NULL, 'Développement d''un site web dynamique', 'PHP, mySQL', '2010-03-22', 'M. Alexis BOUDAUD', 1, 1, 1),
(1023, 1133, 1, 598, NULL, 'Développement d''un site vitrine', 'PHP, mySQL', '2010-02-19', 'M. PICARD', 1, 1, 1),
(1024, 1134, 4, 597, NULL, 'Développement d''une application de suivi des élèves', 'Bdd', '2010-02-19', 'M. Patrick LAMBERT', 0, 1, 1),
(1025, 1135, 3, 621, NULL, 'Développement Sharepoint', 'SharePoint', '2010-04-01', 'M. Marc BARBERI', 0, 1, 1),
(1026, 1136, 19, 588, NULL, 'Amélioration d''une interface d''interrogation de dictionnaire', 'Php, mySQL, Flex', '2010-01-08', 'Mr Gearoid O Néill', 0, 1, 1),
(1027, 1137, 16, 620, NULL, 'Refonte d''un annuaire de traducteurs', 'PHP, mySQL', '2010-04-01', 'M. Keran CHAUSSARD', 0, 1, 1),
(1028, 1138, 12, 594, NULL, 'A préciser', '', '2010-02-16', 'Mme Hanifa BOUCHENEB', 1, 1, 1),
(1029, 1139, 8, 613, NULL, 'Création d''un outil de paramétrage de base de données', 'PHP, Zend, Smarty', '2010-02-20', 'M. Kevin CORTE', 1, 1, 1),
(1030, 1140, 16, 57, NULL, 'Intégration de uSVN', 'SVN, Php, Zend', '2010-03-16', 'M. Thierry RABUEL', 1, 1, 1),
(1031, 1141, 2, 611, NULL, 'Mise en place d''un outil de gestion des postes critiques', '.NET, Access', '2010-03-26', 'M. Richard QUERE', 1, 1, 1),
(1032, 1142, 8, 225, NULL, 'Evolution d''un logiciel de gestion immobilière', 'PHP, mySQL', '2010-04-01', 'M. Thierry TOGNARINI', 1, 1, 1),
(1033, 1143, 11, 406, NULL, 'Evolution de la base affaires', 'Access', '2010-03-16', 'M. Serge BECKRICH', 1, 1, 1),
(1034, 1144, 4, 40, NULL, 'Evolution de l''application Globalisation Emballage', 'Access, ASP', '2010-03-16', 'M. Gérard TUMPICH', 1, 1, 1),
(1035, 1146, 12, 11, NULL, 'INtégration d''un système d''impression à une plateforme Web', 'Java, Oracle, PL/SQL', '2010-01-08', 'M. Marc TREMBLAY', 1, 1, 1),
(1036, 1147, 3, 596, NULL, 'Développements de modules de reporting', 'PHP', '2010-02-16', 'M. Fabien PETRI', 0, 1, 1),
(1037, 1148, 5, 616, NULL, 'Création d''un site internet dynamique', 'PHP, Flash', '2010-04-01', '', 0, 1, 1),
(1038, 1149, 2, 590, NULL, 'Développement du site Web Dalkia', 'Web', '2010-02-02', 'M. Dominique Weistroffer', 1, 1, 1),
(1039, 1150, 5, 592, NULL, 'Création d''un site internet dynamique', 'PHP, mySQL', '2010-02-12', 'M. Jean-Denis MARTIN', 1, 1, 1),
(1040, 1151, 2, 609, NULL, 'Création d''une chaîne affaires', 'PHP, mySQL', '2010-03-23', 'M. Raphaël AUDDINO', 1, 1, 1),
(1041, 1152, 19, 615, NULL, 'Développement de sites internet dynamiques', 'PHP', '2010-03-29', 'M. Kabir ZEEZEE', 0, 1, 1),
(1042, 1153, NULL, 91, NULL, 'Travaux de développement internet', 'PHP', '2010-02-19', 'Mme Corinne GEORGES', 1, 1, 1),
(1043, 1154, NULL, 591, NULL, 'Développement d''un site web marchand', 'PHP', '2010-02-01', 'M. Gil RACOUET', 1, 1, 1),
(1044, 1155, NULL, 600, NULL, 'Développement d''un moteur de recherches Drupal', 'CMS, Drupal, PHP', '2010-03-09', 'M. Sébastien HULEUX', 1, 1, 1),
(1045, 1156, NULL, 624, NULL, 'Développement de site web transactionnel', 'PHP, Zend', '2010-04-01', 'M. Laurent KRATZ', 1, 1, 1),
(1046, 1157, NULL, 628, NULL, 'Développement d''une application de gestion de suivi des odeurs', 'Symfony', '2010-04-29', 'M. Christophe SCHANG', 0, 1, 1),
(1047, 1158, NULL, 619, NULL, 'Développement de sites web dynamiques', 'PHP', '2010-04-01', 'PD Dr Hans BAUMLER', 1, 1, 1),
(1048, 1159, NULL, 629, NULL, 'Développement d''un site web franco-allemand', 'PHP, mySQL', '2010-04-29', 'M. Julien BLASUTTO', 1, 1, 1),
(1049, 1180, NULL, 644, NULL, 'Migration du système d''impression', '', '2010-07-26', 'M. Grégory SIMONET', 1, 1, 1),
(1050, 1161, NULL, 618, NULL, 'Migration d''un site JSP vers PHP', 'JSP, PHP', '2010-04-01', 'M. Christian CAVEZ', 1, 1, 1),
(1051, 1162, NULL, 627, NULL, 'Création de sites internet dynamiques', 'PHP, mySQL', '2010-04-29', 'Mme Frédérique HOUVER', 1, 1, 1),
(1052, 1163, NULL, 631, NULL, 'Développement de sites web dynamiques', 'PHP, mySQL', '2010-05-03', 'M. Jean-David CAMUS', 1, 1, 1),
(1053, 1164, NULL, 202, NULL, 'Développement de modules comptables', 'PHP, mySQL', '2010-05-04', 'M. Olivier PEDOT', 0, 1, 1),
(1054, 1165, NULL, 622, NULL, 'Développement de sites web dynamiques', 'PHP, mySQL', '2010-04-20', 'M. Nicolas ANACHE', 0, 1, 1),
(1055, 1166, NULL, 510, NULL, 'Développement de sites internet dynamiques', 'PHP', '2010-03-19', 'M. Jean-Michel VION', 1, 1, 1),
(1056, 1167, NULL, 633, NULL, 'Développement d''un site internet dynamique et d''applications iPhone', 'PHP, Objective C', '2010-05-17', 'M. Sébastien VECRIN', 0, 1, 1),
(1057, 1168, NULL, 627, NULL, 'Création de sites internet dynamiques', 'PHP, mySQL', '2010-04-29', 'Mme Frédérique HOUVER', 1, 1, 1),
(1058, 1169, NULL, 599, NULL, 'Développement de sites web dynamiques', 'xHTML, CSS, XML, AS3', '2010-03-09', 'M. Nicolas VANDAMME', 1, 1, 1),
(1059, 1170, NULL, 630, NULL, 'Développement de sites pour PDA', 'PHP, mySQL, PDA', '2010-05-03', 'M. Michael POIROT', 1, 1, 1),
(1060, 1171, NULL, 626, NULL, 'Développement de sites internet dynamiques', 'PHP, Joomla', '2010-04-27', 'M. Marc-Antoine MANINI', 1, 1, 1),
(1061, 1181, NULL, 653, NULL, 'Renouvellement et optimisation du parc informatique', '', '2010-07-26', 'M. Patrick MELLONI', 1, 1, 1),
(1062, 1173, NULL, 487, NULL, 'Amélioration de l''expérience utilisateur sur jamendo.com', 'Smarty, PHP', '2010-04-26', 'M. Sylvain ZIMMER', 1, 1, 1),
(1063, 1174, NULL, 390, NULL, 'Développements de gestion de contrats d''assurances', 'C#, .net, ASP', '2010-03-11', 'M. Guillaume GEORGES ANDRAOUS', 1, 1, 1),
(1064, 1175, NULL, 605, NULL, 'Développements internet', 'PHP', '2010-03-16', 'M. Samuel LETANG', 1, 1, 1),
(1065, 1176, NULL, 632, NULL, 'Développement d''un portail Internet', 'PHP, mySQL', '2010-05-14', 'M. Efkar DINC', 1, 1, 1),
(1066, 1177, NULL, 46, NULL, 'Refonte du site de l''OT de Freyming', 'Symfony', '2010-04-27', 'M. Samuel BOESPFLUG', 1, 1, 1),
(1067, 1178, NULL, 390, NULL, 'Développements de gestion de contrats d''assurances', 'C#, .net, ASP', '2010-03-11', 'M. Cyrille HAREZLAK', 1, 1, 1),
(1068, 1182, NULL, 649, NULL, 'Déploiement du système d''exploitation Microsoft Windows Seven', 'Windows 7', '2010-07-26', 'M. Alain Schuster', 1, 1, 1),
(1069, 1183, NULL, 539, NULL, 'Etude de migration Exchange 2003 vers Exchange 2007', 'Exchange', '2010-07-26', 'Mme Nathalie PLOMPEN', 1, 1, 1),
(1070, 1184, NULL, 111, NULL, 'Configuration d''un windows server 2008', 'IIS', '2010-07-26', 'M. Marc TURQUAIS', 1, 1, 1),
(1071, 1185, NULL, 293, NULL, 'Changement de l''infra-serveur de l''entreprise', '', '2010-07-26', 'M. Marc MICHEL', 1, 1, 1),
(1072, 1186, NULL, 7, NULL, 'Étude de performances sur des technologies Java/Oracle', '', '2010-07-26', 'M. Mickaël BACK', 1, 1, 1),
(1073, 1187, NULL, 436, NULL, 'Déploiement de SharePoint 2007 sur Windows serveur 2008', 'Sharepoint', '2010-07-26', 'M. Gaël LEQUELLENEC', 1, 1, 1),
(1074, 1188, NULL, 645, 22, 'Supervision par la pratique', '', '2010-07-26', 'M. François NUNES', 1, 1, 1),
(1075, 1189, NULL, 507, NULL, 'Gestion de parc', '', '2010-07-26', 'M. Paul SCHATZ', 1, 1, 1),
(1076, 1190, NULL, 648, NULL, 'Mise en place OCS et GLPI', 'OCS, GLPI', '2010-07-26', 'M. Stéphane MICHELS', 1, 1, 1),
(1077, 1191, NULL, 204, NULL, 'Migration des applications métiers vers la norme européenne SEPA', 'SEPA', '2010-07-26', 'M. Dominique GERNE', 1, 1, 1),
(1078, 1192, NULL, 642, NULL, 'Installation d''outils de monitoring réseau', '', '2010-07-26', 'M. Emmanuel AUBERT', 1, 1, 1),
(1079, 1193, NULL, 643, NULL, 'Evolution de l''infrastructure et du réseau', '', '2010-07-26', 'M. Abdelhalim TERKEMANI', 1, 1, 1),
(1080, 1194, NULL, 647, NULL, 'Mise en place d''une connexion VPN', 'VPN', '2010-07-26', 'M. G. LALLEMAND', 1, 1, 1),
(1081, 1195, NULL, 646, NULL, 'Migration du parc en Windows 7', 'Windows 7', '2010-07-26', 'M. Jérémy BARBE', 1, 1, 1),
(1082, 1196, NULL, 650, NULL, 'Supervision de réseau', '', '2010-07-26', 'M. Guy MONPAS', 1, 1, 1),
(1083, 1197, NULL, 440, NULL, 'Migration d''une infrastructure réseau', '', '2010-07-26', 'M. Damien FERNANDEZ', 1, 1, 1),
(1084, 1198, NULL, 641, NULL, 'Installation et mise en production d''un serveur Exchange 2010', 'Exchange', '2010-07-26', 'M. Rémy KLEIN', 1, 1, 1),
(1085, 1199, NULL, 652, NULL, 'Monitoring de réseau', 'Nagios', '2010-07-26', 'M. Arnaud FRANSETTO', 1, 1, 1),
(1086, 1200, NULL, 440, NULL, 'Installation de systèmes d''exploitation via le réseau', 'WDS, WIM', '2010-07-26', 'M. Damien FERNANDEZ', 1, 1, 1),
(1087, 1201, NULL, 523, NULL, 'Surveillance Informatique', '', '2010-07-26', 'M. Philippe PETRY', 1, 1, 1),
(1088, 1202, NULL, 651, NULL, 'Amélioration et sécurisation du réseau de l''entreprise', '', '2010-07-26', 'M. Hervé Pierson', 1, 1, 1),
(1089, 1203, NULL, 276, NULL, 'Audit du réseau', '', '2010-07-26', 'M. Didier GENVO', 1, 1, 1),
(1090, 1204, NULL, 186, NULL, 'Installation d''un serveur de dépôt de fichiers', 'rsync', '2010-07-26', 'N. Frédéric NASS', 1, 1, 1),
(1091, 1205, 1, 635, NULL, 'Développement d''un outil d''aide au pilotage de prestations', 'Access', '2010-06-03', 'M. Abder BASSALEM', 0, 1, 1),
(1092, 1207, 1, 634, NULL, 'Développement d''une interface de gestion des serveurs', 'PHP, mySQL', '2010-05-20', 'M. Julien FIEUTELOT', 1, 1, 1),
(1093, 1208, 34, 640, NULL, 'Développement d''un applicatif de gestion des congés', 'PHP, Symfony', '2010-06-30', 'M. Marc HOTTON', 0, 1, 1),
(1094, 1209, 4, 503, NULL, 'Développement d''un logiciel de gestion du personnel', 'PHP, Ajax, mySQL', '2010-06-01', 'M. Laurent LANG', 1, 1, 1),
(1095, 1211, 34, 508, NULL, 'Développement J2EE', 'J2EE, Java, Oracle', '2010-06-22', 'M. Sébastien NOEL', 0, 1, 1),
(1096, 1212, 15, 638, NULL, 'Migration d''une application en .net', '.net, c#, SQL Server', '2010-06-22', 'M. Jean-Daniel PIKUS', 1, 1, 1),
(1097, 1213, 3, 595, NULL, 'Amélioration d''un logiciel de gestion de stocks', 'PHP, mySQL', '2010-06-08', 'M. Mathieu BLAZEVIC', 1, 1, 1),
(1098, 1214, 3, 639, NULL, 'Réalisation du site web de l''association', 'PHP', '2010-06-30', 'M. Daniel LISOIR et Mme Stéphanie THIERRY', 1, 1, 1),
(1099, 1216, 1, 637, NULL, 'Projet migration éditique', 'Web Services, xml, xsl', '2010-06-14', 'M. Vincent BERNARD', 1, 1, 1),
(1100, 1219, 12, 664, 33, 'Programmation serveur ou système d''information', '', '2011-02-25', 'Mme Suzanne CORRIVEAU', 1, 1, 1),
(1101, 1220, 1, 684, 34, 'Développement web en agence de communication', 'Php, MySQL, WordPress', '2011-04-15', 'M. Marc Hotton', 1, 1, 1),
(1102, 1221, 34, 261, 35, 'Développement d''un module de gestion statistique', 'Windev, statistique', '2011-03-18', 'M. Formica', 1, 1, 1);
INSERT INTO `stage` (`no_stage`, `no_etud`, `no_enc`, `no_ent`, `no_lieu`, `sujet`, `mot_clef`, `date_validation`, `tuteur`, `adr_verif`, `soutenance`, `taux_encadrement`) VALUES
(1103, 1222, 3, 582, 32, 'Développement d''un web service à l''aide de l''outil Taverna', 'R, web service', '2011-03-25', 'M. Frédéric Quignon', 1, 1, 1),
(1104, 1223, 4, 458, 36, 'Développement d''un module de gestion des réclamations fournisseurs', '.net, ASP, VB, SQL Server', '2011-03-22', 'M. Liszka', 1, 1, 1),
(1105, 1224, 14, 663, 24, 'Modélisation d''un entrepôt de données', 'Access, Lotus Note', '2011-03-22', 'M. Alexis GREFF', 1, 1, 1),
(1106, 1225, 5, 611, 37, 'Mise en place d''un portail pour le service informatique de la SOVAB', 'Doclib, Sharepoint', '2011-03-17', 'Mme Christine Pupin', 1, 1, 1),
(1107, 1226, 4, 671, 38, 'Migration des sites Internet  de Jumo', 'Php, MySQL, Javascript', '2011-03-25', 'M. Ali Belguendouz', 1, 1, 1),
(1108, 1227, 2, 659, 27, 'Migration settings sur Linux/Windows', 'Java, Tomcat, Mysql', '2011-02-25', 'M. SEQUEIRA Orlando', 1, 1, 1),
(1109, 1228, 11, 189, 39, 'Amélioration du site internet des demandes de caractérisation', 'Php, MySQL', '2011-04-12', 'Mme Delphine Reche', 1, 1, 1),
(1110, 1229, 5, 676, 40, 'Outils d''aide à l''affectation des personnels scolaires', 'Php, MySQL', '2011-04-04', 'M. Philippe HENAUX', 1, 1, 1),
(1111, 1230, 4, 7, NULL, 'Mise en oeuvre de tableaux de bord "Achats"', 'Oracle, Business Object', '2011-02-25', 'M. Pierre Stochmel', 1, 1, 1),
(1112, 1231, 3, 660, 42, 'Développement et integration d''un outil d''inventaire de parc', 'LAMP, .net, Java', '2011-02-25', 'M. Sébastien PAGNON', 1, 1, 1),
(1113, 1232, 11, 189, 43, 'Réalisation d''une trame de support pour l''établissement de domaine de sondage', '', '2011-03-24', 'M. Smigielski', 1, 1, 1),
(1114, 1233, 16, 679, 44, 'Développement d''un application mobile', 'web', '2011-04-04', 'M. Eric Geoffroy', 1, 1, 1),
(1115, 1234, 11, 594, 45, 'Développement projet informatique', '', '2011-02-25', 'Mme Hanifa Boucheneb', 1, 1, 1),
(1116, 1235, 4, 670, 46, 'Mise en place des sites e-commerce', 'Php, MySQL, Javascript', '2011-03-25', 'M. Matthieu Deutscher', 1, 1, 1),
(1117, 1236, 16, 683, 47, 'Site internet de l''établissement', 'php, MySQL', '2011-04-11', 'M. Didier Keck', 1, 1, 1),
(1118, 1237, 14, 663, 48, 'Projet de migration d''une application SaaS', 'UML, Web, Java/Servlet', '2011-02-25', 'M. Vincent Archen', 1, 1, 1),
(1119, 1238, 16, 111, 49, 'Développement du suivi des absences', 'Php, MySql, Ajax', '2011-03-23', 'M. Marc Turquais', 1, 1, 1),
(1120, 1239, 15, 667, 50, 'Refonte du site businessplan', 'PhP, MySql, Web', '2011-03-11', 'Mme Diane Durinck', 1, 1, 1),
(1121, 1240, 19, 669, 51, 'Développement d''une base de données MySQL', 'MySQL', '2011-03-24', 'Mme Lydie Riera', 1, 1, 1),
(1122, 1241, 15, 667, 52, 'Refonte du site businessplan', 'Php, MySQL, Web', '2011-03-11', 'Mme Diane Durinck', 1, 1, 1),
(1123, 1242, 1, 112, 53, 'Développement d''un outil de démonstration Olympic Banking System', 'MVC, Flex, OLAP, MySQL', '2011-03-09', 'M. Julien Gindt', 1, 1, 1),
(1124, 1243, 2, 692, 90, 'Modification du site CERAHLAB', 'php, mysql, javascript', '2011-05-12', 'M. Laurent Lang', 1, 1, 1),
(1125, 1268, NULL, 91, NULL, 'Adapatations de sites internet dynamiques', 'PHP', '2011-04-04', 'Mme Corinne GEORGES', 1, 1, 1),
(1126, 1245, 19, 661, 55, 'Développement d''une fonctionalité de messages d''informations et de formations', 'PhP/MySQL, Kix scripting, Powershell', '2011-02-25', 'M. Apack', 1, 1, 1),
(1127, 1246, 5, 677, 56, 'Création de site web', 'Php, MySQL', '2011-04-04', 'M. Pierre Pascal', 1, 1, 1),
(1128, 1247, 5, 678, 57, 'Développement web', 'Php, MySQL', '2011-04-04', 'M. Vincent Martinelli', 1, 1, 1),
(1129, 1267, NULL, 487, NULL, 'Développement Web dynamique', 'PHP', '2011-03-22', 'M. Vincent LARK', 1, 1, 1),
(1130, 1249, 15, 658, 58, 'Développement d''un module de compte-rendu pour Drupal', 'CMS, Drupal, Web', '2011-02-25', 'M. Andreas Iltner', 1, 0, 1),
(1131, 1250, 19, 672, 59, 'Développement web', 'BdD, publicité', '2011-03-28', 'M. Alain Hautcoeur', 1, 1, 1),
(1132, 1251, 12, 664, 60, 'Programmation serveur ou système d''information', '', '2011-02-25', 'M. Corriveau  ', 1, 1, 1),
(1133, 1252, 34, 61, 61, 'Création d''intrenat de recencement des appels téléphoniques', 'PhP, MySQL, LDAP', '2011-03-15', 'Mme Ghislain Paladini', 1, 1, 1),
(1134, 1253, 15, 662, 62, 'Ré-écriture d''une classe d''accès à une base de données SQL en php et C#', 'SQL-server, Php, Web', '2011-02-25', 'M. Emmanuel Rémy', 1, 1, 1),
(1135, 1254, 3, 682, 63, 'Timesheet Management Application', 'Java, SQL Server', '2011-04-07', 'M. Frédéric Borner', 1, 1, 1),
(1136, 1255, 34, 198, 64, 'Création d''une BdD de documentation technique sous Access/VB', 'Access, VB, SAP', '2011-03-17', 'M. Jean-François Dome', 1, 1, 1),
(1137, 1256, 19, 518, 65, 'Gestion du classement et référencement des projets d''études', 'BdD', '2011-03-07', 'M. Karim Port', 1, 1, 1),
(1138, 1257, 11, 594, 66, 'Développement projet informatique', '', '2011-02-25', 'Mme Hanifa Boucheneb', 1, 1, 1),
(1139, 1258, 34, 61, 67, 'Evolution du site internet de demandes JSL', 'Php/MySQL', '2011-03-15', 'M. Denis Schaff', 1, 1, 1),
(1140, 1261, 14, 199, 68, 'Refonte d''un site de gestion de congés', 'Apache, MySQL, Php? Ajax, OpenLdap', '2011-03-08', 'M. François Clémence', 1, 1, 1),
(1141, 1262, 12, 11, 69, 'Conception et programmation dans un environnement Oracle', '', '2011-02-25', 'M. Frederic Gayton', 1, 1, 1),
(1142, 1263, 3, 680, 70, 'Développement d''une application dédiée à la gestion du parc matériel', 'Access, VB', '2011-04-05', 'M. Laurent Clisson', 1, 1, 1),
(1143, 1264, 2, 607, 71, 'Développement d''une plateforme boutique de magazines', 'magento, webdesign', '2011-04-18', 'Mme Danielle Filliat', 1, 1, 1),
(1144, 1265, 12, 593, 72, 'Développement informatique', '', '2011-02-25', 'M. Robert Geoffrion', 1, 1, 1),
(1145, 1266, 14, 199, 73, 'Création d''une base documentaire php/mysql', 'PhP, MySql', '2011-03-16', 'M. François Clémence', 1, 1, 1),
(1146, 1269, NULL, 673, NULL, 'Développement d''un outil de gestion de projets', 'Zend, PHP', '2011-03-31', 'M. Philippe BISIAUX', 1, 1, 1),
(1147, 1270, NULL, 61, NULL, 'Développement d''une application intranet de gestion de projets', 'PHP', '2011-03-31', 'M. Didier BECK', 1, 1, 1),
(1148, 1271, NULL, 684, NULL, 'Création d''une base de donnaissances Médias Digitaux', 'PHP, mySQL, Symfony', '2011-06-03', 'M. Marc Hotton', 0, 1, 1),
(1149, 1272, NULL, 688, NULL, 'Informatisation d''une application de gestion de société de nettoyage', 'PHP, mySQL', '2011-04-19', 'M. Alexandre COLSON', 0, 1, 1),
(1150, 1273, NULL, 674, NULL, 'Développement de modules Web', 'PHP', '2011-04-01', 'M. Benjamin SCHILZ', 1, 1, 1),
(1151, 1274, NULL, 25, NULL, 'Déveloeppement d''interfaces Web pour DB2', 'ILE, RPG, PHP', '2011-03-31', 'M. Christophe FIGEAC', 1, 1, 1),
(1152, 1275, NULL, 681, NULL, 'Développements de portails internet dynamiques', 'PHP', '2011-04-07', 'M. Julien BARMAS', 1, 1, 1),
(1153, 1276, NULL, 390, NULL, 'Développement d''une solution de gestion d''assurance vie', 'C#, .net, Oracle', '2011-02-22', 'M. Cyrille Harezlak ', 1, 1, 1),
(1154, 1277, NULL, 685, NULL, 'Développement de sites web dynamiques', 'Joomla', '2011-04-18', 'M. Jean-Michel VION', 1, 1, 1),
(1155, 1278, NULL, 675, NULL, 'Réalisation d''un site vitrine dynamique', 'PHP', '2011-04-01', 'Mme Jeannine MIRGAUX', 1, 1, 1),
(1156, 1279, NULL, 111, NULL, 'Développement d''une interface de gestion de parc', 'PHP', '2011-04-18', 'M. Marc TURQUAIS', 0, 1, 1),
(1157, 1280, NULL, 613, NULL, 'Développement d''un module de gestion multi-canal', 'PHP, Xul', '2011-03-22', 'M. Kévin CORTE', 1, 1, 1),
(1158, 1281, NULL, 685, NULL, 'Migration d''un système d''emailing et travaux Prestashop', 'Prestashop, PHP', '2011-04-29', 'M. Jean-Michel VION', 1, 1, 1),
(1159, 1282, NULL, 690, NULL, 'Développement de sites web dynamiques', 'PHP, JQuery', '2011-05-03', 'M. Johan PRAS', 1, 1, 1),
(1160, 1283, NULL, 685, NULL, 'Développement de sites web dynamiques', 'PHP', '2011-04-18', 'M. Jean-Michel VION', 1, 1, 1),
(1161, 1285, NULL, 689, NULL, 'Optimisation de l''interface web de gestion de l''aciérie', 'PHP, Oracle', '2011-04-29', 'M. Michel Kret', 1, 1, 1),
(1162, 1286, NULL, 657, NULL, 'Programmation Web dynamique', 'Java, frameworks Web', '2011-02-24', 'M. John O''DONOVAN', 1, 1, 1),
(1163, 1287, NULL, 687, NULL, 'Evolution du site de l''entreprise', 'PHP', '2011-04-18', 'M. Roland PLUMAIL', 1, 1, 1),
(1164, 1288, NULL, 686, NULL, 'Développement de la plateforme Clients', 'PHP, JQuery, Smarty', '2011-04-18', 'M. Yann FREPPEL', 1, 1, 1),
(1165, 1289, NULL, 225, NULL, 'Développement de sites internet dynamiques', 'PHP', '2011-04-01', 'M. Thierry TOGNARINI', 1, 1, 1),
(1166, 1290, NULL, 655, NULL, 'Développement d''un portail Web', 'PHP, SVN', '2011-02-22', 'M. Romain THIBERVILLE', 1, 1, 1),
(1167, 1291, NULL, 668, NULL, 'Réalisation d''un site internet dynamique', 'Drupal, Wordpress, PHP', '2011-03-15', 'M. Thierry Von Ingelgom', 1, 1, 1),
(1168, 1292, NULL, 666, NULL, 'Développement d''un CRM de gestion de contrats', 'PHP, Javascript, Flex', '2011-03-09', 'M. Frédéric Fiolle', 1, 1, 1),
(1169, 1293, NULL, 57, NULL, 'Développement de sites intranet dynamiques', 'PHP, Wordpress', '2011-04-05', 'M. Patrick GAILLOT', 1, 1, 1),
(1170, 1294, NULL, 675, NULL, 'Réalisation d''un site vitrine dynamique', 'PHP', '2011-04-01', 'Mme Jeanine MIROJAUX', 0, 1, 1),
(1171, 1295, NULL, 656, NULL, 'Développement d''un site en ligne marchand', 'PHP, mySQL', '2011-02-22', 'M. Michel DUVAL', 1, 1, 1),
(1172, 1296, 4, 694, 79, 'Programmation php/mySQL', 'mySQL, Php', '2011-08-25', 'M. Nicolas KESSLER', 1, 1, 1),
(1173, 1297, 15, 694, 80, 'Développement Php/Mysq', 'php, mysql', '2011-05-31', 'M. Nicolas KESSLER', 1, 1, 1),
(1174, 1298, 2, 670, 81, 'Réalisation de site internet sur le modèle MVC', 'Php, MySQL, JSON', '2011-06-30', 'M. Matthieu Deutscher', 1, 1, 1),
(1175, 1300, 16, 620, 82, 'Développement projet ...', 'algorithme, web, javascript', '2011-04-18', 'M. Adrien Frery', 1, 1, 1),
(1176, 1301, 1, 693, 77, 'Réalisation d''un site internet poue le club', 'php, mysql', '2011-05-12', 'M. Christian MISTLER', 1, 1, 1),
(1177, 1302, 14, 691, 78, 'Refonte du site internet de l''entreprise', 'php, javascript', '2011-05-09', 'Mme Daphné Frappé', 1, 1, 1),
(1178, 1303, 14, 697, 83, 'Développement technologies .NET', '.NET, Postgresql', '2011-05-31', 'M. Mathieu Perrein', 1, 1, 1),
(1179, 1304, 34, 698, 84, 'Développement Web', 'ph, python, javascript', '2011-06-06', 'M. Nicolas Vandamme', 1, 1, 1),
(1180, 1305, 12, 699, 85, 'Support au démarrage d''un projet SAP', 'SAP', '2011-06-15', 'Mme Amal Choury', 1, 1, 1),
(1181, 1306, 12, 699, 86, 'Développement SAP ABAP', 'SAP, ABAP', '2011-06-15', 'Mme Amal Choury', 1, 1, 1),
(1182, 1307, 34, 61, 87, 'Maintenance d''évolution d''un outil internet de gestion de demandes clients', 'Mysql, Php', '2011-06-21', 'M. Denis SCHAFF', 1, 1, 1),
(1183, 1308, 15, 304, 88, 'Développement d''une base de données Produits', 'excel, Access ou Mysql', '2011-06-30', 'M. Didier Kurtz', 1, 1, 1),
(1184, 1309, 2, 695, 89, 'Développement d''un système automatique d''e-mailing', 'e-mailing', '2011-05-31', 'M. Vincent Pizzo', 1, 1, 1),
(1185, 1312, NULL, 458, NULL, 'Mise en place du projet Code à Barres', 'Oracle, IIS, .net', '2012-02-13', 'M. Jean-Philippe LISZKA', 0, 1, 1),
(1186, 1313, NULL, 712, NULL, 'Mise en oeuvre d''un otuil de déploiement', 'DHCP', '2012-02-13', 'M. Jean-Philippe HELLMAN', 0, 1, 1),
(1187, 1314, NULL, 76, NULL, 'Installation d''une solution de virtualisation', 'virtualisation, TSE', '2012-02-13', 'M. Cédric HUMBERT', 0, 1, 1),
(1188, 1316, NULL, 713, NULL, 'Accélération d''un réseau WAN', 'WAN, Optimisation', '2012-02-13', 'M. Fernando DA COSTA', 0, 1, 1),
(1189, 1317, NULL, 652, NULL, 'Intégration de la solution de supervision PRTG Network Monitor', 'supervision, PRTG', '2012-02-13', 'M. Maxime SCHREIBER', 0, 1, 1),
(1190, 1318, NULL, 271, NULL, 'Mise en place d''une solution mobile pour un logiciel de GMAO', 'GMAO', '2012-02-13', 'M. Alain WIEST', 0, 1, 1),
(1191, 1319, NULL, 708, NULL, 'Mise en place d''un système de fichiers distribué et redondant', 'UltraVNC, SingleClick', '2012-02-13', 'M. Etienne GALLANT', 0, 1, 1),
(1192, 1320, NULL, 440, NULL, 'Mise en place d''une solution de haute disponibilité de données', 'Sharepoint, Clustering', '2012-02-13', 'M. Damien FERNANDEZ', 0, 1, 1),
(1193, 1321, NULL, 331, NULL, 'Mise en place d''une plateforme LAMP', 'LAMP', '2012-02-13', 'M. MOLITOR', 0, 1, 1),
(1194, 1322, NULL, 250, NULL, 'Mise en place d''un serveur GLPI - OCS', 'GLPI, OCS', '2012-02-13', 'M. Alain WAGNER', 0, 1, 1),
(1195, 1323, NULL, 111, NULL, 'Mise en place d''une solution de statistiques pour les imprimantes', 'SNMP, GLPI', '2012-02-13', 'M. Marc TURQUAIS', 0, 1, 1),
(1196, 1324, NULL, 709, NULL, 'Administration et supervision distantes de CPE', 'CPE, DHCP, IPSwitching', '2012-02-13', 'M. Pierre SCHOLTES', 0, 1, 1),
(1197, 1325, NULL, 111, NULL, 'Mise en place d''une solution de synchronisation de données', 'WPKG', '2012-02-13', 'M. Hervé HOUNZANDJI', 0, 1, 1),
(1198, 1326, NULL, 420, NULL, 'Administration du réseau informatique', 'RAID', '2012-02-13', 'M. DE TIEGE', 0, 1, 1),
(1199, 1327, NULL, 387, NULL, 'Mise en place d''une nouvelle infrastructure informatique', 'ESX, Windows Server 2008', '2012-02-13', 'M. Laurent LECOMTE', 0, 1, 1),
(1200, 1328, NULL, 710, NULL, 'Migration de l''infrastructure de sécurité', 'Windows Small Business Server', '2012-02-13', 'M. Daniel GAUTHIER', 0, 1, 1),
(1201, 1329, NULL, 644, NULL, 'Virtualisation d''applications, Active Directory et Sharepoint', 'Active Directory, Sharepoint', '2012-02-13', 'M. SIMONET', 0, 1, 1),
(1202, 1330, NULL, 7, NULL, 'Mise en place d''un serveur syslog', 'Syslog', '2012-02-13', 'M. SCHNEIDER', 0, 1, 1),
(1203, 1331, NULL, 714, NULL, 'Migration d''un contrôleur de domaine Windows Server 2003', 'Windows Server 2003, Exchange', '2012-02-13', 'M. GRANDJEAN', 0, 1, 1),
(1204, 1332, NULL, 440, NULL, 'Mise en place d''une solution de cluster', 'Clustering', '2012-02-13', 'M. Damien FERNANDEZ', 0, 1, 1),
(1205, 1333, NULL, 256, NULL, 'Mise en oeuvre d''un serveur sous Linux et Oracle', 'Linux, Oracle', '2012-02-13', 'M. Serge QUAIA', 0, 1, 1),
(1206, 1334, NULL, 439, NULL, 'Etude de migration de serveurs physiques sous Hyper-V', 'Hyper-V, virtualisation', '2012-02-13', 'M. Thierry GRELIER', 0, 1, 1),
(1207, 1335, NULL, 651, NULL, 'Mise à niveau du réseau local', 'Cisco, Vlan, gpo', '2012-02-13', 'M. Hervé PIERSON', 0, 1, 1),
(1208, 1336, NULL, 711, NULL, 'Monitoring à base de logiciels libres', 'Nagios', '2012-02-13', 'M. Grégory COLPART', 0, 1, 1),
(1209, 1337, NULL, 745, NULL, 'Développement web dynamique', 'Php, html, css', '2012-04-26', 'M. Julien MAITAN', 1, 1, 1),
(1210, 1338, NULL, 752, NULL, 'Développement web dynamique', 'Php, html, css, mySQL', '2012-05-07', 'M. Eric CLAUSE', 1, 1, 1),
(1211, 1339, NULL, 127, NULL, 'Refonte d''un site dynamique existant', 'PHP, mySQL', '2012-06-14', 'M. Jean-François LENS', 0, 1, 1),
(1212, 1340, NULL, 749, 91, 'Redynamisation du site de l''entreprise', 'Php, html, css', '2012-05-03', 'M. Mohamed CISSOKO', 1, 1, 1),
(1213, 1341, NULL, 684, NULL, 'Réalisation de l''intranet de l''entreprise', 'WordPress, PHP', '2012-04-03', 'M. Marc HOTTON', 1, 1, 1),
(1214, 1342, NULL, 717, NULL, 'Développement de modules Web dynamiques', 'PHP 5, mySQL', '2012-02-28', 'M. Clément BOUDON', 1, 1, 1),
(1215, 1343, NULL, 690, NULL, 'Développement Web dynamique', 'PHP, mySQL, JQuery', '2012-03-03', 'M. Johan PRAS', 1, 1, 1),
(1216, 1344, NULL, 383, NULL, 'Développement Web dynamique', 'PHP, mySQL', '2012-04-24', 'M. Patrice GUBERNATOR', 1, 1, 1),
(1217, 1345, NULL, 701, 92, 'Développement de modules multicanaux', 'PHP, XUL', '2012-01-26', 'M. Kévin CORTE', 1, 1, 1),
(1218, 1346, NULL, 539, 93, 'Développement d''une interface d''adminiqtration en Flex', 'Flex', '2012-05-07', 'M. Jean-Marc VERLAINE', 1, 1, 1),
(1219, 1347, NULL, 746, NULL, 'Développement web dynamique', 'PHP, CSS, Photoshop', '2012-04-26', 'M. Marc ZIEGLER', 1, 1, 1),
(1220, 1348, NULL, 690, NULL, 'Développement Web dynamique', 'PHP, mySQL, JQuery', '2012-02-17', 'M. Johan PRAS', 1, 1, 1),
(1221, 1349, NULL, 701, 95, 'Développement d''une application multicanal', 'PHP, mySQL, JS, XUL', '2012-02-13', 'M. Kévin CORTE', 1, 1, 1),
(1222, 1350, NULL, 225, NULL, 'Développement de projets Web', 'PHP, mySQL, HTML, CSS, Ajax', '2012-03-13', 'M. Thierry TOGNARINI', 0, 1, 1),
(1223, 1351, NULL, 755, NULL, 'Développement web dynamique', 'ASP, PHP', '2012-05-11', 'M. Benoit PIERSON', 1, 1, 1),
(1224, 1352, NULL, 75, NULL, 'Développement d''un logiciel de gestion de veille technologique', '', '2012-04-27', 'M. Vincent PECCI', 1, 1, 1),
(1225, 1353, NULL, 561, NULL, 'Développement Ipad et Android', 'PHP, Air, Flex', '2012-03-06', 'M. Sébastien SOBCZYK', 1, 1, 1),
(1226, 1355, NULL, 751, NULL, 'Développement web dynamique', 'Php, html, css', '2012-05-07', 'Mme France BERNARD', 0, 1, 1),
(1227, 1356, NULL, 225, NULL, 'Développement de sites web dynamiques', 'Php, html, css', '2012-05-07', 'Mme Mélanie COISEL', 1, 1, 1),
(1228, 1357, NULL, 753, NULL, 'Développement d''outils de diffusion en liaison avec les réseaux sociaux', 'Php', '2012-05-07', 'M. Florian BERTEAUX', 1, 1, 1),
(1229, 1358, NULL, 702, NULL, 'Développement Web et mobile', 'IOS', '2012-04-24', 'M. David IACHETTA', 1, 1, 1),
(1230, 1359, NULL, 702, NULL, 'Développement Web et IOS', 'IOS', '2012-02-02', 'M. David IACHETTA', 1, 1, 1),
(1231, 1360, NULL, 707, NULL, 'Amélioration d''un site d''e-commerce', 'Php, Smarty', '2012-02-10', 'M. André MUNSCH', 0, 1, 1),
(1232, 1361, NULL, 747, 96, 'Programmation Web et mobile', 'PHP, ObjectiveC', '2012-04-26', 'M. Antoine SANTONI', 1, 1, 1),
(1233, 1362, NULL, 702, NULL, 'Développement Web et IOS', 'IOS', '2012-01-26', 'M. David IACHETTA', 1, 1, 1),
(1234, 1363, NULL, 748, NULL, 'Développement web dynamique', '', '2012-04-27', 'M. Mathieu KINOSKY', 1, 1, 1),
(1235, 1366, NULL, 530, NULL, 'Mise en place  VOIP - Sécurisation postes de travail', 'VOIP', '2012-04-24', 'M. Jean Michel Berghmans', 0, 1, 1),
(1236, 1369, NULL, 20, NULL, 'Déménagement infrastructure', 'réseau', '2012-04-02', 'M. Crumbach', 0, 1, 1),
(1237, 1370, NULL, 420, NULL, 'Mise en place d''une configuration complète avec VPN', 'VPN', '2012-04-24', 'M. Jacques de Tiège', 0, 1, 1),
(1238, 1371, NULL, 250, NULL, 'Installation d''un serveur proxy', 'Proxy radius', '2012-04-30', 'M. Stéphane Wicker', 0, 1, 1),
(1239, 1373, NULL, 76, NULL, 'Installation/déploiement serveurs TSE', 'Vmware firewall', '2012-04-02', 'M. Laurent Delle', 0, 1, 1),
(1240, 1376, NULL, 730, NULL, 'Installation et maintenance Parc informatique multisites', 'Windows 2008, Oracle', '2012-04-02', 'M. Gianni Pecini', 0, 1, 1),
(1241, 1377, NULL, 732, NULL, 'Mise en place serveur de déploiement', 'linux', '2012-04-02', 'M. Emmanuel Chretien', 0, 1, 1),
(1242, 1379, NULL, 198, NULL, 'Migration Windows 7   Verizon', '', '2012-03-22', 'Mme Danièle Muller', 0, 1, 1),
(1243, 1380, NULL, 742, NULL, 'Supervision et alertes', 'IP Sentry Windows 2008 R2 SQL', '2012-04-24', 'M. Pierre Jaco', 0, 1, 1),
(1244, 1381, NULL, 731, NULL, 'Mise en place d''une plateforme d''e-learning', '', '2012-04-02', 'M. David Martin', 0, 1, 1),
(1245, 1382, NULL, 644, NULL, 'Administration système', 'DHCP sécurité scripts', '2012-04-02', 'M. Gregory Simonet', 0, 1, 1),
(1246, 1383, NULL, 256, NULL, 'optimisation des performances et sécurisation du réseau', 'VLAN', '2012-04-24', 'M. Podboraczynski Julien', 0, 1, 1),
(1247, 1384, NULL, 733, NULL, 'Mise en place d''un réseau wifi', 'wifi', '2012-04-02', 'M. Benoit Kirchmeyer', 0, 1, 1),
(1248, 1388, NULL, 436, NULL, 'Implantation d''un système Sharepoint', 'Sharepoint', '2012-04-30', 'M Hervé Fosset', 0, 1, 1),
(1249, 1389, NULL, 727, NULL, 'Mise en place d''un contrôleur de domaine et étude de la sécurité', 'LDAP bash', '2012-03-22', 'M. Zareva Sébastien', 0, 1, 1),
(1250, 1392, 34, 651, 97, 'Logiciel de vente aux enchères', 'Excel, VBA', '2012-04-12', 'M. Hervé PIERSON', 1, 1, 1),
(1251, 1393, 11, 706, 99, 'Conception et développement de solutions Web et mobiles', 'IOS, Android', '2012-02-09', 'M. Jonathan BENATTAR', 1, 1, 1),
(1252, 1394, 15, 594, 100, 'Programmation de capteur pour ipad/android', 'java, c++', '2012-01-12', 'M. Alejandro Quintero', 1, 1, 1),
(1253, 1395, 19, 572, 101, 'Développement informatique d''Application', 'Html, Php, Mysql, Windows', '2012-01-23', 'M. Sébastien MULLER', 1, 1, 1),
(1254, 1397, 2, 740, NULL, 'Serveur FTP sous interface web', 'Php, ftp', '2012-04-23', 'M. Jean-Sébastien CONVARD', 1, 1, 1),
(1255, 1399, 12, 705, 102, 'Développement HTML/PHP/MySQL', 'HTML/PHP/MySQL', '2012-02-09', 'M. Morris VISAGGIO', 1, 1, 1),
(1256, 1400, 11, 684, 103, 'Développement d''une application Facebook en PHP', 'Php, MySQL', '2012-04-12', 'M. Marc HOTTON', 1, 1, 1),
(1257, 1401, 26, 723, 104, 'Mise en forme de données de validation de calculateurs embarqués', 'XML, IHM, VB, Java', '2012-03-19', 'M. Alain LOUIS', 1, 1, 1),
(1258, 1402, 15, 593, NULL, 'Réécriture de couche d’accès aux données (DAL) de Ingres vers SQL Server', 'Microsoft C#.net (framework 4), SQL Server', '2012-01-04', 'M. Saadi AZZEDINE', 1, 1, 1),
(1259, 1403, 4, 666, 105, 'Amélioration d''un ERP full web', 'php, mySQL, javascript', '2012-04-02', 'M. Frédéric FIOLLE', 1, 1, 1),
(1260, 1404, 1, 729, NULL, 'Développement en gestion documentaire', 'GWT, Java', '2012-03-29', 'M. Christophe PORTE', 1, 1, 1),
(1261, 1405, 1, 721, NULL, 'Migration des clients Fash en Php', 'Java 6, Netbeans, Glassfish, Php, Flex, Json', '2012-03-12', 'M. Julien THAI', 1, 1, 1),
(1262, 1406, 12, 625, NULL, 'Développement d''une applciation pour "Water irrigation system"', 'C, réseau', '2012-06-06', 'M. Connor O''REILLY', 1, 1, 1),
(1263, 1407, 11, 664, NULL, 'Développement WEB', '', '2012-01-04', 'M. Marc Bernier', 1, 1, 1),
(1264, 1408, 11, 605, NULL, 'Développement Web', 'Php, Mysql', '2012-04-12', 'M. Samuel LETANG', 1, 1, 1),
(1265, 1409, 12, 561, NULL, 'Développement de modules pour BatiTiade version ipad', 'flex, php', '2012-05-29', 'M. Sébastien SOBCZYK', 0, 1, 1),
(1266, 1410, 1, 671, NULL, 'Développement Portail Client et Mailing', 'PhP, MySQL', '2012-03-15', 'M. Ali BELGUENDOUZ', 1, 1, 1),
(1267, 1411, 34, 405, 106, 'Développement d''un site web', 'php, MySQL', '2012-03-19', 'M. Christophe RANDOLET', 1, 1, 1),
(1268, 1412, 11, 11, 107, 'à venir', '', '2012-01-04', 'M. Yassine El Bouraqadi', 1, 1, 1),
(1269, 1413, 11, 594, NULL, 'Implémentation d’un simulateur de classement collaboratif', 'C++, Java, systèmes coopératif', '2012-01-04', 'M. Alejandro Quintero', 1, 1, 1),
(1270, 1414, 26, 725, NULL, 'Création et interfaçage d''un module de numérisation', 'Oracle, .net', '2012-03-22', 'M. Thibaut JUNG', 1, 1, 1),
(1271, 1415, 2, 737, 108, 'Développement Web (anches.com)', 'Php, Java', '2012-04-10', 'M. Jérôme KESTENER', 1, 1, 1),
(1272, 1416, 19, 111, NULL, 'à préciser', 'à préciser', '2012-04-10', 'M. Hervé HOUNZANDJI', 1, 1, 1),
(1273, 1417, 14, 40, 109, 'Traitement informatique de la planéité amont', 'C#', '2012-01-26', 'M. Patrick BRESSON', 1, 1, 1),
(1274, 1418, 5, 506, NULL, 'JBPM', 'JBoss, Suse Linux, Java, Postgresql, Mysql', '2012-04-10', 'M. Arnaud GAY', 1, 1, 1),
(1275, 1419, 26, 76, NULL, 'Logiciel de gestion de stock', 'Magic software, SQL server, TSE', '2012-03-05', 'M. Claude GANDECKI', 1, 1, 1),
(1276, 1420, 15, 593, NULL, 'Développement WEB', 'Php, MySQL', '2012-01-04', 'Mme Martine LAFLEUR', 1, 1, 1),
(1277, 1421, 4, 718, NULL, 'Développement d''une application de gestion du temps', '.Net, Azur', '2012-03-05', 'M. David KIENER', 1, 1, 1),
(1278, 1422, 14, 704, NULL, 'Refonte totale du site internet Keolis Obernai', 'Php, Javascript', '2012-02-06', 'M. Emmanuel VIALY', 1, 1, 1),
(1279, 1423, 3, 735, NULL, 'Implémentation et déploiement d''un logiciel de gestion des données', 'VB.net, Access', '2012-04-03', 'M. Alain ETIENNE', 1, 1, 1),
(1280, 1424, 4, 670, 110, 'Développement site internet', 'Php5', '2012-01-12', 'M. Matthieu DEUTSCHER', 1, 1, 1),
(1281, 1425, 5, 719, NULL, 'Création d''un site web pour la gestion des formations professionnelles', 'php, mysql', '2012-03-05', 'M. Michel THIOR', 1, 1, 1),
(1282, 1426, 19, 724, NULL, 'Développement web', 'LAMP, php, mysql', '2012-03-19', 'M. Ouro Nimini TCHANILE', 1, 1, 1),
(1283, 1427, 15, 594, NULL, 'Programmation de capteur pour Ipad/android', 'Java, C++', '2012-01-19', 'M. Samuel Pierre', 1, 1, 1),
(1284, 1428, 5, 57, NULL, 'Cadencier non-alimentaire', 'Access, Sybase, Java, VBA', '2012-02-02', 'M. Sylvain TARILLON', 1, 1, 1),
(1285, 1430, 1, 544, NULL, 'Développement et paramétrage de l''outil de gestion des événements indésirables', 'Php, mySQL, Javascript, WAMP, Dreamweaver', '2012-03-09', 'Mme Ny Tiana GERBIER', 1, 1, 1),
(1286, 1432, 26, 68, 111, 'Stage optimisation du scannage contrôle final et administration et matériel', 'MySQL, UML, Java', '2012-04-12', 'M. Pierre CONTRI', 1, 1, 1),
(1287, 1433, 34, 726, NULL, 'Création d''un journal d''indicateurs', 'Java', '2012-03-22', 'M. Ronald MADIER', 1, 1, 1),
(1288, 1434, 2, 71, NULL, 'Evolution technologique de la traçabilité', 'C++, C#, .Net', '2012-03-19', 'M. PM BASTIN', 1, 1, 1),
(1289, 1435, 26, 725, NULL, 'Développement d''un outil de gestion des appels hotline', 'PHP, mySQL, Oracle', '2012-03-22', 'M. Romain LEGER', 1, 1, 1),
(1290, 1436, 11, 664, 112, 'Développement d''une application Ipod/Iphone', 'IOS', '2012-01-04', 'M. Bruno POULIN', 1, 1, 1),
(1291, 1437, 14, 21, NULL, 'Collectionneur de profils', 'windows, delphi, postgres, xmlrpc', '2012-01-04', 'M. Serge LEFEVRE', 1, 1, 1),
(1292, 1438, 3, 760, NULL, 'Programmation de gestion de base de données', 'VBA, Access', '2012-06-06', 'M. Sébastien KRAWER', 0, 1, 1),
(1293, 1439, 16, 644, NULL, 'Développement Web', 'Php, MySQL, ExtJS, ExtDesigner', '2012-04-12', 'M. Gregory SIMONET', 1, 1, 1),
(1294, 1440, 4, 567, 113, 'Développement Tableau de bord/modules GLPI', 'PhP, MySQL', '2012-02-09', 'M. Maxime SCHREIBER', 1, 1, 1),
(1295, 1441, 3, 666, NULL, 'Amélioration d''un ERP full web', 'php, mysql, javascript', '2012-03-16', 'M. Frédéric FIOLLE', 1, 1, 1),
(1296, 1442, 16, 738, NULL, 'Capacity process for DCA', 'DotNet, VBScripts, Powershell, SQL', '2012-04-12', 'M. Laurent FOURCADE', 1, 1, 1),
(1297, 1443, 34, 405, 114, 'Développement d''un module de gestion', 'Windew Mobile', '2012-03-19', 'Mme Alexandrine GLEY', 1, 1, 1),
(1298, 1444, 16, 644, NULL, 'Développement Web', 'Php, MySQL, Ajax', '2012-04-12', 'M. Gregory SIMONET', 1, 1, 1),
(1299, 1445, 5, 720, NULL, 'Développement mobile', 'IOS, Android, Objective-C', '2012-03-05', 'M. Julien CASCIOLA', 1, 1, 1),
(1300, 1446, 16, 741, NULL, 'Application android', 'Java, Eclipe', '2012-04-23', 'M. Eric PAILLET', 1, 1, 1),
(1301, 1447, 15, 594, NULL, 'Programmation de capteur pour ipad/android', 'java, c  ', '2012-01-12', 'M. Alejandro Quintero', 1, 1, 1),
(1302, 1448, 2, 736, NULL, 'Réalisation d''une application web', 'mysql, php', '2012-04-04', 'Mme Loubna BOUJLALEB', 1, 1, 1),
(1303, 1449, 19, 703, NULL, 'Développement du site WEB de l''entreprise', 'Php, MySQL', '2012-01-30', 'M. Denis BACH', 1, 1, 1),
(1304, 1450, 14, 40, NULL, 'Amélioration du module Achat de transport ferroviaire', 'Access', '2012-04-27', 'M. Olivier GRANDJEAN', 1, 1, 1),
(1305, 1451, 2, 734, NULL, 'Développement de divers outils de gestion internes', 'Web', '2012-04-02', 'M. Pierre COLOT', 1, 1, 1),
(1306, 1452, 3, 739, NULL, 'Creation d''une base client avec interface de saisie/consultation', 'Access', '2012-04-23', 'M. D. BOISELET', 1, 1, 1),
(1307, 1453, 12, 5, NULL, 'Développement d''une application avec sa base de données', 'BdD', '2012-02-16', 'Mme Brigitte FINEL', 1, 1, 1),
(1308, 1454, 4, 759, NULL, 'Création d''un site internet', 'php, mySQL', '2012-05-29', 'M. DEPRUGNEY', 1, 1, 1),
(1309, 1455, 5, 756, NULL, 'Integration extension open source Magento', 'php, mySQL, Magento, zend', '2012-05-29', 'M. Jean-Luc VOLPEZ', 1, 1, 1),
(1310, 1456, 26, 716, NULL, 'Création d''un module de comptabilité réutilisable', 'Windev, Wendev, VB, Java, C++, SQL', '2012-02-28', 'M. Sylvain BECK', 1, 1, 1),
(1311, 1457, 3, 750, NULL, 'Développement WEB', '.net, C#, PhP, Android, Java', '2012-05-04', 'M. Cyril Minette', 1, 1, 1),
(1312, 1458, 3, 761, NULL, 'Développement Web', 'Php, Mysql', '2012-06-08', 'M. Yassir Kakisse', 1, 1, 1),
(1313, 1459, 16, 666, 115, 'Développement WEB', 'Php, MySQL', '2012-06-28', 'M. Frédéric FIOLLE', 1, 1, 1),
(1314, 1460, 15, 757, NULL, 'Interface de comparaison de prix', 'php, mySQL', '2012-05-29', 'M. Eric NOËL', 1, 1, 1),
(1315, 1461, 12, 451, NULL, 'Intranet commercial', 'php, mySQL', '2012-05-29', 'M. A. SANTOS', 1, 1, 1),
(1316, 1463, 34, 729, NULL, 'Développement WEB', 'webn Oracle', '2012-06-08', 'M. Luigi MASTROSERIO', 1, 1, 1),
(1317, 1464, 1, 728, NULL, 'Analyse et développement d''un module de rapport pour ERP', 'C#, Asp.Net', '2012-03-26', 'M. François VYLE', 1, 1, 1),
(1318, 1465, 2, 764, 116, 'Développement d''un logiciel de gestion financière', 'J2EE, Java', '2012-06-22', 'M. Driss GOUJDAMI', 1, 1, 1),
(1319, 1466, 34, 729, NULL, 'Développement WEB', 'web, Oracle', '2012-06-08', 'M. Luigi MASTROSERIO', 1, 1, 1),
(1320, 1467, 14, 763, 117, 'Refonte du code de la passerelle statistiques AS400', 'AS400, C, C++, Php, MySQL', '2012-06-13', 'M. Thibaut BOYER', 1, 1, 1),
(1321, 1468, 4, 666, 118, 'Portail d''entreprise', 'php, mysql, ajax, javascript', '2012-06-21', 'M. Frédéric FIOLLE', 1, 1, 1),
(1322, 1469, 12, 679, NULL, 'Application mobile Android + dev Web', 'android, web', '2012-06-21', 'M. Eric GEOFFROY', 1, 1, 1),
(1323, 1472, 2, 103, 119, 'Gestion de l''obsolescence des composants', 'ACCESS, Excel', '2012-03-08', 'M. Sylvain BREGLER', 1, 1, 1),
(1324, 1474, 4, 672, NULL, 'Mise en place d''une gestion de projets informatisée', 'php, web', '2012-06-01', 'M. Alain HAUTCOEUR', 1, 1, 1),
(1325, 1475, 16, 754, NULL, 'Gestion d''une appli de gestion de communications téléphoniques', 'C#, SQL', '2012-05-10', 'M. Pascal HIBON', 1, 1, 1),
(1326, 1476, 3, 744, 120, 'Analyse et réalisation d''interfaces de communication', 'SAP, Oracle, C#', '2012-04-24', 'M. François ANTEBLIAN', 1, 1, 1),
(1327, 1477, 14, 762, 121, 'Site d''intranet de géolocalisation d''espèces invasives', 'bdd, web, géolocalisation', '2012-06-08', 'M. Jean-Nicolas BEISEL', 1, 1, 1),
(1328, 1478, 26, 242, NULL, 'Développement d''une application d''inventaire sur téléphone mobile', 'IOS, Xcode, CMDB', '2012-04-10', 'M. Eric MAYERUS', 1, 1, 1),
(1329, 1479, 1, 766, NULL, 'Développement d''un logiciel et d''une BdD d''e-mailing', 'Php, Java, MySQ', '2012-08-27', 'M. EMIR DENIZ', 1, 1, 1),
(1330, 1481, NULL, 701, 94, 'Développement d''une application multicanal', 'PHP, mySQL, JS, XUL', '2012-02-13', 'M. Kévin CORTE', 1, 1, 1),
(1331, 1482, NULL, 451, NULL, 'Développement de sites web dynamiques', 'PHP, mySQL, Responsive Web Design', '2013-01-04', 'M. Fabian VAN MOLLEKOT', NULL, 1, 1),
(1332, 1386, NULL, 646, NULL, 'Administration de terminaux sous Windows XP/7', 'Active Directory, SSCM, RES', '2013-01-04', 'M. Jérémy BARBE', NULL, 1, 1),
(1333, 1365, NULL, 767, NULL, 'Migration des postes de travail, des utilisateurs et des tunnels VPN', 'VPN, migration', '2013-01-04', 'M. GRASSI', NULL, 1, 1),
(1334, 1367, NULL, 440, NULL, 'Supervision de réseau', 'Supervision, WhatsUp Gold', '2013-01-04', 'M. Cyrille JUSSY', NULL, 1, 1),
(1335, 1372, NULL, 768, NULL, 'Déploiement de Windows Vista', 'Vista', '2013-01-04', 'M. Xavier-Georges DELORME', NULL, 1, 1),
(1336, 1374, NULL, 393, NULL, 'Développement de formulaires d''administration', 'PHP', '2013-01-04', 'M. Alain MION', NULL, 1, 1),
(1337, 1375, NULL, 492, NULL, 'Mise en place de SquidGuard', 'SquidGard, SkoleLinux', '2013-01-04', 'M. Thierry STAUDER', NULL, 1, 1),
(1338, 1387, NULL, 769, NULL, 'Mise à jour du parc Informatique', 'Infrastructure, réseau', '2013-01-04', 'M. Olivier DUTUS', NULL, 1, 1),
(1339, 1391, NULL, 40, NULL, 'Mise en place d''une solution de sauvegarde automatique sur un serveur NAS', 'NAS', '2013-01-04', 'MM. BLAISE et LAMBERT', NULL, 1, 1),
(1340, 1491, NULL, 439, NULL, 'Développement de composants open-source', 'Drupal', '2013-01-14', 'M. Bertrand DECHERY', NULL, 1, 1),
(1341, 1483, NULL, 701, NULL, 'Développement de sites web dynamiques', 'PHP', '2013-01-18', 'M. Kévin CORTE', NULL, 1, 1),
(1342, 1489, NULL, 701, NULL, 'Développement de sites web dynamiques', 'PHP', '2013-01-18', 'M. Kévin CORTE', NULL, 1, 1),
(1343, 1502, NULL, 701, NULL, 'Développement de sites web dynamiques', 'PHP', '2013-01-18', 'M. Kévin CORTE', NULL, 1, 1),
(1344, 1364, NULL, 111, NULL, 'Gestion d''événements serveur', 'Serveur Unix, Mysql', '2013-01-28', 'M. Marc TURQUAIS', NULL, 1, 1),
(1345, 1385, NULL, 440, NULL, 'Déploiement de hotspot wifi', 'wifi', '2013-01-28', 'M. Philippe Trientz', NULL, 1, 1),
(1346, 1368, NULL, 770, NULL, 'Automatisation de tâches de reporting Unix', 'cron', '2013-01-28', 'M. Damien NAVEZ', NULL, 1, 1),
(1347, 1529, 15, 771, NULL, 'Développement des modules comptables sous .NET et SQL server', 'SQL, .NET', '2013-01-31', 'M. François GROLEAU', 1, 1, 1),
(1348, 1581, 3, 772, NULL, 'Réalisation d''un site web', 'MySQL, Php, CMS', '2013-01-31', 'M. Youssef MHAMDI', 1, 1, 1),
(1349, 1545, 4, 773, NULL, 'Création d''un logiciel  de tracking d''email', '.NET, ACCESS', '2013-01-31', 'M. Emir DENIZ', 1, 1, 1),
(1350, 1555, 39, 774, NULL, 'Développement d''une application permettant de faliciter et accélérer la gestion des droits d''accès', 'Java, Flex, MySQL, workflow', '2013-01-31', 'M. Jean-Pascal GLUNTZ', 1, 1, 1),
(1351, 1562, 2, 775, NULL, 'Réalisation d''un site web', 'Php, MySQL', '2013-01-31', 'M. Msaad Abdelkarim', 1, 1, 1),
(1352, 1565, 12, 776, NULL, 'Improvement Reporting DCA and KPI VPOS', 'MS-SQL, BMC', '2013-01-31', 'M. Laurent FOURCADE', 1, 1, 1),
(1353, 1570, 14, 40, NULL, 'Refonte d''un site internet', 'ASP, SQL Server, ACCESS, DB2', '2013-01-31', 'Mme Florence SCHWALLER', 1, 1, 1),
(1354, 1582, 19, 526, NULL, 'Suivi performance opérateur Vulcanisation. Extension de l''application', 'Php, Oracle, OpenVMS', '2013-01-31', 'M. Christian WLOTZKO', 1, 1, 1),
(1355, 1525, 15, 594, NULL, 'Développement d''une application mobile pour ARDUINO', 'ARDUINO, Android', '2013-01-31', 'M. Alejandro QUINTERO', 1, 1, 1),
(1356, 1528, 1, 594, NULL, 'Développement d''une application mobile pour ARDUINO', 'ARDUINO, Android', '2013-01-31', 'M. Alejandro QUINTERO', 1, 1, 1),
(1357, 1553, 1, 594, NULL, 'Développement d''une application mobile pour ARDUINO', 'ARDUINO, Android', '2013-01-31', 'M. Alejandro QUINTERO', 1, 1, 1),
(1358, 1583, 15, 594, NULL, 'Développement d''une application mobile pour ARDUINO', 'ARDUINO, Android', '2013-01-31', 'M. Alejandro QUINTERO', 1, 1, 1),
(1359, 1515, 40, 694, 124, 'Création d''IHM d''aide aux techniciens à partir d''une base de données temps réel du réseau électrique', 'Php, MySQL', '2013-01-31', 'M. Jean-Christophe WALLISER', 1, 1, 1),
(1360, 1577, 40, 694, NULL, 'Création d''IHM d''aide aux techniciens à partir d''une base de données temps réel du réseau électrique', 'Php, MySQL', '2013-01-31', 'M. Jean-Christophe WALLISER', 1, 1, 1),
(1361, 1518, 1, 11, NULL, 'Réalisation de différents mandants en programmation web', 'Php, MySQL', '2013-01-31', 'M. Yassine EL BOURAQADI', 1, 1, 1),
(1362, 1521, 34, 777, NULL, 'Développement de modules sous CRM et d''un module d''upload de fichiers intelligen', 'Php, MySQL, AJAX, Javascript, Java', '2013-02-07', 'M. Alexandre HOCQUEL', 1, 1, 1),
(1363, 1544, 11, 778, NULL, 'Création d''un logiciel pour le gestion des pompiers volontaires', 'Php, MySQL', '2013-02-12', 'M. Stéphane CHWILKOWSKI', 1, 1, 1),
(1364, 1576, 12, 779, NULL, 'Développement d''une base de données d''historiques', 'access', '2013-02-12', 'M. Philippe GREPIN', 1, 1, 1),
(1365, 1485, NULL, 46, NULL, 'Développement de sites web dynamiques', 'Symfony', '2013-02-12', 'M. Brice ZOSSI', NULL, 1, 1),
(1366, 1534, 4, 535, 125, 'Refonte du site internet sous la forme d''un portail', 'Php, MySQL, Drupal', '2013-02-14', 'M. Jean-Paul FELIX', 1, 1, 1),
(1367, 1554, 12, 780, 126, 'Mise en place d''un site internet', 'Php, MySQL', '2013-02-15', 'M. Bruno STOURM', 1, 1, 1),
(1368, 1536, 14, 40, NULL, 'Création d''un outil de gestion documentaire', 'ACCESS, Visual Studio', '2013-02-18', 'M. Thierry JURET', 1, 1, 1),
(1369, 1493, NULL, 721, NULL, 'Développement de sites web dynamiques', 'html, js, ajax, J2EE', '2013-02-19', 'M. Julien BERTHEL', NULL, 1, 1),
(1370, 1532, 14, 781, NULL, 'Développement d''un logiciel pour la gestion des devis', 'VB, Excel, Php, Mysql', '2013-02-19', 'M. Frédéric FERRARA', 1, 1, 1),
(1371, 1499, NULL, 561, NULL, 'Réalisation d''un système d''administration Joomla en Flex', 'Flex, Php, Joomla', '2013-02-21', 'M. Jordan USAI', NULL, 1, 1),
(1372, 1503, NULL, 783, NULL, 'Développement de sites e-commerce et mobiles', 'Prestashop, Wordpress, Androïd', '2013-02-21', 'M. Salim BOUBLENZA', NULL, 1, 1),
(1373, 1505, NULL, 782, NULL, 'Développement d''une plateforme e-commerce', 'PHP, mySQL', '2013-02-21', 'M. Christian HENRY', NULL, 1, 1),
(1374, 1568, 14, 40, NULL, 'Réalisation d''évolution d''un site intranet en ASP-SQL server', 'ASP, SQL Server', '2013-02-21', 'Mme Sylvie ROEMER', 1, 1, 1),
(1375, 1522, 19, 523, NULL, 'Développement d''outils complémentaires pour notre  de supervison réseau', 'VBScript, powershell', '2013-02-21', 'M. Philippe PETRY', 1, 1, 1),
(1376, 1538, 14, 57, NULL, 'Développement d''une application web pour gérer les demandes de mise en productio', 'Php, MySQL', '2013-02-22', 'M. Pierre BLASONI', 1, 1, 1),
(1377, 1578, 4, 535, NULL, 'Refonte d''un logiciel de scoring', 'Oracle, Java', '2013-02-25', 'M. Jean-Paul Félix', 1, 1, 1),
(1378, 1497, NULL, 561, NULL, 'Développement iPad et Androïd', 'Androïd, iOS', '2013-02-28', 'M. Sébastien SOBCZYK', NULL, 1, 1),
(1379, 1586, 12, 785, NULL, 'Création d''un site internet pour la gestion d''un cabinet d''infirmiers', 'Php, MySQL, Javascript', '2013-03-04', 'M. Alain POIGNAND', 1, 1, 1),
(1380, 1575, 5, 798, NULL, 'Import de base de données Excel vers une base DB400', 'AS400, Visual Adelia, Excel', '2013-04-02', 'Mme Sylvie TESCARI', 1, 1, 1),
(1381, 1520, 40, 694, NULL, 'Intranet de gestion des recrutements', 'Php, MySQL', '2013-03-04', 'M. Ghislain PALADINI', 1, 1, 1),
(1382, 1591, 14, 85, NULL, 'Applciation de gestion et de suivi des opérations de maintenance', 'Php, MySQL', '2013-03-05', 'M. Grégory Schmaltz', 1, 1, 1),
(1383, 1595, 5, 786, NULL, 'Mise en place d''un outil statistique', 'Postgres, Ruby', '2013-03-05', 'M. Nicolas Gervais', 1, 1, 1),
(1384, 1590, 12, 784, NULL, 'Programmation d''un site intranet pour la gestion des bons de commandes', 'Joomla', '2013-03-05', 'M. Gregory PENZ', 1, 1, 1),
(1385, 1535, 8, 186, NULL, 'Développement d''un simulateur d''automates cellulaires', 'Java', '2013-03-05', '', 1, 1, 1),
(1386, 1513, 11, 186, NULL, 'Développement d''un simulateur d''automates cellulaires', 'Java', '2013-03-05', '', 1, 1, 1),
(1387, 1563, 34, 787, NULL, 'Création d''une interface web pour le projet Kettle', 'Oracle, MySQL, Java, Php', '2013-03-07', 'M. François CLAUSSE', 1, 1, 1),
(1388, 1540, 34, 788, NULL, 'Etude et intégration de la suite de reporting Jasper Report dans une solution SaaS', 'Java, MySQL', '2013-03-08', 'M. Bertrand Toussaint', NULL, 1, 1),
(1389, 1569, 2, 789, NULL, 'Développement de modules complémentaires dans l''ERP', 'Java, Oracle, Tomcat', '2013-03-11', 'M. Olivier SELLEN', 1, 1, 1),
(1390, 1506, NULL, 790, NULL, 'Conception de sites web et de plugins CMS', 'PHP, Wordpress', '2013-03-11', 'Mlle Jenna POMPERMEIER', NULL, 1, 1),
(1391, 1526, 11, 605, NULL, 'Développement web sous Drupal', 'Php, Mysql, Drupal', '2013-03-14', 'M. Samuel Letang', 1, 1, 1),
(1392, 1519, 11, 605, NULL, 'Développement web sous Drupal', 'Php, MySQL, Drupal', '2013-03-14', 'M. Samuel Letang', 1, 1, 1),
(1393, 1546, 26, 791, NULL, 'Déployer et intégrer un CMS+DB disposant d''une intégration avec les réseaux sociaux', 'web, cms, hosting', '2013-03-14', 'M. Christophe BIANCO', 1, 1, 1),
(1394, 1539, 5, 25, NULL, 'Création d''une messagerie instantanée sur AS400', 'Php, Mysql, Json, Javascript, Jquery', '2013-03-15', 'M. Fabrice BOTT', 1, 1, 1),
(1395, 1524, 19, 793, NULL, 'Développement d''une bdd et du back-office d''un site web marchand', 'mysql, php', '2013-03-19', 'M. Thomas BERTSCHY', 1, 1, 1),
(1396, 1504, NULL, 794, NULL, 'Développement sous framework PHP', 'CakePHP, MVC', '2013-03-20', 'M. Johann MAIRE', NULL, 1, 1),
(1397, 1509, NULL, 794, NULL, 'Développement sous framework PHP', 'CakePHP, MVC', '2013-03-20', 'M. Johann MAIRE', NULL, 1, 1),
(1398, 1557, 2, 795, NULL, 'Développement d''un logiciel pour la gestion des salles de réunion', 'php, mysql, JS, GIT', '2013-03-21', 'M. Eustache STRIBIT', 1, 1, 1),
(1399, 1564, 34, 725, NULL, 'Développement d''une application de base de conaissance pour représenter les points de ventes optique', 'oarcle, php', '2013-03-21', 'M. Philippe MARTEAU', 1, 1, 1),
(1400, 1550, 4, 749, NULL, 'Développement d''un site e-commerce', 'php, mysql', '2013-03-21', 'M. Clément DEMBELE', NULL, 1, 1),
(1401, 1572, 39, 796, NULL, 'Développement d''une application web', 'bdd', '2013-03-22', 'M. Claude BATAILLE', NULL, 1, 1),
(1402, 1512, 3, 670, NULL, 'Développement de modules complémentaires à l''application Gestikids', 'MySQL, PlayFramework, bootstrap', '2013-03-22', 'M. Matthieu DEUTSCHER', 1, 1, 1),
(1403, 1551, 3, 670, NULL, 'Mise en place d''un programme de traitement automatisé d''enrichissement de bdd', 'php, mysql, jquery, javascript', '2013-03-25', 'M. Matthieu DEUTCHER', 1, 1, 1),
(1404, 1510, 16, 751, 122, 'Site web sous Joomla - base de données', 'php, mysql', '2013-03-26', 'Mme Michèle HAAS', 1, 1, 1),
(1405, 1543, 39, 5, NULL, 'Développement d''un CMS', 'CMS, Php, MySQL', '2013-04-02', 'M. Christian SANTI', 1, 1, 1),
(1406, 1548, 2, 797, NULL, 'Analyse et réalisation d''un workflow', 'C#, SQL server, Sharepoint', '2013-04-02', 'M. Andrea LAZZARI', 1, 1, 1),
(1407, 1530, 16, 751, NULL, 'Site web sous Joomla - base de données', 'Joomla, php, mysql', '2013-04-02', 'Mme Michèle HAAS', 1, 1, 1),
(1408, 1611, NULL, 799, NULL, 'Solution VPN', 'VPN. Migration. Virtualisation', '2013-04-02', 'M. Stéphane Thierry', NULL, 1, 1),
(1409, 1626, NULL, 98, NULL, 'Migration Windows 7. Création de masters.', 'Windows 7', '2013-04-02', 'M. David Neisius', NULL, 1, 1),
(1410, 1603, NULL, 20, NULL, 'Mise en place d''un ordonnanceur', '', '2013-04-02', 'M. Albert Crumbach', NULL, 1, 1),
(1411, 1606, NULL, 494, NULL, 'Administration réseau. Help desk', '', '2013-04-02', 'M. Xavier Buonino', NULL, 1, 1),
(1412, 1613, NULL, 800, NULL, 'Supervision d''un réseau d''entreprise', 'Nagios Cacti', '2013-04-02', 'M. Christian Erbette', NULL, 1, 1),
(1413, 1615, NULL, 420, NULL, 'Mise en oeuvre et administration d''un réseau', 'Active directory GPO VPN', '2013-04-02', 'M. Jacques de Tiège', NULL, 1, 1),
(1414, 1622, NULL, 801, NULL, 'Projets d''installation et migration de réseaux.', '', '2013-04-02', 'M. Olivier Mercier', NULL, 1, 1),
(1415, 1507, NULL, 802, NULL, 'Développements de site web e-commerce', 'xHTML, Php, JQuery', '2013-04-02', 'Gérard Koun Kou', NULL, 1, 1),
(1416, 1566, 4, 535, NULL, 'Développement d''un site web pour la gestion des anciens diplomés', 'Php, MySQL, Javascript', '2013-04-03', 'M. Jean-Paul FELIX ', 1, 1, 1),
(1417, 1523, 5, 803, NULL, 'Développement de servers-clients pour la récolte de mesure', 'serveur léger, c,c  , python, turbogears, web', '2013-04-04', 'M. Pierre FLAUDER', 1, 1, 1),
(1418, 1559, 15, 671, NULL, 'Mise en ligne automatisé de catalogues', 'Php, Mysql', '2013-04-04', 'M. Ali BELGUENDOUZ', 1, 1, 1),
(1419, 1574, 4, 804, NULL, 'Création de site internet', 'Wordpress, mysql', '2013-04-04', 'M. Mathieu JACQUES', 1, 1, 1),
(1420, 1511, 3, 820, NULL, 'Développement et programmation de site Moselle Sport', 'php, mysql', '2013-06-10', 'M. Eric ZELL', 1, 1, 1),
(1421, 1584, 3, 670, NULL, 'Mise en place d''un projet MVC en PHP 5', 'Php, MySQL', '2013-04-05', 'M. Matthieu DEUTCHER', 1, 1, 1),
(1422, 1517, 5, 806, NULL, 'Développement d''applications pour l''administration du réseau', 'Php, mysql', '2013-04-05', 'M. A. OUILI', 1, 1, 1),
(1423, 1516, 39, 5, NULL, 'Refonte de l’application de gestion de cours en ligne ', 'Moodle, LDAP, Cron', '2013-04-05', 'M. Thierry NOWAK', 1, 1, 1),
(1424, 1484, NULL, 701, NULL, 'Développement de sites web dynamiques', 'Prestashop, Drupal', '2013-04-09', 'M. Fabien LEROUX', NULL, 1, 1),
(1425, 1487, NULL, 807, NULL, 'Extension d''un module e-commerce', 'Dolibar, PHP, mySQL, SOAP', '2013-04-09', 'M. Jean HEIMBURGER', NULL, 1, 1),
(1426, 1549, 19, 808, NULL, 'Développement d''une plateforme documentaire spécialisée sécurisée', 'Webdev, Windew mobile, SQL, UML', '2013-04-09', 'M. Pascal-Hervé SCHAUBER', 1, 1, 1),
(1427, 1496, NULL, 225, NULL, 'Développements de modules web', 'PHP', '2013-04-12', 'M. Thierry TOGNARINI', NULL, 1, 1),
(1428, 1596, 34, 754, NULL, 'Mise en conformité des applications web sous IE10', 'ASP.net, c#, VB.net, SQL server', '2013-04-15', 'M. Michael TORRES', 1, 1, 1),
(1429, 1533, 11, 605, NULL, 'Développement d''une application web pour un des clients de la société', 'Php, mysql', '2013-04-15', 'M. Samuel Letang', 1, 1, 1),
(1430, 1508, NULL, 261, NULL, 'Développement web de catalogue interactif', 'PHP', '2013-04-15', 'M. Jean-Baptiste BILLMANN', NULL, 1, 1),
(1431, 1500, NULL, 809, NULL, 'Conception de site web dynamique', 'PHP', '2013-04-15', 'M. Régis LHOSTE', NULL, 1, 1),
(1432, 1552, 5, 530, NULL, 'Elaboration d''un intranet avec lancement et calcul de tableau de bord', 'php, mysql, javascript, java', '2013-04-15', 'M. Jean-Michel BERGHMANS', 1, 1, 1),
(1433, 1597, 39, 810, NULL, 'Développement d''une application web mobile, version multi-lingues du portail', 'ASP.NET, C#, Jquery mobile, SQL Server', '2013-04-16', 'M. KAUFFMANN', 1, 1, 1),
(1434, 1495, NULL, 811, NULL, 'Développement d''un site web dynamique', 'PHP', '2013-04-17', 'M. Reynald HURAUX', NULL, 1, 1),
(1435, 1501, NULL, 812, NULL, 'Développement de thèmes et modules Magento et Concrete5', 'Magento, Concrete5', '2013-04-18', 'M. Frédéric LEUBA', NULL, 1, 1),
(1436, 1488, NULL, 690, NULL, 'Développement de sites web dynamiques', 'PHP, JS, REST', '2013-04-18', 'M. Johan PRAS', NULL, 1, 1),
(1437, 1541, 16, 813, NULL, 'Création et développement de sites web', 'php, myqsl', '2013-04-19', 'M. Marc GOENNER', NULL, 1, 1),
(1438, 1560, 3, 68, NULL, 'Création d''un portail', 'php, mysql', '2013-04-19', 'M. Fernand KIREN', 1, 1, 1),
(1439, 1558, 15, 814, NULL, 'Mise en place d''un planning inofrmatique partagé', 'web', '2013-04-19', 'M. François CORNUT', 1, 1, 1),
(1440, 1585, 2, 815, NULL, 'Développement de site intranet', 'php, java, mysql', '2013-04-19', 'M. Thierry SCHNEIDER', 1, 1, 1),
(1441, 1556, 1, 70, NULL, 'Développement web', 'php, mysql', '2013-04-19', 'M. Benoir BOSSERELLE', 1, 1, 1),
(1442, 1542, 16, 644, NULL, 'Alarme silencieuse/création d''un outil de référencement et de mise à jour des habilitations des utilisateurs du SI', 'swing, java, sockets', '2013-05-06', 'M. Grégory SIMONET', 1, 1, 1),
(1443, 1537, 37, 372, NULL, 'Développement de la gestion des entrées/sorties pour la version Android de TVPaint', 'Java, C++, Android', '2013-05-27', 'M. Michael SCHREINER', 1, 1, 1),
(1444, 1579, 37, 588, NULL, 'Développement d''un jeu basé sur les mots pour Android', 'java, android', '2013-05-06', 'M. Patrick HEALY', 1, 1, 1),
(1445, 1494, NULL, 816, NULL, 'Développement de sites web dynamiques', 'PHP, Zend', '2013-04-29', 'M. Nessim ZAOUICHE', NULL, 1, 1),
(1446, 1486, NULL, 690, NULL, 'Développement de sites web dynamiques', 'HTML5, CSS3, PHP, JQuery', '2013-05-03', 'M. Johan PRAS', NULL, 1, 1),
(1447, 1490, NULL, 817, NULL, 'Développement d''un CRM', 'HTML5, CSS3, PHP, JQuery', '2013-05-03', 'M. Cédric PAULINE', NULL, 1, 1),
(1448, 1492, NULL, 818, NULL, 'Conception d''un nouveau site marchand', 'e-commerce', '2013-05-03', 'M. Stéphanie DANIAUD', NULL, 1, 1),
(1449, 1600, 40, 390, NULL, 'Développement d''une FrontOffice SOA pour la gestion des contrats d''asurance vie', 'C#, ASP.net', '2013-05-27', 'M. Cyrille HAREZLAK', 1, 1, 1),
(1450, 1602, 12, 756, NULL, 'Integration site e-commerce', 'php, zend, javascript', '2013-06-19', 'M. Jean-Luc VOLPEZ', 1, 1, 1),
(1457, 1599, 2, 823, NULL, 'Développement d''applications 4D et VB', '4D, VB', '2013-06-19', 'M. Philippe MAGAR', 1, 1, 1),
(1451, 1592, 1, 594, NULL, 'Développement d''un logiciel pour le laboratoire LARIM', 'cloud computing', '2013-05-27', 'M. Samuel PIERRE', 1, 1, 1),
(1452, 1593, 39, 239, 127, 'Migration interface web d''un logiciel de gestion de production', 'DB2, java', '2013-05-27', 'M. David HUSSON', 1, 1, 1),
(1453, 1594, 34, 747, NULL, 'Amélioration du site internet du site mobile et de ses applications Android de l''entreprise', 'Java, Php, MySQL', '2013-05-27', 'M. Antoine SANTONI', 1, 1, 1),
(1454, 1587, 1, 819, NULL, 'Optimisation des procédures de chargement', 'Oracle, PL/SQL', '2013-05-31', 'M. Hugues MAROULIER', 1, 1, 1),
(1455, 1601, 16, 821, NULL, 'Réalisation du logiciel de suivi des achats', 'Windev', '2013-06-13', 'M. Hervé MAES', 1, 1, 1),
(1456, 1628, 40, 822, NULL, 'Création d''un outil de génération de requêtes SQL et sa fonctionnalité de batch', 'Oracle, SQL', '2013-06-14', 'M. Gregory AUZANNEAU', NULL, 1, 1),
(1458, 1589, 40, 824, NULL, 'Développements autour des sites internet de commerce en ligne', 'php, mysql, magento', '2013-06-21', 'M. Franck VAILLIER', 1, 1, 1),
(1459, 1612, NULL, 825, NULL, 'Migration windows 2008', 'windows 2008 machines virtuelles', '2013-09-02', 'FLORENTIN Fabrice', NULL, 1, 1);
INSERT INTO `stage` (`no_stage`, `no_etud`, `no_enc`, `no_ent`, `no_lieu`, `sujet`, `mot_clef`, `date_validation`, `tuteur`, `adr_verif`, `soutenance`, `taux_encadrement`) VALUES
(1460, 1621, NULL, 826, NULL, 'Déploiement Système sur des serveurs windows', 'Windows', '2013-09-02', 'Pierre-Adrien Ohlott', NULL, 1, 1),
(1461, 1618, NULL, 827, NULL, 'réalisation de projets cients', 'firewall serveurs Cisco', '2013-09-02', 'Olivier Accili', NULL, 1, 1),
(1462, 1623, NULL, 462, NULL, 'Mise en place de monitoring des systèmes informatiques', '', '2013-09-02', 'Granveaux Xavier', NULL, 1, 1),
(1463, 1619, NULL, 256, NULL, 'Mise en place infrastructure Wifi', '', '2013-09-02', 'Julien Podboroczynski', NULL, 1, 1),
(1464, 1610, NULL, 701, NULL, 'Etude d''outils de test de charge', '', '2013-09-02', 'Thierry Fromon', NULL, 1, 1),
(1465, 1627, NULL, 828, NULL, 'Déménagement d''infrastructure informatique', '', '2013-09-02', 'Maxime habersetzer', NULL, 1, 1),
(1466, 1625, NULL, 127, NULL, 'création infrastructure Blackberry', '', '2013-09-02', 'Pascal CATALOGNA', NULL, 1, 1),
(1467, 1617, NULL, 829, NULL, 'Nagios ', 'nagios IpV6', '2013-09-02', 'Patrice Schuster', NULL, 1, 1),
(1468, 1609, NULL, 830, NULL, 'remplacement coeur de réseau', '', '2013-09-02', 'Romain Laumsfeld', NULL, 1, 1),
(1469, 1608, NULL, 646, NULL, 'Test et évaluation de l''outil Microsoft INTUNE', 'Intune', '2013-09-02', 'Francis Marcus', NULL, 1, 1),
(1470, 1616, NULL, 440, NULL, 'gestion de logs', '', '2013-09-02', 'Philippe Trientz', NULL, 1, 1),
(1471, 1607, NULL, 831, NULL, 'Virtualisation d''OS', '', '2013-09-02', 'Nicolas Cabaret', NULL, 1, 1),
(1472, 1604, NULL, 523, NULL, 'infrastructure réseau', '', '2013-09-02', 'Philippe  PETRY', NULL, 1, 1),
(1473, 1614, NULL, 832, NULL, 'création d’un annuaire', '', '2013-09-02', 'Dominique KLEIN', NULL, 1, 1),
(1474, 1624, NULL, 833, NULL, 'Création d''une infrastructure réseau et système', '', '2013-09-02', 'Stéphane Balle', NULL, 1, 1),
(1475, 1636, NULL, 834, NULL, 'Développement de sites web dynamiques', 'PHP, MVC, Androïd', '2014-01-16', 'M. Brice CHAPPE', NULL, 1, 1),
(1476, 1651, NULL, 835, NULL, 'Finalisation d''un site e-commerce', 'Joomla, PHP', '2014-01-16', 'M. Michel PEIFFER', NULL, 1, 1),
(1477, 1652, NULL, 817, NULL, 'Développement de sites web dynamiques', 'PHP, JQuery', '2014-01-16', 'M. Cédric PAULINE', NULL, 1, 1),
(1478, 1728, 34, 836, 135, 'Développement d''outils de monitoring, de gestion de mailing client', 'monitoring, mailing', '2014-01-23', 'M. Frederic de Bernardin', 1, 1, 1),
(1479, 1753, 14, 827, 149, 'Développement d''un portail de demandes pour les utilisateurs', 'Php, MySQL', '2014-01-23', 'M. Olivier ACCILI', 1, 1, 1),
(1480, 1738, 15, 839, 145, 'Evolutions dans l''outil Intrasec', 'AST, SQL server', '2014-02-06', 'Mme Sylvie ROEMER', 1, 1, 1),
(1481, 1648, NULL, 409, NULL, 'Migration d''une application de gestion de projets', 'Typesafe, scala, angular.js', '2014-01-27', 'Mme Nathalie Milair', NULL, 1, 1),
(1482, 1647, NULL, 837, NULL, 'Développement de sites web B2C', 'PHP, mySQL, jQuery, Responsive Web Design', '2014-01-27', 'M. Johan PRAS', NULL, 1, 1),
(1483, 1640, NULL, 837, NULL, 'Développement de sites web B2C', 'PHP, REST, mySQL, JQuery', '2014-01-30', 'M. Johan PRAS', NULL, 1, 1),
(1484, 1629, NULL, 701, NULL, 'Développement web dynamique', 'PHP, mySQL, JS', '2014-01-30', 'M. Cédric PONS', NULL, 1, 1),
(1485, 1633, NULL, 701, NULL, 'Développement web dynamique', 'PHP, mySQL, JS', '2014-01-30', 'M. Cédric PONS', NULL, 1, 1),
(1486, 1634, NULL, 701, NULL, 'Développement web dynamique', 'PHP, mySQL, JS', '2014-01-30', 'M. Cédric PONS', NULL, 1, 1),
(1487, 1646, NULL, 679, NULL, 'Développement de modules hybrides', 'Androïd', '2014-01-30', 'M. Eric GEOFFROY', NULL, 1, 1),
(1488, 1632, NULL, 838, NULL, 'Développement de sites web dynamiques', 'PHP, mySQL, JS', '2014-01-30', 'M. Philippe LETULLIER', NULL, 1, 1),
(1489, 1771, 2, 57, NULL, 'Site intranet de suivi des incidents mainframe', 'php', '2014-02-06', 'M. Vincent JACQUES', 1, 1, 1),
(1490, 1756, 5, 798, 151, 'Programmation d''un boitier afin de mettre un automate sur le réseau TCP/IP', 'TCP/IP, RJ45', '2014-02-10', 'M. Eric PERRUZZA', 1, 1, 1),
(1491, 1740, 5, 25, NULL, 'Développement d''une application de gestion de pointage des heures du personnel', 'AS400, Php/MySQL', '2014-02-10', 'M. Pierre WOLF', 1, 1, 1),
(1492, 1731, 4, 840, 138, 'gestion dynamique du planning des équipes opérationnelles', 'Php, Informix', '2014-02-12', 'M. Jeff DIADEMI', 1, 1, 1),
(1493, 1743, 2, 780, 146, 'Développement du site de la société Espace-Lumière Solatube', 'Php/Mysql', '2014-02-12', 'M. Hervé VUILLAUME', 1, 1, 1),
(1494, 1770, 5, 94, NULL, 'Refonte module internet', 'SQL Server, ASP.net', '2014-02-13', 'M. Hervé SPIERCKEL', 1, 1, 1),
(1495, 1653, NULL, 841, NULL, 'Développement de modules e-commerce', 'Prestashop', '2014-02-17', 'M. Nicolas MAHOU', NULL, 1, 1),
(1496, 1765, 14, 535, NULL, 'Création d''un nouveau site internet', 'CMS, Java, Php, Mysql', '2014-02-24', 'M. Jean-Paul FELIX', 1, 1, 1),
(1497, 1730, 19, 842, 137, 'Interopérabilité entre équipements nomadiques et services sur internet', 'équipement nomadique', '2014-02-24', 'M. Thuan van DO', 1, 1, 1),
(1498, 1725, 34, 751, 130, 'Développement d''un site web', 'Php, MySQL', '2014-02-24', 'Mme KIETZMANN-BOHR Claudia', 1, 1, 1),
(1499, 1638, NULL, 843, NULL, 'Développement de modules de réseaux sociaux', '.net', '2014-03-14', 'M. Cristovao FIGUEIREDO', NULL, 1, 1),
(1500, 1726, 5, 845, 131, 'Exportation des données d''automate PREMIUM', 'Access, Excel, Html', '2014-03-18', 'M. Yann MAUCOURT', 1, 1, 1),
(1501, 1748, 16, 846, 147, 'Réalisation d''un nouveau module Zend présentant des résultats statistiques', 'Zend', '2014-03-18', 'M. Philippe GILLET', 1, 1, 1),
(1502, 1762, 16, 21, 155, 'Ecrire un robot de test d''application', 'XML-RPC, PostreSQL', '2014-03-18', 'M. Sébastien Decorny', 1, 1, 1),
(1503, 1777, 19, 111, NULL, 'Développement d''un logiciel de contrôle d''accès internet', 'Php, Linux, iPTABLE', '2014-03-18', 'M. Marc TURQUAIS', 1, 1, 1),
(1504, 1759, 19, 847, 153, 'Développement d''application à but commercial', '', '2014-03-18', 'M. Christophe DARTEVELLE', 1, 1, 1),
(1505, 1727, 12, 848, 136, 'Développement d''un report en X++ pour l''ERP MS Dynamics AX', 'X++, SQL Server', '2014-03-18', 'M. Régis ODOARDI-WONNER', 1, 1, 1),
(1506, 1723, 11, 849, 129, 'Mise en place de statistique de traitement des tickets d''intervention', 'Php, MySQL, Javascript, PhpExcel', '2014-03-20', 'M. L. LANG', 1, 1, 1),
(1507, 1655, NULL, 383, NULL, 'Migration de sites ASP en PHP', 'ASP, PHP', '2014-03-24', 'M. Patrice GUBERNATOR', NULL, 1, 1),
(1508, 1644, NULL, 402, NULL, 'Développement de sites web dynamiques', 'PHP, mySQL, JS', '2014-03-24', 'M. Julien LESIEUR', NULL, 1, 1),
(1509, 1650, NULL, 183, NULL, 'Développement de sites web dynamiques', 'responsive web design, PHP', '2014-03-24', 'M. Julien CAROSI', NULL, 1, 1),
(1510, 1769, 2, 5, NULL, 'Réalisation d''un site web', 'MySQL, Php', '2014-03-24', 'M. Sylvain PHILIPPON', 1, 1, 1),
(1511, 1742, 3, 850, NULL, 'Réalisation d''un site web', 'Php, MySQL', '2014-03-24', 'M. Alain PRUSKI', 1, 1, 1),
(1512, 1751, 34, 20, NULL, 'Mise en place d''indicateurs d''usage du dossier patient', 'Sphinx', '2014-03-24', 'M. Didier BRANZI', 1, 1, 1),
(1513, 1746, 4, 851, NULL, 'Implémentation d''une solution BPM intégrée dans la plateforme ECM d''Alfresco', 'BPM, Workflow', '2014-03-27', 'M. Christophe FELTEN', 1, 1, 1),
(1514, 1735, 15, 672, 142, 'Optimisation d''un site internet dédié à la gestion de stock matière', 'php, mysql, javascript', '2014-03-27', 'M. Alain HAUTCOEUR', 1, 1, 1),
(1515, 1779, 15, 852, NULL, 'Amélioration des procédures de Workflow', 'Progress, CITRIX', '2014-03-27', 'M. Philippe MORICEAU', 1, 1, 1),
(1516, 1739, 8, 605, NULL, 'Développement Web', 'drupal', '2014-03-27', 'M. Samuel LETANG', 1, 1, 1),
(1517, 1745, 11, 605, NULL, 'Développement Web', 'Drupal', '2014-03-27', 'M. Samuel LETANG', 1, 1, 1),
(1518, 1749, 3, 671, 148, 'Développement Lotus Notes et Web', 'Php, MySQL', '2014-03-27', 'M. Ali BELGUENDOUZ', 1, 1, 1),
(1519, 1755, 2, 57, 150, 'Développement d''un logiciel de gestion des horaires', 'Java, DB2', '2014-03-27', 'M. Fabien ALBERT', 1, 1, 1),
(1520, 1656, NULL, 853, NULL, 'Développement e-commerce', 'Prestashop', '2014-03-27', 'M. Sébastien GABEL', NULL, 1, 1),
(1521, 1760, 19, 854, NULL, 'Réalisation d''une liaison entre Prestashop et ciel gestion commerciale', 'php, MySQL, Json, Javascript', '2014-03-28', 'M. Christophe OHREL', 1, 1, 1),
(1522, 1635, NULL, 694, NULL, 'Développement web dynamique', 'PHP', '2014-03-28', 'M. Franck Théobald', NULL, 1, 1),
(1523, 1645, NULL, 494, NULL, 'Développement web et mobile', 'PHP, Html, css', '2014-04-01', 'M. Kévin CORTE', NULL, 1, 1),
(1524, 1766, 1, 630, NULL, 'Développement d''un outil de statistiques', 'php, mysql, javascript', '2014-04-02', 'M. Jean-Christophe STAUB', 1, 1, 1),
(1525, 1737, 14, 38, 144, 'Développement web', 'oracle, web', '2014-04-04', 'M. Achmed YANI', 1, 1, 1),
(1526, 1736, 1, 855, 143, 'Création d''un logiciel d''inscription en ligne', 'web', '2014-04-04', 'Mme Marlène GIGANT', 1, 1, 1),
(1527, 1747, 4, 856, NULL, 'Conversion de documents 4Dwrite au format Docx', '4D', '2014-04-04', 'M. Eric STEUER', 1, 1, 1),
(1528, 1778, 34, 826, 159, 'Développement de questionnaires', 'php', '2014-04-04', 'M.  Boulben', 1, 1, 1),
(1529, 1772, 3, 857, 157, 'Création d''une base de données clients', 'bdd', '2014-04-04', 'M. Eric SALMON', 1, 1, 1),
(1530, 1732, 3, 857, 139, 'Mise à jour du site et de la plate-forme internet', 'php', '2014-04-04', 'M. Eric SALMON', 1, 1, 1),
(1531, 1752, 15, 858, NULL, 'Développement Web', 'web', '2014-04-04', 'M. Laurent THOMAS', 1, 1, 1),
(1532, 1757, 4, 832, NULL, 'Développement de 2 outils (base Excel)', 'Excel', '2014-04-07', 'M. Yves MARTINOT', 1, 1, 1),
(1533, 1733, 12, 859, 140, 'Création d''un documetn de saisie interactif pour le service SAV', 'access', '2014-04-07', 'M. Adrien GUERRIER', 1, 1, 1),
(1534, 1767, 1, 860, 156, 'Développement Web', 'php, mysql', '2014-04-07', 'Mme Laura INTHASANE', 1, 1, 1),
(1535, 1761, 14, 694, 154, 'Maintenance et développement d''outils internet', 'php, mysql', '2014-04-07', 'M. Matthieu TOULEMONDE', 1, 1, 1),
(1536, 1776, 16, 651, 158, 'Réalisation d''un logiciel de vente aux enchères', 'Java, Android, PHP, Javascript', '2014-04-08', 'M. Guy BARDEAUX', 1, 1, 1),
(1537, 1734, 16, 651, 141, 'Réalisation d''un logiciel de vente aux enchères', 'Java, Android, Php, Javascript', '2014-04-08', 'M. Guy BARDEAUX', 1, 1, 1),
(1538, 1724, 39, 292, NULL, 'Développement d''un logiciel métier en php', 'php', '2014-06-23', 'M. Dominique BLANC', NULL, 1, 1),
(1539, 1758, 39, NULL, NULL, '', '', NULL, '', NULL, 1, 1),
(1540, 1729, 39, NULL, NULL, '', '', NULL, '', NULL, 1, 1),
(1541, 1741, 12, 862, NULL, 'Développement Web', 'Javascript, php, prestashop', '2014-04-17', 'M. Pierre TOMASINA', 1, 1, 1),
(1542, 1750, 40, 886, NULL, 'Développement d''une application mobile', 'Phonegap', '2014-07-25', 'M. Xavier ROMANELLO', NULL, 1, 1),
(1543, 1763, 12, 866, NULL, 'Développement Intranet', 'php, mysql', '2014-05-06', 'M. Sébastien DE TADDEO', 1, 1, 1),
(1544, 1764, 40, NULL, NULL, '', '', NULL, '', NULL, 1, 1),
(1545, 1775, 40, 885, NULL, 'Réalisation d''un logiciel de vente aux enchères', 'web', '2014-07-25', 'M. Guy BARDEAUX', NULL, 1, 1),
(1546, 1768, 11, 883, NULL, 'Développement Php objet', 'php, xml', '2014-07-25', 'M. Christophe RISCH', NULL, 1, 1),
(1547, 1773, 37, NULL, NULL, '', '', NULL, '', NULL, 1, 1),
(1548, 1774, 11, 884, NULL, 'Réparation, réseau, programmation', 'sujet insuffisant', '2014-07-25', 'M. Michael BEAUVAIS', NULL, 1, 1),
(1549, 1780, 37, NULL, NULL, '', '', NULL, '', NULL, 1, 1),
(1550, 1637, NULL, 46, NULL, 'Développement de sites web dynamiques', 'PHP, Symfony', '2014-04-22', 'M. Brice ZOSSI', NULL, 1, 1),
(1551, 1649, NULL, 724, NULL, 'Développement de sites web dynamiques', 'PHP, mobile', '2014-04-22', 'M. Ouro Nimini TCHANILE', NULL, 1, 1),
(1552, 1654, NULL, 863, NULL, 'Référencement et développement', 'PHP, référencement', '2014-04-22', 'M. Jean-Luc KAISER', NULL, 1, 1),
(1553, 1643, NULL, 864, NULL, 'Développement web dynamique', 'PHP, référencement', '2014-04-24', 'M. Benjamin KREPPERT', NULL, 1, 1),
(1554, 1642, NULL, 46, NULL, 'Integration de sites web en lien avec les réseaux sociaux', 'Responsive design', '2014-04-24', 'M. Brice Zossi', NULL, 1, 1),
(1555, 1631, NULL, 865, NULL, 'Création d''une boutique en ligne', 'Prestashop, Wordpress', '2014-04-28', 'M. Kévin ROTH', NULL, 1, 1),
(1556, 1792, 2, 756, 161, 'Développement extensions e-commerce', 'php, mysql', '2014-05-06', 'M. Jean-Luc VOLPEZ', 1, 1, 1),
(1557, 1793, 39, 807, 162, 'Conception et développement d''un système de tests unitaires ...', 'php, mysql, soap', '2014-05-06', 'M. Jean HEIMBURGER', 1, 1, 1),
(1558, 1800, 40, 867, NULL, 'Développement de l''application mobile Clop', 'android', '2014-05-26', 'M. Aurélien HUET', 1, 1, 1),
(1559, 1787, 3, 620, 160, 'Création annuaire pour intranet', 'php, jquery, js', '2014-05-26', 'M. Adrien FRERY', 1, 1, 1),
(1560, 1782, 3, 868, NULL, 'Site web', 'web', '2014-05-26', 'M. Simon OLIVI', 1, 1, 1),
(1561, 1788, 39, 40, NULL, 'Développement Java/DB2', 'Java, DB2', '2014-06-02', 'M. Laurent PINTIAU', 1, 1, 1),
(1562, 1798, 14, 869, NULL, 'Analyse et développement d''un système d''information', 'SI', '2014-06-02', 'M. Christian COPPEAUX', 1, 1, 1),
(1563, 1790, 5, 862, NULL, 'Développement logiciel e-commerce', 'php, JS', '2014-06-03', 'M. Pierre TOMASINA', 1, 1, 1),
(1564, 1797, 5, 713, 164, 'Développement d''un logiciel de gestion', 'access, excel', '2014-06-03', 'M. Laurent ENCELLE', 1, 1, 1),
(1565, 1789, 8, 870, NULL, 'Développement logiciel en mode agile', 'scrum', '2014-06-06', 'M. Fabien GUY', 1, 1, 1),
(1566, 1799, 4, 566, NULL, 'Site web marchant', 'php, JS', '2014-06-06', 'M. Bernard BOILLET', 1, 1, 1),
(1567, 1783, 1, 871, NULL, 'Développement web', 'CMS, php', '2014-06-06', 'M. Sébastien KOREN', 1, 1, 1),
(1568, 1785, 12, 872, NULL, 'Développement Androïd', 'android, tes unitaire', '2014-06-11', 'M. Hervé TINANT', 1, 1, 1),
(1569, 1794, 14, 750, NULL, 'Développement d''un gestionnaire de factures', 'php, mysql, JS', '2014-06-12', 'M. Cyril MINETTE', 1, 1, 1),
(1570, 1807, 39, 415, NULL, 'Programmation d''un robot', 'LEGO, TILIT-S', '2014-06-12', 'M. Damien NICOLAS', 1, 1, 1),
(1571, 1795, 34, 873, 163, 'Mise en oeuvre d''un logiciel de type CRM Open Source', 'Php, Java, SQL Server, JS', '2014-06-18', 'M. Fabrice KAUFFMANN', 1, 1, 1),
(1572, 1806, 40, 307, NULL, 'Développement d''un outil de tracking', 'php, JS, mysql, JS', '2014-06-18', 'M. Thibault CHAIX', 1, 1, 1),
(1573, 1803, 15, 874, NULL, 'Développement web', 'php, mysql, JS', '2014-06-20', 'Mme Carole FIANI', 1, 1, 1),
(1574, 1808, 15, 875, NULL, 'Développement d''un outil de gestion d''entreprise', 'web, CRM', '2014-06-20', 'M. Régis BURGARD', 1, 1, 1),
(1575, 1791, 39, 876, NULL, 'Développement d''un logiciel de gestion du service après-vente', 'web', '2014-06-23', 'M. Dominique VOGLER', 1, 1, 1),
(1576, 1804, 16, 877, NULL, 'Développement d''une application windows', 'test unitaire', '2014-06-23', 'M. Christian GOSSE', 1, 1, 1),
(1577, 1781, 16, NULL, NULL, '', '', NULL, '', NULL, 1, 1),
(1579, 1786, 39, 879, NULL, 'Développement d''une application de gestion des patients', 'Java', '2014-07-02', 'Mme Martine NEYEN', 1, 1, 1),
(1578, 1796, 34, 878, NULL, 'Développement dans le cadre d''une application mobile', 'Java, ZK', '2014-06-23', 'M. Emanuel ARCHAMBAULT', 1, 1, 1),
(1580, 1802, 1, 753, NULL, 'Création de gabarits', 'actionscript', '2014-07-02', 'M. Johan GALICHER', 1, 1, 1),
(1581, 1784, 40, 880, NULL, 'Développement web', 'php, mysql', '2014-07-02', 'M. Gilles TRIMARDEAU', 1, 1, 1),
(1582, 1801, 1, NULL, NULL, '', '', NULL, '', NULL, 1, 1),
(1583, 1805, 11, NULL, NULL, '', '', NULL, '', NULL, 1, 1),
(1584, 1630, NULL, 882, NULL, 'Développement d''un site web dynamique', 'PHP, mySQL, JS', '2014-07-03', 'Mme Eleine BLONDIN', NULL, 1, 1),
(1585, 1641, NULL, 881, NULL, 'Développement web dynamique', 'PHP, mySQL, JS', '2014-07-03', 'M. Grégory SCIORTINO MONACO', NULL, 1, 1),
(1586, 1848, 11, 605, NULL, 'Développement Web', 'Drupal, php, javascript', '2015-02-21', 'M. Samuel LETANG', 1, 1, 1),
(1587, 1878, 19, 605, NULL, 'Développement Web', 'Drupal, Php, Javascript', '2015-02-21', 'M. Samuel LETANG', 1, 1, 1),
(1588, 1898, 19, 605, NULL, 'Développement Web', 'Drupal, Php, Javascript', '2015-02-21', 'M. Samuel LETANG', 1, 1, 1),
(1589, 1835, 5, 798, NULL, 'Réalisation d''un interface de communication avec un Laser Doppler', 'vb.net, SQL', '2015-03-09', 'M. Eric PERRUZZA', 1, 1, 1),
(1590, 1837, 34, 535, NULL, 'Refonte du site coProcess', 'php, mysql, drupal', '2015-03-09', 'M. Jean-Paul FELIX', 1, 1, 1),
(1591, 1845, 16, 692, NULL, 'Amélioration du logiciel de gestion du personnel CERAHPERS', 'php, jquery', '2015-03-09', 'M. Laurent LANG', 1, 1, 1),
(1592, 1852, 14, 537, NULL, 'Développement d''une application JAVA', 'C#, Java, SQL', '2015-03-09', 'M. Olivier RIQUART', 1, 1, 1),
(1593, 1862, 19, 887, 172, 'Optimisation des mises à jours d''un site e-commerce', '', '2015-03-09', 'M. MUNSCH André', 1, 1, 1),
(1594, 1866, 39, 888, NULL, 'Développement d''un moteur de recherche biomédical pour l''aide à la décision clinique', 'Java', '2015-03-09', 'M. Ben Abacha Asma & M. Dinh Duy', 1, 1, 1),
(1595, 1872, 15, 889, NULL, 'Développement Web', 'Java', '2015-03-09', 'M. SHEN Tianping', 1, 1, 1),
(1596, 1877, 40, 890, NULL, 'Planning unité de production informatique', '', '2015-03-09', 'M. Dominique CURIN', 1, 1, 1),
(1597, 1881, 5, 891, 178, 'Refonte du site internet Apsal/Gesall', 'php', '2015-03-09', 'M. Xavier GUARISCO', 1, 1, 1),
(1598, 1882, 4, 21, 179, 'Migration d''un service actuellement windows vers linux', 'lazarus, json, postgresql', '2015-03-09', 'M. LEFEVRE Serge', 1, 1, 1),
(1599, 1889, 11, 892, NULL, 'Développement web', 'php, javascript, jquery, mysql', '2015-03-09', 'M. Raphaël LAURENT', 1, 1, 1),
(1600, 1888, 37, 588, NULL, 'Investigations into Quadratic Programming Solutions to Vertex Coloring and Variants', 'C++', '2015-03-09', 'M. Patrick HEALY', 1, 1, 1),
(1601, 1883, 37, 588, NULL, 'Automated Assessment of Computer Programming Assignments', 'Perl', '2015-03-23', 'M. Patrick HEALY', 1, 1, 1),
(1602, 1879, 37, 893, NULL, 'IT and Web Development Trainee', 'CRM Development, SQL Reporting', '2015-03-09', 'M. Nigel Bishop', 1, 1, 1),
(1603, 1871, 41, 894, NULL, 'Adaptation d’une application web pour mobile', 'Drupal', '2015-03-09', 'M.', 1, 1, 1),
(1604, 1904, NULL, 701, NULL, 'Développement de modules PHP', 'PHP', '2015-03-10', 'M. Cédric PONS', NULL, 1, 1),
(1605, 1906, NULL, 701, NULL, 'Développement de modules PHP', 'PHP', '2015-03-10', 'M. Cédric PONS', NULL, 1, 1),
(1606, 1914, NULL, 701, NULL, ' Développement de modules PHP', 'PHP', '2015-03-10', 'M. Cédric PONS', NULL, 1, 1),
(1607, 1916, NULL, 701, NULL, 'Développement de modules PHP', 'PHP', '2015-03-10', 'M. Cédric PONS', NULL, 1, 1),
(1608, 1920, NULL, 701, NULL, 'Développement de modules PHP', 'PHP', '2015-03-10', 'M. Cédric PONS', NULL, 1, 1),
(1609, 1929, NULL, 701, NULL, 'Développement de modules PHP', 'PHP', '2015-03-10', 'M. Cédric PONS', NULL, 1, 1),
(1610, 1925, NULL, 846, NULL, 'Développement d''une application de gestion de congés', 'Zend', '2015-03-10', 'M. Philippe GILLET', NULL, 1, 1),
(1611, 1922, NULL, 895, NULL, 'Construction d''une boutique en ligne', 'MVC, PHP', '2015-03-16', 'M. Adrien MENGE', NULL, 1, 1),
(1612, 1912, NULL, 871, NULL, 'Développement web dynamique', 'Wordpress, SEO', '2015-03-16', 'M. Sébastien KOREN', NULL, 1, 1),
(1613, 1924, NULL, 837, NULL, 'Développement web dynamique', 'PHP, REST, SEO', '2015-03-16', 'M. Johan PRAS', NULL, 1, 1),
(1614, 1911, NULL, 896, NULL, 'Développement web dynamique', 'PHP', '2015-03-16', 'M. Pierre GERVAL', NULL, 1, 1),
(1615, 1908, NULL, 837, NULL, 'Développement front-end et back-end', 'PHP, JQuery', '2015-03-16', 'M. Johan PRAS', NULL, 1, 1),
(1616, 1854, 15, 897, NULL, 'Développement ERP', 'ERP, SQL', '2015-03-16', 'M. Robert HEISE', 1, 1, 1),
(1617, 1874, 14, 885, 177, 'Développement Web', 'php, html, javascript', '2015-03-16', 'M. Hervé PIERSON', 1, 1, 1),
(1618, 1861, 5, 898, NULL, 'Connexion des machines de production au LAN production', 'bdd, statistiques', '2015-03-16', 'M. René HUBERTY', 1, 1, 1),
(1619, 1849, 16, 899, NULL, 'Développement Web', 'php, mysql, bootstrapp', '2015-03-16', 'M. Sébastien DEFAUT', 1, 1, 1),
(1620, 1892, 2, 900, NULL, 'Développement Web', 'php, mysql', '2015-03-16', 'M. BESSALEM Mohand', 1, 1, 1),
(1621, 1853, 14, 885, 169, 'Management ISO', 'html, php, javascript', '2015-03-20', 'M. Hervé PIERSON', 1, 1, 1),
(1622, 1850, 34, 901, NULL, 'Développement web', 'php, javascript, mysql', '2015-03-20', 'M. Patrice DALSTEIN', 1, 1, 1),
(1623, 1847, 34, 901, NULL, 'Développement web', 'php, javascript, mysql', '2015-03-20', 'M. Patrice DALSTEIN', 1, 1, 1),
(1624, 1833, 37, 902, NULL, 'Development of a free microwave permittivity control system', 'C++', '2015-03-23', 'M. Ian WINNINGTON', 1, 1, 1),
(1625, 1838, 37, 902, NULL, 'Development of a free microwave permittivity control system', 'C++', '2015-03-20', 'M. Ian WINNINGTON', NULL, 1, 1),
(1626, 1870, 37, 902, NULL, 'Program developer', 'C++', '2015-03-20', 'M. Ian WINNINGTON', 1, 1, 1),
(1627, 1839, 14, 130, 168, 'Création d''une interface entre SalerForce (CRM) et une application windows', 'PCSoft, Wlangage', '2015-03-20', 'M. MASSON Guillaume', 1, 1, 1),
(1628, 1859, 12, 903, NULL, 'Développement Web application de gestion des résultats d''enregistrement de contrôle en production', 'php, mysql', '2015-03-20', 'M. Norbert SCHEIBEL', 1, 1, 1),
(1629, 1886, 4, 915, NULL, 'Développement Android', 'Android', '2015-04-08', 'M. Frédéric THOMAS', 1, 1, 1),
(1651, 1887, 11, 659, 180, 'Développement application mobile', 'android', '2015-04-08', 'M. Orlando SEQUEIRA', 1, 1, 1),
(1630, 1919, NULL, 904, NULL, 'Développement d''un site de vente en ligne', 'Prestashop', '2015-03-21', 'M. Michel Della-Sala', NULL, 1, 1),
(1631, 1836, 12, 903, NULL, 'Développement Web', 'php, mysql', '2015-03-23', 'M. Norbert SCHEIBEL', 1, 1, 1),
(1632, 1884, 11, 906, NULL, 'Développement Web (logiciel d''astronomie)', 'php, mysql, ajax', '2015-03-23', 'M. Olivier NIVOIX', 1, 1, 1),
(1633, 1863, 2, 807, 173, 'Développement d''un module pour l''ERP/CRM Dolibarr service d''expédition', 'php, mysql, Jquery', '2015-03-23', 'M. Jean HEIMBURGER', 1, 1, 1),
(1634, 1857, 3, 905, NULL, 'Développement d''une base de données multi-utilisateurs', 'bdd, web', '2015-03-23', 'M. Laurent FERRY', 1, 1, 1),
(1635, 1843, 12, 671, NULL, 'Développement de Bases Notes', 'lotusscript, php, mysql', '2015-03-31', 'M. Ali BELGUENDOUZ', 1, 1, 1),
(1636, 1901, 34, 907, 182, 'Integration d''une application Web', 'php, mysql', '2015-03-31', 'M. Antoine OBERLAENDER', 1, 1, 1),
(1637, 1858, 34, 908, 171, 'Développement applicatifs métiers pour Excel et Access', 'excel, access', '2015-03-31', 'M. Jérôme SIMARD', 1, 1, 1),
(1638, 1860, 41, 352, NULL, 'Modification du logiciel de gestion des stages', 'php, mysql', '2015-03-31', 'M. Philippe LACURIE', 1, 1, 1),
(1639, 1841, 14, 885, 167, 'Développement Web', 'php, mysql, Javascript, AJAX', '2015-03-31', 'M. Hervé PIERSON', 1, 1, 1),
(1640, 1865, 15, 909, 174, 'Développement d''une application web de gestion des clients privés et judicaires', 'Java, Postgresql, Mongodb', '2015-03-31', 'M. Leszek JOZWICKI', 1, 1, 1),
(1641, 1903, NULL, 807, NULL, 'Migration d''un site e-commerce', 'OpenCart', '2015-03-31', 'M. Jean HEIMBURGER', NULL, 1, 1),
(1642, 1913, NULL, 46, NULL, 'Développement de sites web dynamiques', 'Symfony2', '2015-03-31', 'M. Brice ZOSSI', NULL, 1, 1),
(1643, 1868, 12, 910, 175, 'Conception d''une animation interactive pour el centre Transfrontalier d''Education à l''Environnement', 'php, mysql', '2015-04-02', 'M. Serge WINKELMULLER', 1, 1, 1),
(1644, 1897, 40, 911, NULL, 'Développement site internet', 'php, mysql, jquery, javascript', '2015-04-02', 'M. ENTRINGER Roberto', 1, 1, 1),
(1645, 1891, 2, 261, NULL, 'Développement Windev/Androïd', 'Windev, Android', '2015-04-02', 'M. Jérémy FORMICA', 1, 1, 1),
(1646, 1880, 4, 912, NULL, 'Programmation et integration d''une bdd dans un intranet existant', 'php, mysql', '2015-04-02', 'M. Eric SALMON', 1, 1, 1),
(1647, 1894, 4, 912, NULL, 'Programmation et integration d''une bdd dans un intranet existant', 'php, mysql', '2015-04-02', 'M. Eric SALMON', 1, 1, 1),
(1648, 1895, 41, 913, NULL, 'Recodage d''une application WEB existante', 'php, mysql', '2015-04-02', 'M. Serge BECKRICH', 1, 1, 1),
(1649, 1867, 15, 914, NULL, 'Développement Web', 'web, réseaux sociaux', '2015-04-08', 'M. Loïc SOMMACOL', 1, 1, 1),
(1650, 1873, 16, 856, 176, 'Développement Web', '4D, html, css, javascript', '2015-04-08', 'M. Jérôme LABBE', 1, 1, 1),
(1652, 1890, 2, 916, NULL, 'Développement Web', 'php, mysql', '2015-04-08', 'M. Olivier BURTAIRE', 1, 1, 1),
(1653, 1856, 39, 917, NULL, 'Développement d''une application mobile', 'android', '2015-04-09', 'M. Joseph CURATOLA', 1, 1, 1),
(1654, 1855, 40, 918, NULL, 'Développement Windev', 'windev', '2015-04-09', 'M. Lionel SUTKOWSKI', 1, 1, 1),
(1655, 1834, 3, 919, 165, 'sujet à définir', 'à définir', '2015-04-09', 'M. BASTIAN Quira', 1, 1, 1),
(1656, 1900, 41, 927, NULL, 'REALISATION DU SITE WEB DE LA PLATEFORME DE VENTE EN LIGNE REALISATION DE L''APPLI iOS ET ANDROID', 'android', '2015-06-01', 'M. ASSILAMEHOO Nikita', 1, 1, 1),
(1657, 1930, 5, NULL, NULL, '', '', '2015-05-20', '', NULL, 1, 1),
(1658, 1885, 39, 930, NULL, 'Développement d''un outil de gestion des réseaux wifi pour l''ensemble des sites de la CCIRL', 'webdev, android', '2015-06-01', 'M. PIGNATONE Frédéric', 1, 1, 1),
(1659, 1851, 39, 928, NULL, 'Développement base Access pour le service maintenance', 'access', '2015-06-01', 'M. BRUDER Stéphane', 1, 1, 1),
(1660, 1899, 16, 739, NULL, 'Développements informatiques de nouvelles fonctions du produit EMPERE. Régulation de fours de sidérurgie.', 'C#, VBA, SQL', '2015-06-01', 'M. MARTIG Martial', 1, 1, 1),
(1661, 1864, 40, 929, NULL, 'Developpement et migration d''outils d''analyse et d''aide à la prise de décisions', 'SQL, QlickView', '2015-06-01', 'M. FRANCIZOD Frédéric', 1, 1, 1),
(1662, 1931, 19, NULL, NULL, '', '', '2015-06-02', '', NULL, 1, 1),
(1663, 1932, 11, NULL, NULL, '', '', NULL, '', NULL, 1, 1),
(1664, 1893, 3, 927, NULL, 'Realisation de site web et application iOS et Android pour une société de prestation de service', 'IOS, Android', '2015-06-01', 'M. ASSILAMEHOO Nikita', 1, 1, 1),
(1665, 1896, 3, NULL, NULL, '', '', '2015-01-23', '', NULL, 1, 1),
(1666, 1844, 3, 927, NULL, 'REALISATION DE SITE WEB ET APPLICATION iOS ET ANDROID POUR UNE WEB TV', 'android', '2015-06-01', 'M. ASSILAMEHOO Nikita', 1, 1, 1),
(1667, 1921, NULL, 920, NULL, 'web développement et web design', 'wireframe, graphisme, intégration', '2015-04-15', 'M. Yannick PIEDFORT', NULL, 1, 1),
(1668, 1905, NULL, 920, NULL, 'Développement web dynamique', 'PHP, CMS', '2015-04-27', 'M. Yannick PIEDFORT', NULL, 1, 1),
(1669, 1902, NULL, 921, NULL, 'Développement web dynamique', 'PHP, CMS', '2015-04-27', 'M. Olivier MARTZEL', NULL, 1, 1),
(1670, 1917, NULL, 921, NULL, 'Développement web dynamique', 'PHP, CMS', '2015-04-27', 'M. Olivier MARTZEL', NULL, 1, 1),
(1671, 1927, NULL, 922, NULL, 'Développement web dynamique', 'CMS, PHP', '2015-04-27', 'M. Jérémy FABRE', NULL, 1, 1),
(1672, 1915, NULL, 923, NULL, 'Développement web dynamique', 'PHP', '2015-04-27', 'M. Moussa SECK', NULL, 1, 1),
(1673, 1909, NULL, 794, NULL, 'Développement web dynamique', 'PHP, JS', '2015-04-28', 'M. Stéphane QUENDERA', NULL, 1, 1),
(1674, 1926, NULL, 924, NULL, 'Développement e-commerce', 'PHP', '2015-05-05', 'M. Gérard EMPORTE', NULL, 1, 1),
(1675, 1923, NULL, 561, NULL, 'Amelioration du framework Batitrade', 'PHP, JS', '2015-05-11', 'M. Jordan USAI', NULL, 1, 1),
(1676, 1918, NULL, 925, NULL, 'Création d''un site responsive', 'Responsive designe, ASPX, PostGreSQL', '2015-05-12', 'M. Georges LONGUET', NULL, 1, 1),
(1677, 1907, NULL, 186, NULL, 'Développement d''une application web et mobile de gestion des conventions', 'Cordova, Phonegap, html, css, js, jquery, php', '2015-05-18', 'M. Pierre Laroche', NULL, 1, 1),
(1678, 1910, NULL, 926, NULL, 'Amélioration du site de l''entreprise et Web marketing', 'PHP, Web marketing', '2015-05-21', 'M. Théophile GROS', NULL, 1, 1),
(1679, 1944, 41, 462, 185, 'Automatisation de la production des jeux de tests', 'SQL server', '2015-06-17', 'M. Christophe BOUE', 1, 1, 1),
(1680, 1940, 14, 931, NULL, 'Création d''une application de suivi', 'Sharepoint, c#, VB.net', '2015-06-17', 'M. Olivier COLLIGNON', 1, 1, 1),
(1681, 1933, 4, 932, NULL, 'Développement web pour exposition virtuelle', 'javascript, html, web', '2015-06-17', 'M. Jean-Marie Linsolas', 1, 1, 1),
(1682, 1949, 12, 885, NULL, 'Développement d''une application de gestion', 'php, javascript, html', '2015-06-17', 'M. Guy BARDEAUX', 1, 1, 1),
(1683, 1943, 12, 885, NULL, 'Développement d''une application de gestion documentaire', 'php, html, javascript', '2015-06-17', 'M. Guy BARDEAUX', 1, 1, 1),
(1684, 1938, 34, 901, NULL, 'Développement web', 'php, javascript', '2015-06-17', 'M. Patric DALSTEIN', 1, 1, 1),
(1685, 1934, 15, 933, NULL, 'Développement C#, VBA', 'C#, VBA', '2015-06-17', 'M. Alexandre KROL', 1, 1, 1),
(1686, 1945, 5, 934, NULL, 'Réalisation d''un site de formation en ligne', 'php, mysl, javascript', '2015-06-17', 'M. Serge KRATZ', 1, 1, 1),
(1687, 1935, 4, 935, 183, 'Développement Web', 'CMS', '2015-06-17', 'Mme Marie-Françoise YGÉ', 1, 1, 1),
(1688, 1937, 3, 936, NULL, 'Développement prototype plateforme de consultation d''hôtels en Valais', 'php, mysql, symfony', '2015-06-17', 'M. Lucas CUCINOTTA', 1, 1, 1),
(1689, 1946, 41, 937, NULL, 'Développement d''agent dans une plateforme multi-agent (JADE)', 'agent, JADE', '2015-06-17', 'M. Djamel KHADAOUI', 1, 1, 1),
(1690, 1950, 2, 938, NULL, 'Développement d''une application mobile pour Crowdsourcing pour Musée virtuel', 'android', '2015-06-22', 'Pr. Aawatif HAYAR', 1, 1, 1),
(1691, 1936, 40, 499, NULL, 'stage à venir', 'stage à venir', '2015-08-25', 'stage à venir', NULL, 1, 1),
(1692, 1941, 2, 499, NULL, 'stage à venir', 'stage à venir', '2015-08-25', 'stage à venir', NULL, 1, 1),
(1693, 1942, 16, 499, NULL, 'stage à venir', 'stage à venir', '2015-08-25', 'stage à venir', NULL, 1, 1),
(1694, 1948, 40, 499, NULL, 'stage à venir', 'stage à venir', '2015-08-25', 'stage à venir', NULL, 1, 1),
(1695, 1939, 16, 939, NULL, 'Développement VB', 'Basic, Visual Basic', '2015-06-22', 'M. Guillaume PRINCIPATO', 1, 1, 1),
(1999, 1972, 2, NULL, NULL, ' ', ' ', '2015-10-14', ' ', NULL, 1, 1),
(2000, 1973, 5, NULL, NULL, ' ', ' ', '2015-10-14', ' ', NULL, 1, 1),
(2001, 1974, 2, NULL, NULL, ' ', ' ', '2015-10-14', ' ', NULL, 1, 1),
(2002, 1975, 3, NULL, NULL, ' ', ' ', '2015-10-14', ' ', NULL, 1, 1),
(2003, 1976, 39, NULL, NULL, ' ', ' ', '2015-10-15', ' ', NULL, 1, 1),
(2004, 1977, 16, NULL, NULL, ' ', ' ', '2015-10-14', ' ', NULL, 1, 1),
(2005, 1978, 39, NULL, NULL, ' ', ' ', '2015-10-15', ' ', NULL, 1, 1),
(2006, 1979, 16, NULL, NULL, ' ', ' ', '2015-10-15', ' ', NULL, 1, 1),
(2007, 1980, 19, NULL, NULL, ' ', ' ', '2015-10-15', ' ', NULL, 1, 1),
(2008, 1981, 19, NULL, NULL, ' ', ' ', '2015-10-15', ' ', NULL, 1, 1);

/*!40101 SET CHARACTER_SET_CLIENT=@OLD_CHARACTER_SET_CLIENT */;
/*!40101 SET CHARACTER_SET_RESULTS=@OLD_CHARACTER_SET_RESULTS */;
/*!40101 SET COLLATION_CONNECTION=@OLD_COLLATION_CONNECTION */;
